"Year","Value","Products.and.product.groups"
1976,31.1,"All-items"
1976,31.1,"Food"
1976,32.1,"Food purchased from stores"
1976,25.3,"Fresh or frozen beef"
1976,36.5,"Fresh or frozen poultry"
1976,35.7,"Fresh or frozen chicken"
1976,38.3,"Other fresh or frozen poultry"
1976,34.5,"Dairy products and eggs"
1976,33.3,"Dairy products"
1976,36.6,"Fresh milk"
1976,32.4,"Butter"
1976,33.8,"Ice cream and related products"
1976,46.3,"Eggs"
1976,30.4,"Bakery and cereal products (excluding baby food)"
1976,30.8,"Bakery products"
1976,25.8,"Breakfast cereal and other cereal products (excluding baby food)"
1976,24.7,"Flour and flour-based mixes"
1976,25.2,"Fresh fruit"
1976,19.6,"Apples"
1976,21.5,"Oranges"
1976,34.5,"Bananas"
1976,28.5,"Fresh vegetables"
1976,20.7,"Potatoes"
1976,24.1,"Tomatoes"
1976,33.2,"Lettuce"
1976,32.8,"Sugar and confectionery"
1976,38.6,"Margarine"
1976,42.5,"Other edible fats and oils"
1976,42.8,"Coffee and tea"
1976,35.2,"Tea"
1976,46.3,"Non-alcoholic beverages"
1976,30,"Food purchased from restaurants"
1976,39.5,"Rented accommodation"
1976,39.7,"Rent"
1976,28.8,"Tenants' insurance premiums"
1976,35.5,"Tenants' maintenance, repairs and other expenses"
1976,33.9,"Owned accommodation"
1976,38.4,"Mortgage interest cost"
1976,38.1,"Homeowners' replacement cost"
1976,28.2,"Property taxes and other special charges"
1976,24.2,"Homeowners' home and mortgage insurance"
1976,34.7,"Homeowners' maintenance and repairs"
1976,21.1,"Water, fuel and electricity"
1976,25.2,"Electricity"
1976,21.9,"Water"
1976,21.2,"Natural gas"
1976,19.3,"Fuel oil and other fuels"
1976,49.4,"Communications"
1976,60.1,"Telephone services"
1976,13.8,"Postal and other communications services"
1976,30.2,"Housekeeping services"
1976,36.9,"Household cleaning products"
1976,33.1,"Paper, plastic and aluminum foil supplies"
1976,45.6,"Household furnishings and equipment"
1976,44.2,"Furniture"
1976,41.6,"Area rugs and mats"
1976,42.6,"Clothing and footwear"
1976,43.3,"Children's clothing"
1976,41.4,"Footwear"
1976,36.7,"Women's footwear (excluding athletic)"
1976,35.5,"Jewellery"
1976,32.9,"Clothing material, notions and services"
1976,35.8,"Laundry services"
1976,27.7,"Dry cleaning services"
1976,25.7,"Other clothing services"
1976,27.3,"Transportation"
1976,28.9,"Private transportation"
1976,33.1,"Purchase and leasing of passenger vehicles"
1976,33.1,"Purchase of passenger vehicles"
1976,25.4,"Operation of passenger vehicles"
1976,24.9,"Gasoline"
1976,20.3,"Passenger vehicle insurance premiums"
1976,19.5,"Parking fees"
1976,35.9,"All other passenger vehicle operating expenses"
1976,16.6,"Public transportation"
1976,21.9,"Local and commuter transportation"
1976,19.6,"City bus and subway transportation"
1976,31.7,"Taxi and other local and commuter transportation services"
1976,13.6,"Inter-city transportation"
1976,12.9,"Air transportation"
1976,32.5,"Health and personal care"
1976,28.1,"Health care"
1976,25.9,"Dental care services"
1976,36.1,"Personal care"
1976,43,"Personal care supplies and equipment"
1976,45.4,"Personal soap"
1976,72.2,"Oral-hygiene products"
1976,27.8,"Personal care services"
1976,33,"Recreation, education and reading"
1976,39.2,"Recreation"
1976,29,"Other home entertainment equipment, parts and services"
1976,29.5,"Traveller accommodation"
1976,17.9,"Education"
1976,14.5,"Tuition fees"
1976,22.8,"Reading material (excluding textbooks)"
1976,23.7,"Newspapers"
1976,18.8,"Magazines and periodicals"
1976,17.8,"Alcoholic beverages, tobacco products and recreational cannabis"
1976,25.3,"Alcoholic beverages"
1976,22.8,"Beer served in licensed establishments"
1976,25.8,"Liquor served in licensed establishments"
1976,20.7,"Beer purchased from stores"
1976,25.4,"Wine purchased from stores"
1976,34.5,"Liquor purchased from stores"
1976,11.9,"Tobacco products and smokers' supplies"
1976,12,"Cigarettes"
1976,32.2,"All-items excluding eight of the most volatile components as defined by the Bank of Canada"
1976,31.5,"All-items excluding food"
1976,32.9,"All-items excluding food and energy"
1976,32.1,"All-items excluding energy"
1976,28.4,"Food and energy"
1976,23,"Energy"
1976,34.1,"Housing (1986 definition)"
1976,31.1,"Goods and services"
1976,32.6,"Goods"
1976,43.7,"Durable goods"
1976,41.8,"Semi-durable goods"
1976,27.6,"Non-durable goods"
1976,24.5,"Non-durable goods excluding food purchased from stores"
1976,33.5,"Goods excluding food purchased from stores"
1976,36.5,"Goods excluding food purchased from stores and energy"
1976,29.9,"Services"
1976,25.6,"Services excluding shelter services"
1977,33.6,"All-items"
1977,33.7,"Food"
1977,35,"Food purchased from stores"
1977,27,"Fresh or frozen beef"
1977,36.6,"Fresh or frozen poultry"
1977,36,"Fresh or frozen chicken"
1977,38.2,"Other fresh or frozen poultry"
1977,36.8,"Dairy products and eggs"
1977,35.8,"Dairy products"
1977,39,"Fresh milk"
1977,35.4,"Butter"
1977,36.3,"Ice cream and related products"
1977,46.8,"Eggs"
1977,32.4,"Bakery and cereal products (excluding baby food)"
1977,33.1,"Bakery products"
1977,26.3,"Breakfast cereal and other cereal products (excluding baby food)"
1977,26.3,"Flour and flour-based mixes"
1977,32.1,"Fresh fruit"
1977,24.9,"Apples"
1977,27.5,"Oranges"
1977,39.5,"Bananas"
1977,34.9,"Fresh vegetables"
1977,21.2,"Potatoes"
1977,32.3,"Tomatoes"
1977,40,"Lettuce"
1977,37.2,"Sugar and confectionery"
1977,42.2,"Margarine"
1977,45.5,"Other edible fats and oils"
1977,75,"Coffee and tea"
1977,48.1,"Tea"
1977,49.2,"Non-alcoholic beverages"
1977,31.9,"Food purchased from restaurants"
1977,42.1,"Rented accommodation"
1977,42.2,"Rent"
1977,31.9,"Tenants' insurance premiums"
1977,39.1,"Tenants' maintenance, repairs and other expenses"
1977,37.5,"Owned accommodation"
1977,42.7,"Mortgage interest cost"
1977,41.6,"Homeowners' replacement cost"
1977,31.6,"Property taxes and other special charges"
1977,27.7,"Homeowners' home and mortgage insurance"
1977,37.9,"Homeowners' maintenance and repairs"
1977,24.2,"Water, fuel and electricity"
1977,29.5,"Electricity"
1977,24.4,"Water"
1977,24.1,"Natural gas"
1977,22.3,"Fuel oil and other fuels"
1977,53.8,"Communications"
1977,62.9,"Telephone services"
1977,18.4,"Postal and other communications services"
1977,33.3,"Housekeeping services"
1977,39.3,"Household cleaning products"
1977,34.9,"Paper, plastic and aluminum foil supplies"
1977,48,"Household furnishings and equipment"
1977,46.6,"Furniture"
1977,42.4,"Area rugs and mats"
1977,45.5,"Clothing and footwear"
1977,47.1,"Children's clothing"
1977,44.6,"Footwear"
1977,39.7,"Women's footwear (excluding athletic)"
1977,35.5,"Jewellery"
1977,35.2,"Clothing material, notions and services"
1977,38.4,"Laundry services"
1977,29.9,"Dry cleaning services"
1977,28.3,"Other clothing services"
1977,29.2,"Transportation"
1977,30.9,"Private transportation"
1977,35.3,"Purchase and leasing of passenger vehicles"
1977,35.3,"Purchase of passenger vehicles"
1977,27.3,"Operation of passenger vehicles"
1977,27,"Gasoline"
1977,21.5,"Passenger vehicle insurance premiums"
1977,21.4,"Parking fees"
1977,37.9,"All other passenger vehicle operating expenses"
1977,17.7,"Public transportation"
1977,23.2,"Local and commuter transportation"
1977,20.6,"City bus and subway transportation"
1977,34.1,"Taxi and other local and commuter transportation services"
1977,14.5,"Inter-city transportation"
1977,13.9,"Air transportation"
1977,34.9,"Health and personal care"
1977,29.7,"Health care"
1977,27.8,"Dental care services"
1977,39.2,"Personal care"
1977,45.4,"Personal care supplies and equipment"
1977,48.8,"Personal soap"
1977,76.4,"Oral-hygiene products"
1977,30.9,"Personal care services"
1977,34.5,"Recreation, education and reading"
1977,41.2,"Recreation"
1977,31.9,"Other home entertainment equipment, parts and services"
1977,30.9,"Traveller accommodation"
1977,18.7,"Education"
1977,15.1,"Tuition fees"
1977,23.7,"Reading material (excluding textbooks)"
1977,24.1,"Newspapers"
1977,20.9,"Magazines and periodicals"
1977,19.1,"Alcoholic beverages, tobacco products and recreational cannabis"
1977,26.8,"Alcoholic beverages"
1977,24.5,"Beer served in licensed establishments"
1977,27.6,"Liquor served in licensed establishments"
1977,22.2,"Beer purchased from stores"
1977,27.3,"Wine purchased from stores"
1977,35.9,"Liquor purchased from stores"
1977,12.9,"Tobacco products and smokers' supplies"
1977,13,"Cigarettes"
1977,34.8,"All-items excluding eight of the most volatile components as defined by the Bank of Canada"
1977,34,"All-items excluding food"
1977,35.3,"All-items excluding food and energy"
1977,34.5,"All-items excluding energy"
1977,31.1,"Food and energy"
1977,25.8,"Energy"
1977,37.3,"Housing (1986 definition)"
1977,33.6,"Goods and services"
1977,35.1,"Goods"
1977,46,"Durable goods"
1977,44.5,"Semi-durable goods"
1977,29.8,"Non-durable goods"
1977,26.4,"Non-durable goods excluding food purchased from stores"
1977,35.8,"Goods excluding food purchased from stores"
1977,38.7,"Goods excluding food purchased from stores and energy"
1977,32.5,"Services"
1977,28,"Services excluding shelter services"
1978,36.6,"All-items"
1978,38.9,"Food"
1978,41.1,"Food purchased from stores"
1978,39.4,"Fresh or frozen beef"
1978,42,"Fresh or frozen poultry"
1978,41.7,"Fresh or frozen chicken"
1978,42.4,"Other fresh or frozen poultry"
1978,39.2,"Dairy products and eggs"
1978,38.4,"Dairy products"
1978,41.2,"Fresh milk"
1978,38.5,"Butter"
1978,39.9,"Ice cream and related products"
1978,47.5,"Eggs"
1978,35.2,"Bakery and cereal products (excluding baby food)"
1978,36,"Bakery products"
1978,27.8,"Breakfast cereal and other cereal products (excluding baby food)"
1978,28.5,"Flour and flour-based mixes"
1978,42.5,"Fresh fruit"
1978,34.6,"Apples"
1978,39.6,"Oranges"
1978,49.3,"Bananas"
1978,44.3,"Fresh vegetables"
1978,25.6,"Potatoes"
1978,36.8,"Tomatoes"
1978,66.9,"Lettuce"
1978,39.9,"Sugar and confectionery"
1978,48.2,"Margarine"
1978,52,"Other edible fats and oils"
1978,83.1,"Coffee and tea"
1978,60.7,"Tea"
1978,55.4,"Non-alcoholic beverages"
1978,34,"Food purchased from restaurants"
1978,44.3,"Rented accommodation"
1978,44.4,"Rent"
1978,33.1,"Tenants' insurance premiums"
1978,42,"Tenants' maintenance, repairs and other expenses"
1978,40.6,"Owned accommodation"
1978,46.1,"Mortgage interest cost"
1978,44.8,"Homeowners' replacement cost"
1978,34.5,"Property taxes and other special charges"
1978,29.9,"Homeowners' home and mortgage insurance"
1978,40.9,"Homeowners' maintenance and repairs"
1978,27.2,"Water, fuel and electricity"
1978,31.9,"Electricity"
1978,26.4,"Water"
1978,28.6,"Natural gas"
1978,25.5,"Fuel oil and other fuels"
1978,56.9,"Communications"
1978,65.2,"Telephone services"
1978,21.2,"Postal and other communications services"
1978,36.1,"Housekeeping services"
1978,42.7,"Household cleaning products"
1978,36.7,"Paper, plastic and aluminum foil supplies"
1978,50,"Household furnishings and equipment"
1978,47.7,"Furniture"
1978,43.6,"Area rugs and mats"
1978,47.3,"Clothing and footwear"
1978,49.5,"Children's clothing"
1978,46.4,"Footwear"
1978,41.1,"Women's footwear (excluding athletic)"
1978,39.4,"Jewellery"
1978,37.2,"Clothing material, notions and services"
1978,39.7,"Laundry services"
1978,31.8,"Dry cleaning services"
1978,30.9,"Other clothing services"
1978,30.9,"Transportation"
1978,32.7,"Private transportation"
1978,38.4,"Purchase and leasing of passenger vehicles"
1978,38.4,"Purchase of passenger vehicles"
1978,28.4,"Operation of passenger vehicles"
1978,28.6,"Gasoline"
1978,21.2,"Passenger vehicle insurance premiums"
1978,22.9,"Parking fees"
1978,39.5,"All other passenger vehicle operating expenses"
1978,18.5,"Public transportation"
1978,24.4,"Local and commuter transportation"
1978,21.8,"City bus and subway transportation"
1978,35.5,"Taxi and other local and commuter transportation services"
1978,15.2,"Inter-city transportation"
1978,14.5,"Air transportation"
1978,37.4,"Health and personal care"
1978,31.7,"Health care"
1978,30,"Dental care services"
1978,42.1,"Personal care"
1978,48.3,"Personal care supplies and equipment"
1978,55.4,"Personal soap"
1978,80.4,"Oral-hygiene products"
1978,33.4,"Personal care services"
1978,35.9,"Recreation, education and reading"
1978,42.6,"Recreation"
1978,36.7,"Other home entertainment equipment, parts and services"
1978,31.4,"Traveller accommodation"
1978,19.8,"Education"
1978,16.2,"Tuition fees"
1978,24.7,"Reading material (excluding textbooks)"
1978,24.9,"Newspapers"
1978,22.1,"Magazines and periodicals"
1978,20.7,"Alcoholic beverages, tobacco products and recreational cannabis"
1978,28.6,"Alcoholic beverages"
1978,27.1,"Beer served in licensed establishments"
1978,30.2,"Liquor served in licensed establishments"
1978,23.4,"Beer purchased from stores"
1978,29.1,"Wine purchased from stores"
1978,37.3,"Liquor purchased from stores"
1978,14.1,"Tobacco products and smokers' supplies"
1978,14.3,"Cigarettes"
1978,38,"All-items excluding eight of the most volatile components as defined by the Bank of Canada"
1978,36.1,"All-items excluding food"
1978,37.4,"All-items excluding food and energy"
1978,37.6,"All-items excluding energy"
1978,35.4,"Food and energy"
1978,28.2,"Energy"
1978,40.1,"Housing (1986 definition)"
1978,36.6,"Goods and services"
1978,38.6,"Goods"
1978,48.6,"Durable goods"
1978,46.3,"Semi-durable goods"
1978,33.5,"Non-durable goods"
1978,28.3,"Non-durable goods excluding food purchased from stores"
1978,37.9,"Goods excluding food purchased from stores"
1978,40.8,"Goods excluding food purchased from stores and energy"
1978,34.8,"Services"
1978,29.8,"Services excluding shelter services"
1979,40,"All-items"
1979,44,"Food"
1979,46.6,"Food purchased from stores"
1979,48.3,"Meat"
1979,51.3,"Fresh or frozen meat (excluding poultry)"
1979,51.8,"Fresh or frozen beef"
1979,50.2,"Fresh or frozen pork"
1979,47.6,"Fresh or frozen poultry"
1979,46,"Fresh or frozen chicken"
1979,51.7,"Other fresh or frozen poultry"
1979,38.9,"Fish"
1979,53.6,"Canned and other preserved fish"
1979,34.8,"Seafood and other marine products"
1979,42.7,"Dairy products and eggs"
1979,41.9,"Dairy products"
1979,44.4,"Fresh milk"
1979,42.3,"Butter"
1979,43.3,"Ice cream and related products"
1979,51.5,"Eggs"
1979,41.2,"Bakery and cereal products (excluding baby food)"
1979,42,"Bakery products"
1979,48.4,"Rice and rice-based mixes"
1979,30.4,"Breakfast cereal and other cereal products (excluding baby food)"
1979,48.5,"Pasta products"
1979,37.6,"Flour and flour-based mixes"
1979,50.6,"Fruit, fruit preparations and nuts"
1979,48.3,"Fresh fruit"
1979,34,"Apples"
1979,47.7,"Oranges"
1979,58.2,"Bananas"
1979,45.2,"Vegetables and vegetable preparations"
1979,45.3,"Fresh vegetables"
1979,25.8,"Potatoes"
1979,41.7,"Tomatoes"
1979,69.2,"Lettuce"
1979,49.3,"Canned vegetables and other vegetable preparations"
1979,46.9,"Sugar and confectionery"
1979,53.7,"Edible fats and oils"
1979,52,"Margarine"
1979,57.3,"Other edible fats and oils"
1979,81.7,"Coffee and tea"
1979,90.8,"Coffee"
1979,59.9,"Tea"
1979,39.1,"Condiments, spices and vinegars"
1979,43.1,"Other food preparations"
1979,37.4,"Soup"
1979,44.5,"Baby foods"
1979,51.3,"Frozen food preparations"
1979,60,"Non-alcoholic beverages"
1979,38.1,"Food purchased from restaurants"
1979,41,"Shelter"
1979,46.4,"Rented accommodation"
1979,46.4,"Rent"
1979,34.5,"Tenants' insurance premiums"
1979,46.9,"Tenants' maintenance, repairs and other expenses"
1979,43.1,"Owned accommodation"
1979,49,"Mortgage interest cost"
1979,46.7,"Homeowners' replacement cost"
1979,36.2,"Property taxes and other special charges"
1979,31.2,"Homeowners' home and mortgage insurance"
1979,45.5,"Homeowners' maintenance and repairs"
1979,29.8,"Water, fuel and electricity"
1979,34.6,"Electricity"
1979,28.6,"Water"
1979,30.2,"Natural gas"
1979,28.6,"Fuel oil and other fuels"
1979,48.6,"Household operations, furnishings and equipment"
1979,44.8,"Household operations"
1979,59.8,"Communications"
1979,66.9,"Telephone services"
1979,25.5,"Postal and other communications services"
1979,37,"Child care services"
1979,40.5,"Housekeeping services"
1979,46.4,"Household cleaning products"
1979,48.7,"Detergents and soaps (other than personal care)"
1979,40.6,"Paper, plastic and aluminum foil supplies"
1979,41.5,"Other horticultural goods"
1979,50.6,"Other household supplies"
1979,54.1,"Household furnishings and equipment"
1979,51.9,"Furniture and household textiles"
1979,51.7,"Furniture"
1979,58.4,"Upholstered furniture"
1979,45.7,"Wooden furniture"
1979,46.1,"Area rugs and mats"
1979,61.3,"Household equipment"
1979,70.6,"Household appliances"
1979,68,"Refrigerators and freezers"
1979,33.7,"Services related to household furnishings and equipment"
1979,51.6,"Clothing and footwear"
1979,53.6,"Children's clothing"
1979,51.8,"Footwear"
1979,46.2,"Women's footwear (excluding athletic)"
1979,65.8,"Athletic footwear"
1979,53.9,"Jewellery"
1979,40.2,"Clothing material, notions and services"
1979,57,"Clothing material and notions"
1979,41.7,"Laundry services"
1979,34.4,"Dry cleaning services"
1979,36.1,"Other clothing services"
1979,33.9,"Transportation"
1979,35.9,"Private transportation"
1979,43,"Purchase and leasing of passenger vehicles"
1979,43.1,"Purchase of passenger vehicles"
1979,41.2,"Rental of passenger vehicles"
1979,30.6,"Operation of passenger vehicles"
1979,31.4,"Gasoline"
1979,38.6,"Passenger vehicle maintenance and repair services"
1979,21.9,"Passenger vehicle insurance premiums"
1979,25.3,"Parking fees"
1979,41.9,"All other passenger vehicle operating expenses"
1979,20.2,"Public transportation"
1979,27.6,"Local and commuter transportation"
1979,25.1,"City bus and subway transportation"
1979,38.8,"Taxi and other local and commuter transportation services"
1979,16,"Inter-city transportation"
1979,15.2,"Air transportation"
1979,40.8,"Health and personal care"
1979,34.8,"Health care"
1979,30.3,"Medicinal and pharmaceutical products"
1979,44.6,"Other health care goods"
1979,33,"Dental care services"
1979,45.7,"Personal care"
1979,52.2,"Personal care supplies and equipment"
1979,64,"Personal soap"
1979,51.5,"Toiletry items and cosmetics"
1979,83.7,"Oral-hygiene products"
1979,36.5,"Personal care services"
1979,38.3,"Recreation, education and reading"
1979,45.5,"Recreation"
1979,85.3,"Recreational equipment and services (excluding recreational vehicles)"
1979,52.4,"Sporting and exercise equipment"
1979,34.5,"Purchase and operation of recreational vehicles"
1979,35.6,"Purchase of recreational vehicles and outboard motors"
1979,30.6,"Operation of recreational vehicles"
1979,94.7,"Home entertainment equipment, parts and services"
1979,41.1,"Other home entertainment equipment, parts and services"
1979,34,"Traveller accommodation"
1979,26,"Travel tours"
1979,27.3,"Video and audio subscription services"
1979,29.6,"Use of recreational facilities and services"
1979,20.7,"Education"
1979,16.7,"Tuition fees"
1979,36.5,"Other lessons, courses and education services"
1979,27.3,"Reading material (excluding textbooks)"
1979,27.1,"Newspapers"
1979,25.6,"Magazines and periodicals"
1979,22.1,"Alcoholic beverages, tobacco products and recreational cannabis"
1979,30.8,"Alcoholic beverages"
1979,31.1,"Alcoholic beverages served in licensed establishments"
1979,29.9,"Beer served in licensed establishments"
1979,32.9,"Liquor served in licensed establishments"
1979,30.9,"Alcoholic beverages purchased from stores"
1979,25.2,"Beer purchased from stores"
1979,32.1,"Wine purchased from stores"
1979,39.4,"Liquor purchased from stores"
1979,14.9,"Tobacco products and smokers' supplies"
1979,15,"Cigarettes"
1979,41.7,"All-items excluding eight of the most volatile components as defined by the Bank of Canada"
1979,39,"All-items excluding food"
1979,40.3,"All-items excluding food and energy"
1979,41,"All-items excluding energy"
1979,39.8,"Food and energy"
1979,31,"Energy"
1979,42.9,"Housing (1986 definition)"
1979,40.7,"Shelter (1986 definition)"
1979,40,"Goods and services"
1979,42.7,"Goods"
1979,53.4,"Durable goods"
1979,50.3,"Semi-durable goods"
1979,37.2,"Non-durable goods"
1979,30.8,"Non-durable goods excluding food purchased from stores"
1979,41.3,"Goods excluding food purchased from stores"
1979,44.5,"Goods excluding food purchased from stores and energy"
1979,37.2,"Services"
1979,32.2,"Services excluding shelter services"
1980,44,"All-items"
1980,48.7,"Food"
1980,51.8,"Food purchased from stores"
1980,51.3,"Meat"
1980,54.4,"Fresh or frozen meat (excluding poultry)"
1980,56.2,"Fresh or frozen beef"
1980,49,"Fresh or frozen pork"
1980,49.7,"Fresh or frozen poultry"
1980,49.5,"Fresh or frozen chicken"
1980,49.9,"Other fresh or frozen poultry"
1980,44.1,"Fish"
1980,61.1,"Canned and other preserved fish"
1980,39.6,"Seafood and other marine products"
1980,48.6,"Dairy products and eggs"
1980,47.8,"Dairy products"
1980,50.4,"Fresh milk"
1980,48.4,"Butter"
1980,50.2,"Ice cream and related products"
1980,56.9,"Eggs"
1980,47.2,"Bakery and cereal products (excluding baby food)"
1980,47.6,"Bakery products"
1980,56,"Rice and rice-based mixes"
1980,36.1,"Breakfast cereal and other cereal products (excluding baby food)"
1980,57.3,"Pasta products"
1980,44.5,"Flour and flour-based mixes"
1980,54,"Fruit, fruit preparations and nuts"
1980,50.6,"Fresh fruit"
1980,39.2,"Apples"
1980,39.9,"Oranges"
1980,69.1,"Bananas"
1980,49.5,"Vegetables and vegetable preparations"
1980,49.5,"Fresh vegetables"
1980,35,"Potatoes"
1980,42.6,"Tomatoes"
1980,67,"Lettuce"
1980,54.5,"Canned vegetables and other vegetable preparations"
1980,74.1,"Sugar and confectionery"
1980,57.5,"Edible fats and oils"
1980,56,"Margarine"
1980,60.3,"Other edible fats and oils"
1980,88.5,"Coffee and tea"
1980,99.8,"Coffee"
1980,61.5,"Tea"
1980,44.1,"Condiments, spices and vinegars"
1980,50.1,"Other food preparations"
1980,42,"Soup"
1980,50.6,"Baby foods"
1980,59,"Frozen food preparations"
1980,71.1,"Non-alcoholic beverages"
1980,41.6,"Food purchased from restaurants"
1980,44.1,"Shelter"
1980,48.6,"Rented accommodation"
1980,48.6,"Rent"
1980,37.7,"Tenants' insurance premiums"
1980,53.6,"Tenants' maintenance, repairs and other expenses"
1980,46.4,"Owned accommodation"
1980,53.9,"Mortgage interest cost"
1980,50.2,"Homeowners' replacement cost"
1980,37.3,"Property taxes and other special charges"
1980,33.6,"Homeowners' home and mortgage insurance"
1980,49,"Homeowners' maintenance and repairs"
1980,33.6,"Water, fuel and electricity"
1980,37.9,"Electricity"
1980,30.4,"Water"
1980,33.7,"Natural gas"
1980,34.4,"Fuel oil and other fuels"
1980,53,"Household operations, furnishings and equipment"
1980,49.2,"Household operations"
1980,61.4,"Communications"
1980,68.5,"Telephone services"
1980,26.8,"Postal and other communications services"
1980,40.3,"Child care services"
1980,44.4,"Housekeeping services"
1980,53.5,"Household cleaning products"
1980,56.1,"Detergents and soaps (other than personal care)"
1980,46.9,"Paper, plastic and aluminum foil supplies"
1980,46.3,"Other horticultural goods"
1980,58.2,"Other household supplies"
1980,58.5,"Household furnishings and equipment"
1980,56.3,"Furniture and household textiles"
1980,55.5,"Furniture"
1980,61.6,"Upholstered furniture"
1980,49.4,"Wooden furniture"
1980,52.4,"Area rugs and mats"
1980,66.1,"Household equipment"
1980,73.9,"Household appliances"
1980,71.1,"Refrigerators and freezers"
1980,37.4,"Services related to household furnishings and equipment"
1980,57.7,"Clothing and footwear"
1980,58.8,"Children's clothing"
1980,58.9,"Footwear"
1980,53.2,"Women's footwear (excluding athletic)"
1980,74.9,"Athletic footwear"
1980,95.4,"Jewellery"
1980,44.3,"Clothing material, notions and services"
1980,60.9,"Clothing material and notions"
1980,46.7,"Laundry services"
1980,37.7,"Dry cleaning services"
1980,41.5,"Other clothing services"
1980,38.2,"Transportation"
1980,40.4,"Private transportation"
1980,48,"Purchase and leasing of passenger vehicles"
1980,48.1,"Purchase of passenger vehicles"
1980,43.4,"Rental of passenger vehicles"
1980,34.7,"Operation of passenger vehicles"
1980,37.4,"Gasoline"
1980,43.2,"Passenger vehicle maintenance and repair services"
1980,23.1,"Passenger vehicle insurance premiums"
1980,28.1,"Parking fees"
1980,45.3,"All other passenger vehicle operating expenses"
1980,23.4,"Public transportation"
1980,29.7,"Local and commuter transportation"
1980,26.6,"City bus and subway transportation"
1980,42.6,"Taxi and other local and commuter transportation services"
1980,19.8,"Inter-city transportation"
1980,19.1,"Air transportation"
1980,44.8,"Health and personal care"
1980,38.3,"Health care"
1980,33.3,"Medicinal and pharmaceutical products"
1980,48.1,"Other health care goods"
1980,36.4,"Dental care services"
1980,50.2,"Personal care"
1980,56.9,"Personal care supplies and equipment"
1980,70.5,"Personal soap"
1980,55.8,"Toiletry items and cosmetics"
1980,89.4,"Oral-hygiene products"
1980,40.7,"Personal care services"
1980,42,"Recreation, education and reading"
1980,49.7,"Recreation"
1980,91.8,"Recreational equipment and services (excluding recreational vehicles)"
1980,57,"Sporting and exercise equipment"
1980,38.7,"Purchase and operation of recreational vehicles"
1980,39.9,"Purchase of recreational vehicles and outboard motors"
1980,34.1,"Operation of recreational vehicles"
1980,98.2,"Home entertainment equipment, parts and services"
1980,45.5,"Other home entertainment equipment, parts and services"
1980,38.4,"Traveller accommodation"
1980,31.3,"Travel tours"
1980,28.2,"Video and audio subscription services"
1980,31.6,"Use of recreational facilities and services"
1980,22.1,"Education"
1980,17.5,"Tuition fees"
1980,38.5,"Other lessons, courses and education services"
1980,30.7,"Reading material (excluding textbooks)"
1980,30.8,"Newspapers"
1980,28.6,"Magazines and periodicals"
1980,24.6,"Alcoholic beverages, tobacco products and recreational cannabis"
1980,34.5,"Alcoholic beverages"
1980,34.6,"Alcoholic beverages served in licensed establishments"
1980,33.3,"Beer served in licensed establishments"
1980,36.3,"Liquor served in licensed establishments"
1980,34.6,"Alcoholic beverages purchased from stores"
1980,28.9,"Beer purchased from stores"
1980,38.3,"Wine purchased from stores"
1980,42.3,"Liquor purchased from stores"
1980,16.4,"Tobacco products and smokers' supplies"
1980,16.4,"Cigarettes"
1980,45.7,"All-items excluding eight of the most volatile components as defined by the Bank of Canada"
1980,42.9,"All-items excluding food"
1980,44.1,"All-items excluding food and energy"
1980,45,"All-items excluding energy"
1980,44.6,"Food and energy"
1980,36,"Energy"
1980,46.4,"Housing (1986 definition)"
1980,43.9,"Shelter (1986 definition)"
1980,44,"Goods and services"
1980,47.6,"Goods"
1980,59.2,"Durable goods"
1980,55.2,"Semi-durable goods"
1980,41.8,"Non-durable goods"
1980,34.9,"Non-durable goods excluding food purchased from stores"
1980,46.2,"Goods excluding food purchased from stores"
1980,49.3,"Goods excluding food purchased from stores and energy"
1980,40.2,"Services"
1980,35.3,"Services excluding shelter services"
1981,49.5,"All-items"
1981,54.3,"Food"
1981,58,"Food purchased from stores"
1981,55.6,"Meat"
1981,57.2,"Fresh or frozen meat (excluding poultry)"
1981,57.7,"Fresh or frozen beef"
1981,57.1,"Fresh or frozen pork"
1981,57.8,"Fresh or frozen poultry"
1981,58.9,"Fresh or frozen chicken"
1981,54.1,"Other fresh or frozen poultry"
1981,49.3,"Fish"
1981,67.6,"Canned and other preserved fish"
1981,46.1,"Seafood and other marine products"
1981,55.7,"Dairy products and eggs"
1981,54.8,"Dairy products"
1981,57.9,"Fresh milk"
1981,54.9,"Butter"
1981,57.6,"Ice cream and related products"
1981,65.2,"Eggs"
1981,55.6,"Bakery and cereal products (excluding baby food)"
1981,55.7,"Bakery products"
1981,64.6,"Rice and rice-based mixes"
1981,42.1,"Breakfast cereal and other cereal products (excluding baby food)"
1981,66.6,"Pasta products"
1981,60.9,"Flour and flour-based mixes"
1981,57.5,"Fruit, fruit preparations and nuts"
1981,51.3,"Fresh fruit"
1981,36.8,"Apples"
1981,40.3,"Oranges"
1981,73.9,"Bananas"
1981,62.3,"Vegetables and vegetable preparations"
1981,64.2,"Fresh vegetables"
1981,53.8,"Potatoes"
1981,53.1,"Tomatoes"
1981,73.5,"Lettuce"
1981,64.1,"Canned vegetables and other vegetable preparations"
1981,68.5,"Sugar and confectionery"
1981,59.2,"Edible fats and oils"
1981,58.1,"Margarine"
1981,60.8,"Other edible fats and oils"
1981,84.3,"Coffee and tea"
1981,92.1,"Coffee"
1981,65.8,"Tea"
1981,50.8,"Condiments, spices and vinegars"
1981,59.5,"Other food preparations"
1981,48.5,"Soup"
1981,57.9,"Baby foods"
1981,66.3,"Frozen food preparations"
1981,82,"Non-alcoholic beverages"
1981,45.6,"Food purchased from restaurants"
1981,50,"Shelter"
1981,51.9,"Rented accommodation"
1981,51.7,"Rent"
1981,45.1,"Tenants' insurance premiums"
1981,63.5,"Tenants' maintenance, repairs and other expenses"
1981,52.3,"Owned accommodation"
1981,63.6,"Mortgage interest cost"
1981,56.8,"Homeowners' replacement cost"
1981,38.7,"Property taxes and other special charges"
1981,39.4,"Homeowners' home and mortgage insurance"
1981,54.7,"Homeowners' maintenance and repairs"
1981,41.7,"Water, fuel and electricity"
1981,41.2,"Electricity"
1981,34.3,"Water"
1981,42.9,"Natural gas"
1981,49.4,"Fuel oil and other fuels"
1981,58.6,"Household operations, furnishings and equipment"
1981,54.6,"Household operations"
1981,66,"Communications"
1981,74.5,"Telephone services"
1981,26.8,"Postal and other communications services"
1981,45,"Child care services"
1981,48.7,"Housekeeping services"
1981,61.9,"Household cleaning products"
1981,64.6,"Detergents and soaps (other than personal care)"
1981,52.2,"Paper, plastic and aluminum foil supplies"
1981,53.3,"Other horticultural goods"
1981,66.5,"Other household supplies"
1981,64,"Household furnishings and equipment"
1981,61.8,"Furniture and household textiles"
1981,59.5,"Furniture"
1981,64.5,"Upholstered furniture"
1981,53.3,"Wooden furniture"
1981,62,"Area rugs and mats"
1981,72.3,"Household equipment"
1981,79.7,"Household appliances"
1981,75.8,"Refrigerators and freezers"
1981,42.2,"Services related to household furnishings and equipment"
1981,61.8,"Clothing and footwear"
1981,63.4,"Children's clothing"
1981,63.4,"Footwear"
1981,57.4,"Women's footwear (excluding athletic)"
1981,82.3,"Athletic footwear"
1981,95.8,"Jewellery"
1981,48.3,"Clothing material, notions and services"
1981,62.4,"Clothing material and notions"
1981,52.1,"Laundry services"
1981,41.8,"Dry cleaning services"
1981,47.6,"Other clothing services"
1981,45.2,"Transportation"
1981,48,"Private transportation"
1981,53.6,"Purchase and leasing of passenger vehicles"
1981,53.6,"Purchase of passenger vehicles"
1981,48.7,"Rental of passenger vehicles"
1981,43.5,"Operation of passenger vehicles"
1981,50.9,"Gasoline"
1981,48.2,"Passenger vehicle maintenance and repair services"
1981,28.7,"Passenger vehicle insurance premiums"
1981,30.6,"Parking fees"
1981,49.8,"All other passenger vehicle operating expenses"
1981,27,"Public transportation"
1981,32.8,"Local and commuter transportation"
1981,29.3,"City bus and subway transportation"
1981,46.3,"Taxi and other local and commuter transportation services"
1981,23.4,"Inter-city transportation"
1981,22.7,"Air transportation"
1981,49.7,"Health and personal care"
1981,42.8,"Health care"
1981,38,"Medicinal and pharmaceutical products"
1981,52.8,"Other health care goods"
1981,40.5,"Dental care services"
1981,55.4,"Personal care"
1981,63.2,"Personal care supplies and equipment"
1981,74.4,"Personal soap"
1981,62.1,"Toiletry items and cosmetics"
1981,102.5,"Oral-hygiene products"
1981,44.7,"Personal care services"
1981,46.2,"Recreation, education and reading"
1981,54.8,"Recreation"
1981,99.5,"Recreational equipment and services (excluding recreational vehicles)"
1981,61.8,"Sporting and exercise equipment"
1981,43.7,"Purchase and operation of recreational vehicles"
1981,44.3,"Purchase of recreational vehicles and outboard motors"
1981,41.6,"Operation of recreational vehicles"
1981,101.2,"Home entertainment equipment, parts and services"
1981,48.9,"Other home entertainment equipment, parts and services"
1981,44.7,"Traveller accommodation"
1981,37.3,"Travel tours"
1981,29.6,"Video and audio subscription services"
1981,34,"Use of recreational facilities and services"
1981,24.1,"Education"
1981,19.2,"Tuition fees"
1981,41.7,"Other lessons, courses and education services"
1981,34,"Reading material (excluding textbooks)"
1981,34.4,"Newspapers"
1981,31.5,"Magazines and periodicals"
1981,27.8,"Alcoholic beverages, tobacco products and recreational cannabis"
1981,38.9,"Alcoholic beverages"
1981,38.9,"Alcoholic beverages served in licensed establishments"
1981,37.9,"Beer served in licensed establishments"
1981,40.4,"Liquor served in licensed establishments"
1981,39,"Alcoholic beverages purchased from stores"
1981,33.3,"Beer purchased from stores"
1981,42.9,"Wine purchased from stores"
1981,46.5,"Liquor purchased from stores"
1981,18.6,"Tobacco products and smokers' supplies"
1981,18.7,"Cigarettes"
1981,50.5,"All-items excluding eight of the most volatile components as defined by the Bank of Canada"
1981,48.4,"All-items excluding food"
1981,48.8,"All-items excluding food and energy"
1981,51.1,"All-items excluding alcoholic beverages, tobacco products and smokers' supplies and recreational cannabis"
1981,50,"All-items excluding energy"
1981,51.7,"Food and energy"
1981,57.2,"Fresh fruit and vegetables"
1981,46.8,"Energy"
1981,52.2,"Housing (1986 definition)"
1981,49.7,"Shelter (1986 definition)"
1981,49.5,"Goods and services"
1981,53.8,"Goods"
1981,64.7,"Durable goods"
1981,59.6,"Semi-durable goods"
1981,48.4,"Non-durable goods"
1981,41.9,"Non-durable goods excluding food purchased from stores"
1981,39,"Non-durable goods excluding food purchased from stores and energy"
1981,52.4,"Goods excluding food purchased from stores"
1981,54.2,"Goods excluding food purchased from stores and energy"
1981,44.9,"Services"
1981,39.6,"Services excluding shelter services"
1982,54.9,"All-items"
1982,58.2,"Food"
1982,61.7,"Food purchased from stores"
1982,58.2,"Meat"
1982,58.7,"Fresh or frozen meat (excluding poultry)"
1982,57.3,"Fresh or frozen beef"
1982,67.3,"Fresh or frozen pork"
1982,60.4,"Fresh or frozen poultry"
1982,60.4,"Fresh or frozen chicken"
1982,59.6,"Other fresh or frozen poultry"
1982,54.1,"Fish"
1982,73.9,"Canned and other preserved fish"
1982,50.3,"Seafood and other marine products"
1982,60.6,"Dairy products and eggs"
1982,60.3,"Dairy products"
1982,63.1,"Fresh milk"
1982,60.8,"Butter"
1982,61.9,"Ice cream and related products"
1982,64.4,"Eggs"
1982,58.9,"Bakery and cereal products (excluding baby food)"
1982,58.4,"Bakery products"
1982,69.2,"Rice and rice-based mixes"
1982,46.1,"Breakfast cereal and other cereal products (excluding baby food)"
1982,71.3,"Pasta products"
1982,63.9,"Flour and flour-based mixes"
1982,67.4,"Fruit, fruit preparations and nuts"
1982,62.2,"Fresh fruit"
1982,48.6,"Apples"
1982,57.2,"Oranges"
1982,72,"Bananas"
1982,62.4,"Vegetables and vegetable preparations"
1982,59.8,"Fresh vegetables"
1982,42.9,"Potatoes"
1982,52.5,"Tomatoes"
1982,86.7,"Lettuce"
1982,75.9,"Canned vegetables and other vegetable preparations"
1982,62.6,"Sugar and confectionery"
1982,60.7,"Edible fats and oils"
1982,59,"Margarine"
1982,62.6,"Other edible fats and oils"
1982,84,"Coffee and tea"
1982,91,"Coffee"
1982,67.1,"Tea"
1982,56.9,"Condiments, spices and vinegars"
1982,65.1,"Other food preparations"
1982,55.8,"Soup"
1982,64.7,"Baby foods"
1982,72.7,"Frozen food preparations"
1982,86.4,"Non-alcoholic beverages"
1982,50.2,"Food purchased from restaurants"
1982,56.8,"Shelter"
1982,56.5,"Rented accommodation"
1982,56.3,"Rent"
1982,53,"Tenants' insurance premiums"
1982,68.4,"Tenants' maintenance, repairs and other expenses"
1982,59.4,"Owned accommodation"
1982,78.2,"Mortgage interest cost"
1982,58.2,"Homeowners' replacement cost"
1982,43.7,"Property taxes and other special charges"
1982,44.7,"Homeowners' home and mortgage insurance"
1982,58.4,"Homeowners' maintenance and repairs"
1982,49.2,"Water, fuel and electricity"
1982,45.8,"Electricity"
1982,38.3,"Water"
1982,53.4,"Natural gas"
1982,60.3,"Fuel oil and other fuels"
1982,64.8,"Household operations, furnishings and equipment"
1982,62,"Household operations"
1982,78.9,"Communications"
1982,83.1,"Telephone services"
1982,46.2,"Postal and other communications services"
1982,47.9,"Child care services"
1982,53.4,"Housekeeping services"
1982,71.1,"Household cleaning products"
1982,72.7,"Detergents and soaps (other than personal care)"
1982,56.5,"Paper, plastic and aluminum foil supplies"
1982,61.5,"Other horticultural goods"
1982,74.4,"Other household supplies"
1982,69.2,"Household furnishings and equipment"
1982,66.3,"Furniture and household textiles"
1982,64.2,"Furniture"
1982,68.2,"Upholstered furniture"
1982,57.8,"Wooden furniture"
1982,65.5,"Area rugs and mats"
1982,78.3,"Household equipment"
1982,87.1,"Household appliances"
1982,83,"Refrigerators and freezers"
1982,47.3,"Services related to household furnishings and equipment"
1982,65.3,"Clothing and footwear"
1982,67.2,"Children's clothing"
1982,66.8,"Footwear"
1982,60.6,"Women's footwear (excluding athletic)"
1982,85.9,"Athletic footwear"
1982,90.1,"Jewellery"
1982,53.2,"Clothing material, notions and services"
1982,67.9,"Clothing material and notions"
1982,59.1,"Laundry services"
1982,45.4,"Dry cleaning services"
1982,53.7,"Other clothing services"
1982,51.6,"Transportation"
1982,54.4,"Private transportation"
1982,56.1,"Purchase and leasing of passenger vehicles"
1982,56.1,"Purchase of passenger vehicles"
1982,54.9,"Rental of passenger vehicles"
1982,52.1,"Operation of passenger vehicles"
1982,61.8,"Gasoline"
1982,54.1,"Passenger vehicle maintenance and repair services"
1982,36.5,"Passenger vehicle insurance premiums"
1982,33.7,"Parking fees"
1982,55.2,"All other passenger vehicle operating expenses"
1982,32.3,"Public transportation"
1982,37.5,"Local and commuter transportation"
1982,33.4,"City bus and subway transportation"
1982,53.3,"Taxi and other local and commuter transportation services"
1982,28.9,"Inter-city transportation"
1982,28.1,"Air transportation"
1982,55,"Health and personal care"
1982,47.9,"Health care"
1982,43.5,"Medicinal and pharmaceutical products"
1982,59.9,"Other health care goods"
1982,45,"Dental care services"
1982,60.6,"Personal care"
1982,70,"Personal care supplies and equipment"
1982,80.1,"Personal soap"
1982,68.7,"Toiletry items and cosmetics"
1982,112,"Oral-hygiene products"
1982,48.1,"Personal care services"
1982,50.2,"Recreation, education and reading"
1982,58.8,"Recreation"
1982,106.4,"Recreational equipment and services (excluding recreational vehicles)"
1982,66.3,"Sporting and exercise equipment"
1982,47.9,"Purchase and operation of recreational vehicles"
1982,47.9,"Purchase of recreational vehicles and outboard motors"
1982,49.2,"Operation of recreational vehicles"
1982,105.1,"Home entertainment equipment, parts and services"
1982,55.1,"Other home entertainment equipment, parts and services"
1982,52,"Traveller accommodation"
1982,38.8,"Travel tours"
1982,32.9,"Video and audio subscription services"
1982,37.6,"Use of recreational facilities and services"
1982,26.5,"Education"
1982,21.2,"Tuition fees"
1982,44.8,"Other lessons, courses and education services"
1982,38.6,"Reading material (excluding textbooks)"
1982,39,"Newspapers"
1982,36.1,"Magazines and periodicals"
1982,32.1,"Alcoholic beverages, tobacco products and recreational cannabis"
1982,45,"Alcoholic beverages"
1982,44.1,"Alcoholic beverages served in licensed establishments"
1982,43.6,"Beer served in licensed establishments"
1982,45,"Liquor served in licensed establishments"
1982,45.5,"Alcoholic beverages purchased from stores"
1982,39.8,"Beer purchased from stores"
1982,48.1,"Wine purchased from stores"
1982,53.7,"Liquor purchased from stores"
1982,21.5,"Tobacco products and smokers' supplies"
1982,21.5,"Cigarettes"
1982,54.9,"All-items excluding eight of the most volatile components as defined by the Bank of Canada"
1982,54.1,"All-items excluding food"
1982,54.1,"All-items excluding food and energy"
1982,56.5,"All-items excluding alcoholic beverages, tobacco products and smokers' supplies and recreational cannabis"
1982,54.9,"All-items excluding energy"
1982,57.3,"Food and energy"
1982,60.7,"Fresh fruit and vegetables"
1982,56,"Energy"
1982,58.7,"Housing (1986 definition)"
1982,56.5,"Shelter (1986 definition)"
1982,54.9,"Goods and services"
1982,58.9,"Goods"
1982,68.3,"Durable goods"
1982,63.5,"Semi-durable goods"
1982,54.1,"Non-durable goods"
1982,48.9,"Non-durable goods excluding food purchased from stores"
1982,44.4,"Non-durable goods excluding food purchased from stores and energy"
1982,58,"Goods excluding food purchased from stores"
1982,58.7,"Goods excluding food purchased from stores and energy"
1982,50.7,"Services"
1982,45,"Services excluding shelter services"
1983,58.1,"All-items"
1983,60.4,"Food"
1983,63.5,"Food purchased from stores"
1983,59,"Meat"
1983,58.9,"Fresh or frozen meat (excluding poultry)"
1983,57.7,"Fresh or frozen beef"
1983,66.5,"Fresh or frozen pork"
1983,62.4,"Fresh or frozen poultry"
1983,62.6,"Fresh or frozen chicken"
1983,60.7,"Other fresh or frozen poultry"
1983,56.9,"Fish"
1983,75,"Canned and other preserved fish"
1983,53,"Seafood and other marine products"
1983,63.8,"Dairy products and eggs"
1983,63.5,"Dairy products"
1983,64.7,"Fresh milk"
1983,64.9,"Butter"
1983,65.2,"Ice cream and related products"
1983,66.3,"Eggs"
1983,61.7,"Bakery and cereal products (excluding baby food)"
1983,61.3,"Bakery products"
1983,68.5,"Rice and rice-based mixes"
1983,50.8,"Breakfast cereal and other cereal products (excluding baby food)"
1983,74.9,"Pasta products"
1983,66.6,"Flour and flour-based mixes"
1983,66.3,"Fruit, fruit preparations and nuts"
1983,59.6,"Fresh fruit"
1983,44,"Apples"
1983,42.4,"Oranges"
1983,85.7,"Bananas"
1983,65.7,"Vegetables and vegetable preparations"
1983,62.7,"Fresh vegetables"
1983,48.2,"Potatoes"
1983,57.9,"Tomatoes"
1983,80.1,"Lettuce"
1983,81.2,"Canned vegetables and other vegetable preparations"
1983,65.1,"Sugar and confectionery"
1983,62.8,"Edible fats and oils"
1983,60,"Margarine"
1983,66.5,"Other edible fats and oils"
1983,83.5,"Coffee and tea"
1983,89.9,"Coffee"
1983,68.3,"Tea"
1983,61.7,"Condiments, spices and vinegars"
1983,68.2,"Other food preparations"
1983,61.4,"Soup"
1983,71.9,"Baby foods"
1983,76.6,"Frozen food preparations"
1983,84.6,"Non-alcoholic beverages"
1983,53.1,"Food purchased from restaurants"
1983,60.9,"Shelter"
1983,60.8,"Rented accommodation"
1983,60.6,"Rent"
1983,59.9,"Tenants' insurance premiums"
1983,72,"Tenants' maintenance, repairs and other expenses"
1983,63.3,"Owned accommodation"
1983,84.8,"Mortgage interest cost"
1983,58.1,"Homeowners' replacement cost"
1983,47.7,"Property taxes and other special charges"
1983,46.7,"Homeowners' home and mortgage insurance"
1983,63,"Homeowners' maintenance and repairs"
1983,53.9,"Water, fuel and electricity"
1983,49.8,"Electricity"
1983,41.5,"Water"
1983,58.8,"Natural gas"
1983,66.5,"Fuel oil and other fuels"
1983,68.3,"Household operations, furnishings and equipment"
1983,65.8,"Household operations"
1983,83.9,"Communications"
1983,88.4,"Telephone services"
1983,48.9,"Postal and other communications services"
1983,50.6,"Child care services"
1983,52.7,"Housekeeping services"
1983,75.6,"Household cleaning products"
1983,76.9,"Detergents and soaps (other than personal care)"
1983,60.8,"Paper, plastic and aluminum foil supplies"
1983,65.1,"Other horticultural goods"
1983,79.3,"Other household supplies"
1983,72.6,"Household furnishings and equipment"
1983,68.5,"Furniture and household textiles"
1983,66.5,"Furniture"
1983,69.6,"Upholstered furniture"
1983,60.1,"Wooden furniture"
1983,66.3,"Area rugs and mats"
1983,82.7,"Household equipment"
1983,91.8,"Household appliances"
1983,87.3,"Refrigerators and freezers"
1983,50.8,"Services related to household furnishings and equipment"
1983,67.9,"Clothing and footwear"
1983,67.8,"Clothing"
1983,66.7,"Women's clothing"
1983,69.4,"Men's clothing"
1983,69.9,"Children's clothing"
1983,69.1,"Footwear"
1983,63.3,"Women's footwear (excluding athletic)"
1983,89.6,"Athletic footwear"
1983,89.9,"Jewellery"
1983,56.2,"Clothing material, notions and services"
1983,70.9,"Clothing material and notions"
1983,62.5,"Laundry services"
1983,48,"Dry cleaning services"
1983,57.5,"Other clothing services"
1983,54.2,"Transportation"
1983,56.9,"Private transportation"
1983,58.4,"Purchase and leasing of passenger vehicles"
1983,58.4,"Purchase of passenger vehicles"
1983,57.8,"Rental of passenger vehicles"
1983,54.8,"Operation of passenger vehicles"
1983,65.6,"Gasoline"
1983,57,"Passenger vehicle maintenance and repair services"
1983,37.8,"Passenger vehicle insurance premiums"
1983,35.9,"Parking fees"
1983,58.6,"All other passenger vehicle operating expenses"
1983,34.5,"Public transportation"
1983,39.9,"Local and commuter transportation"
1983,35.8,"City bus and subway transportation"
1983,55.1,"Taxi and other local and commuter transportation services"
1983,30.8,"Inter-city transportation"
1983,30,"Air transportation"
1983,58.8,"Health and personal care"
1983,52,"Health care"
1983,48.4,"Medicinal and pharmaceutical products"
1983,65,"Other health care goods"
1983,48.6,"Dental care services"
1983,64.2,"Personal care"
1983,74.9,"Personal care supplies and equipment"
1983,83.3,"Personal soap"
1983,73.3,"Toiletry items and cosmetics"
1983,118.4,"Oral-hygiene products"
1983,50.3,"Personal care services"
1983,53.5,"Recreation, education and reading"
1983,62.1,"Recreation"
1983,112.1,"Recreational equipment and services (excluding recreational vehicles)"
1983,70.1,"Sporting and exercise equipment"
1983,50.9,"Purchase and operation of recreational vehicles"
1983,51,"Purchase of recreational vehicles and outboard motors"
1983,51.9,"Operation of recreational vehicles"
1983,106.8,"Home entertainment equipment, parts and services"
1983,59.7,"Other home entertainment equipment, parts and services"
1983,54.9,"Traveller accommodation"
1983,40.9,"Travel tours"
1983,36.2,"Video and audio subscription services"
1983,41.1,"Use of recreational facilities and services"
1983,29.3,"Education"
1983,23.7,"Tuition fees"
1983,48.6,"Other lessons, courses and education services"
1983,42.2,"Reading material (excluding textbooks)"
1983,41.4,"Newspapers"
1983,40.4,"Magazines and periodicals"
1983,36.1,"Alcoholic beverages, tobacco products and recreational cannabis"
1983,49.5,"Alcoholic beverages"
1983,48,"Alcoholic beverages served in licensed establishments"
1983,47.2,"Beer served in licensed establishments"
1983,49.2,"Liquor served in licensed establishments"
1983,50.4,"Alcoholic beverages purchased from stores"
1983,44.2,"Beer purchased from stores"
1983,52.6,"Wine purchased from stores"
1983,59.9,"Liquor purchased from stores"
1983,25.2,"Tobacco products and smokers' supplies"
1983,25.4,"Cigarettes"
1983,57.9,"All-items excluding eight of the most volatile components as defined by the Bank of Canada"
1983,57.6,"All-items excluding food"
1983,57.4,"All-items excluding food and energy"
1983,59.6,"All-items excluding alcoholic beverages, tobacco products and smokers' supplies and recreational cannabis"
1983,58,"All-items excluding energy"
1983,60.1,"Food and energy"
1983,60.7,"Fresh fruit and vegetables"
1983,60.4,"Energy"
1983,62.7,"Housing (1986 definition)"
1983,60.6,"Shelter (1986 definition)"
1983,58.1,"Goods and services"
1983,62.1,"Goods"
1983,71.1,"Durable goods"
1983,66.3,"Semi-durable goods"
1983,57.5,"Non-durable goods"
1983,53.3,"Non-durable goods excluding food purchased from stores"
1983,49,"Non-durable goods excluding food purchased from stores and energy"
1983,61.7,"Goods excluding food purchased from stores"
1983,62.2,"Goods excluding food purchased from stores and energy"
1983,53.9,"Services"
1983,47.7,"Services excluding shelter services"
1984,60.6,"All-items"
1984,63.7,"Food"
1984,67.3,"Food purchased from stores"
1984,61.8,"Meat"
1984,61.6,"Fresh or frozen meat (excluding poultry)"
1984,61.5,"Fresh or frozen beef"
1984,66.2,"Fresh or frozen pork"
1984,66.3,"Fresh or frozen poultry"
1984,66.7,"Fresh or frozen chicken"
1984,63.6,"Other fresh or frozen poultry"
1984,59.4,"Fish"
1984,75.3,"Canned and other preserved fish"
1984,56.1,"Seafood and other marine products"
1984,68,"Dairy products and eggs"
1984,67.7,"Dairy products"
1984,69.6,"Fresh milk"
1984,69,"Butter"
1984,68.9,"Ice cream and related products"
1984,70.7,"Eggs"
1984,65,"Bakery and cereal products (excluding baby food)"
1984,64.9,"Bakery products"
1984,68.6,"Rice and rice-based mixes"
1984,54,"Breakfast cereal and other cereal products (excluding baby food)"
1984,77.4,"Pasta products"
1984,69.6,"Flour and flour-based mixes"
1984,73.5,"Fruit, fruit preparations and nuts"
1984,68,"Fresh fruit"
1984,49.2,"Apples"
1984,66,"Oranges"
1984,81.8,"Bananas"
1984,71.6,"Vegetables and vegetable preparations"
1984,70.2,"Fresh vegetables"
1984,56.6,"Potatoes"
1984,60.8,"Tomatoes"
1984,77,"Lettuce"
1984,83.6,"Canned vegetables and other vegetable preparations"
1984,64.6,"Sugar and confectionery"
1984,71.2,"Edible fats and oils"
1984,68.1,"Margarine"
1984,75.5,"Other edible fats and oils"
1984,90.2,"Coffee and tea"
1984,95,"Coffee"
1984,78.9,"Tea"
1984,66.2,"Condiments, spices and vinegars"
1984,69.8,"Other food preparations"
1984,64.1,"Soup"
1984,71.8,"Baby foods"
1984,78.8,"Frozen food preparations"
1984,86.1,"Non-alcoholic beverages"
1984,55.3,"Food purchased from restaurants"
1984,63.3,"Shelter"
1984,63.8,"Rented accommodation"
1984,63.6,"Rent"
1984,65.1,"Tenants' insurance premiums"
1984,74.5,"Tenants' maintenance, repairs and other expenses"
1984,65.2,"Owned accommodation"
1984,85.8,"Mortgage interest cost"
1984,59.7,"Homeowners' replacement cost"
1984,50.3,"Property taxes and other special charges"
1984,49.2,"Homeowners' home and mortgage insurance"
1984,65.8,"Homeowners' maintenance and repairs"
1984,56.9,"Water, fuel and electricity"
1984,53.2,"Electricity"
1984,44.2,"Water"
1984,59.6,"Natural gas"
1984,70.8,"Fuel oil and other fuels"
1984,70.5,"Household operations, furnishings and equipment"
1984,67.7,"Household operations"
1984,85.8,"Communications"
1984,90.7,"Telephone services"
1984,49.2,"Postal and other communications services"
1984,54.1,"Child care services"
1984,53.7,"Housekeeping services"
1984,76.2,"Household cleaning products"
1984,76.8,"Detergents and soaps (other than personal care)"
1984,62.7,"Paper, plastic and aluminum foil supplies"
1984,66.7,"Other horticultural goods"
1984,82.1,"Other household supplies"
1984,75.1,"Household furnishings and equipment"
1984,71.6,"Furniture and household textiles"
1984,70.1,"Furniture"
1984,73.6,"Upholstered furniture"
1984,63.2,"Wooden furniture"
1984,68.1,"Area rugs and mats"
1984,84.6,"Household equipment"
1984,93,"Household appliances"
1984,88,"Refrigerators and freezers"
1984,53,"Services related to household furnishings and equipment"
1984,69.5,"Clothing and footwear"
1984,69.6,"Clothing"
1984,68.9,"Women's clothing"
1984,70.8,"Men's clothing"
1984,71.6,"Children's clothing"
1984,70.8,"Footwear"
1984,64.9,"Women's footwear (excluding athletic)"
1984,90.6,"Athletic footwear"
1984,89,"Jewellery"
1984,58.1,"Clothing material, notions and services"
1984,71,"Clothing material and notions"
1984,65.2,"Laundry services"
1984,50.3,"Dry cleaning services"
1984,58.7,"Other clothing services"
1984,56.5,"Transportation"
1984,59.1,"Private transportation"
1984,60.8,"Purchase and leasing of passenger vehicles"
1984,60.8,"Purchase of passenger vehicles"
1984,59.4,"Rental of passenger vehicles"
1984,56.7,"Operation of passenger vehicles"
1984,69.4,"Gasoline"
1984,58.3,"Passenger vehicle maintenance and repair services"
1984,38.1,"Passenger vehicle insurance premiums"
1984,37.8,"Parking fees"
1984,60,"All other passenger vehicle operating expenses"
1984,36.9,"Public transportation"
1984,42.6,"Local and commuter transportation"
1984,38.8,"City bus and subway transportation"
1984,56.1,"Taxi and other local and commuter transportation services"
1984,33,"Inter-city transportation"
1984,32.3,"Air transportation"
1984,61.1,"Health and personal care"
1984,54.9,"Health care"
1984,51.5,"Medicinal and pharmaceutical products"
1984,68.6,"Other health care goods"
1984,51.3,"Dental care services"
1984,65.9,"Personal care"
1984,76.9,"Personal care supplies and equipment"
1984,85.9,"Personal soap"
1984,75.4,"Toiletry items and cosmetics"
1984,117.2,"Oral-hygiene products"
1984,52,"Personal care services"
1984,55.3,"Recreation, education and reading"
1984,63.8,"Recreation"
1984,114.1,"Recreational equipment and services (excluding recreational vehicles)"
1984,71.6,"Sporting and exercise equipment"
1984,53.3,"Purchase and operation of recreational vehicles"
1984,53.6,"Purchase of recreational vehicles and outboard motors"
1984,53.7,"Operation of recreational vehicles"
1984,107.3,"Home entertainment equipment, parts and services"
1984,63,"Other home entertainment equipment, parts and services"
1984,57.2,"Traveller accommodation"
1984,40.6,"Travel tours"
1984,38.9,"Video and audio subscription services"
1984,43.7,"Use of recreational facilities and services"
1984,31,"Education"
1984,25.3,"Tuition fees"
1984,51.2,"Other lessons, courses and education services"
1984,44,"Reading material (excluding textbooks)"
1984,43,"Newspapers"
1984,42.3,"Magazines and periodicals"
1984,39.1,"Alcoholic beverages, tobacco products and recreational cannabis"
1984,52.8,"Alcoholic beverages"
1984,51.3,"Alcoholic beverages served in licensed establishments"
1984,50.2,"Beer served in licensed establishments"
1984,52.7,"Liquor served in licensed establishments"
1984,53.6,"Alcoholic beverages purchased from stores"
1984,47.3,"Beer purchased from stores"
1984,54.1,"Wine purchased from stores"
1984,64.4,"Liquor purchased from stores"
1984,28.2,"Tobacco products and smokers' supplies"
1984,28.4,"Cigarettes"
1984,62.9,"All-items excluding eight of the most volatile components as defined by the Bank of Canada and excluding the effect of changes in indirect taxes"
1984,60.2,"All-items excluding eight of the most volatile components as defined by the Bank of Canada"
1984,59.9,"All-items excluding food"
1984,59.6,"All-items excluding food and energy"
1984,62.1,"All-items excluding alcoholic beverages, tobacco products and smokers' supplies and recreational cannabis"
1984,60.4,"All-items excluding energy"
1984,63.4,"Food and energy"
1984,68.6,"Fresh fruit and vegetables"
1984,63.7,"Energy"
1984,65,"Housing (1986 definition)"
1984,63,"Shelter (1986 definition)"
1984,60.6,"Goods and services"
1984,64.9,"Goods"
1984,73.5,"Durable goods"
1984,67.9,"Semi-durable goods"
1984,60.9,"Non-durable goods"
1984,56.3,"Non-durable goods excluding food purchased from stores"
1984,51.8,"Non-durable goods excluding food purchased from stores and energy"
1984,64.3,"Goods excluding food purchased from stores"
1984,64.6,"Goods excluding food purchased from stores and energy"
1984,56,"Services"
1984,49.7,"Services excluding shelter services"
1985,63,"All-items"
1985,65.5,"Food"
1985,69,"Food purchased from stores"
1985,63.3,"Meat"
1985,63.5,"Fresh or frozen meat (excluding poultry)"
1985,63.1,"Fresh or frozen beef"
1985,67.9,"Fresh or frozen pork"
1985,57.6,"Other fresh or frozen meat (excluding poultry)"
1985,65.3,"Fresh or frozen poultry"
1985,64,"Fresh or frozen chicken"
1985,70.1,"Other fresh or frozen poultry"
1985,61.7,"Processed meat"
1985,58.5,"Ham and bacon"
1985,63.7,"Other processed meat"
1985,60.1,"Fish, seafood and other marine products"
1985,62,"Fish"
1985,55.7,"Fresh or frozen fish (including portions and fish sticks)"
1985,77.2,"Canned and other preserved fish"
1985,57.1,"Seafood and other marine products"
1985,70.3,"Dairy products and eggs"
1985,70.3,"Dairy products"
1985,72.8,"Fresh milk"
1985,70.1,"Butter"
1985,67,"Cheese"
1985,71.2,"Ice cream and related products"
1985,68.7,"Other dairy products"
1985,69.8,"Eggs"
1985,67.6,"Bakery and cereal products (excluding baby food)"
1985,67.9,"Bakery products"
1985,67.1,"Bread, rolls and buns"
1985,66.6,"Cookies and crackers"
1985,73.1,"Other bakery products"
1985,66.4,"Cereal products (excluding baby food)"
1985,70.5,"Rice and rice-based mixes"
1985,56.4,"Breakfast cereal and other cereal products (excluding baby food)"
1985,76,"Pasta products"
1985,73.9,"Flour and flour-based mixes"
1985,78.1,"Fruit, fruit preparations and nuts"
1985,72.5,"Fresh fruit"
1985,49.9,"Apples"
1985,64.2,"Oranges"
1985,89.9,"Bananas"
1985,84.9,"Other fresh fruit"
1985,87.6,"Preserved fruit and fruit preparations"
1985,98.1,"Fruit juices"
1985,70.3,"Other preserved fruit and fruit preparations"
1985,66.3,"Nuts and seeds"
1985,67,"Vegetables and vegetable preparations"
1985,62.8,"Fresh vegetables"
1985,43.3,"Potatoes"
1985,62.9,"Tomatoes"
1985,87.5,"Lettuce"
1985,69.2,"Other fresh vegetables"
1985,80.5,"Preserved vegetables and vegetable preparations"
1985,71.4,"Frozen and dried vegetables"
1985,84.9,"Canned vegetables and other vegetable preparations"
1985,75.2,"Other food products and non-alcoholic beverages"
1985,60,"Sugar and confectionery"
1985,53.7,"Sugar and syrup"
1985,64.2,"Confectionery"
1985,75.7,"Edible fats and oils"
1985,72.6,"Margarine"
1985,79.3,"Other edible fats and oils"
1985,95.2,"Coffee and tea"
1985,97.5,"Coffee"
1985,89.6,"Tea"
1985,68.5,"Condiments, spices and vinegars"
1985,70.1,"Other food preparations"
1985,65.2,"Soup"
1985,71.9,"Baby foods"
1985,81.3,"Frozen food preparations"
1985,69,"All other food preparations"
1985,91,"Non-alcoholic beverages"
1985,57.6,"Food purchased from restaurants"
1985,56.9,"Food purchased from table-service restaurants"
1985,60.1,"Food purchased from fast food and take-out restaurants"
1985,65.6,"Shelter"
1985,66.6,"Rented accommodation"
1985,66.3,"Rent"
1985,67,"Tenants' insurance premiums"
1985,79.2,"Tenants' maintenance, repairs and other expenses"
1985,66.9,"Owned accommodation"
1985,87.1,"Mortgage interest cost"
1985,61,"Homeowners' replacement cost"
1985,53.1,"Property taxes and other special charges"
1985,50.6,"Homeowners' home and mortgage insurance"
1985,68.2,"Homeowners' maintenance and repairs"
1985,59.9,"Water, fuel and electricity"
1985,55.7,"Electricity"
1985,47.2,"Water"
1985,60,"Natural gas"
1985,76.9,"Fuel oil and other fuels"
1985,72.3,"Household operations, furnishings and equipment"
1985,69.4,"Household operations"
1985,87.1,"Communications"
1985,91.7,"Telephone services"
1985,52.4,"Postal and other communications services"
1985,56.4,"Child care and housekeeping services"
1985,56.9,"Child care services"
1985,54.7,"Housekeeping services"
1985,77.4,"Household cleaning products"
1985,77.4,"Detergents and soaps (other than personal care)"
1985,77.5,"Other household cleaning products"
1985,63,"Paper, plastic and aluminum foil supplies"
1985,63.7,"Paper supplies"
1985,62.9,"Plastic and aluminum foil supplies"
1985,63,"Other household goods and services"
1985,64.8,"Pet food and supplies"
1985,58.1,"Seeds, plants and cut flowers"
1985,67.9,"Other horticultural goods"
1985,85.4,"Other household supplies"
1985,77,"Household furnishings and equipment"
1985,73.7,"Furniture and household textiles"
1985,72.7,"Furniture"
1985,76,"Upholstered furniture"
1985,65.5,"Wooden furniture"
1985,74.2,"Household textiles"
1985,68,"Window coverings"
1985,82.7,"Bedding and other household textiles"
1985,68.8,"Area rugs and mats"
1985,86.4,"Household equipment"
1985,93.6,"Household appliances"
1985,104.1,"Cooking appliances"
1985,89.5,"Refrigerators and freezers"
1985,90.4,"Laundry and dishwashing appliances"
1985,90.2,"Other household appliances"
1985,70.7,"Non-electric kitchen utensils, tableware and cookware"
1985,82.1,"Household tools (including lawn, garden and snow removal equipment)"
1985,54.8,"Services related to household furnishings and equipment"
1985,71.5,"Clothing and footwear"
1985,71.9,"Clothing"
1985,71.3,"Women's clothing"
1985,72.6,"Men's clothing"
1985,73.5,"Children's clothing"
1985,72.5,"Footwear"
1985,66.6,"Women's footwear (excluding athletic)"
1985,69.2,"Men's footwear (excluding athletic)"
1985,91.3,"Athletic footwear"
1985,80.1,"Clothing accessories, watches and jewellery"
1985,75.6,"Leather clothing accessories"
1985,80.8,"Watches"
1985,85.5,"Jewellery"
1985,60.4,"Clothing material, notions and services"
1985,72,"Clothing material and notions"
1985,67.7,"Laundry services"
1985,53.2,"Dry cleaning services"
1985,60.5,"Other clothing services"
1985,59.2,"Transportation"
1985,61.6,"Private transportation"
1985,63.9,"Purchase, leasing and rental of passenger vehicles"
1985,63.6,"Purchase and leasing of passenger vehicles"
1985,63.6,"Purchase of passenger vehicles"
1985,63.8,"Rental of passenger vehicles"
1985,59,"Operation of passenger vehicles"
1985,73.5,"Gasoline"
1985,66.8,"Passenger vehicle parts, maintenance and repairs"
1985,84,"Passenger vehicle parts, accessories and supplies"
1985,59.9,"Passenger vehicle maintenance and repair services"
1985,40.6,"Other passenger vehicle operating expenses"
1985,38.9,"Passenger vehicle insurance premiums"
1985,56.3,"Passenger vehicle registration fees"
1985,40.6,"Drivers' licences"
1985,40.3,"Parking fees"
1985,61.9,"All other passenger vehicle operating expenses"
1985,40,"Public transportation"
1985,45.2,"Local and commuter transportation"
1985,41.8,"City bus and subway transportation"
1985,57.3,"Taxi and other local and commuter transportation services"
1985,36.3,"Inter-city transportation"
1985,35.8,"Air transportation"
1985,37.8,"Rail, highway bus and other inter-city transportation"
1985,63.2,"Health and personal care"
1985,57.8,"Health care"
1985,61.4,"Health care goods"
1985,54.7,"Medicinal and pharmaceutical products"
1985,55,"Prescribed medicines (excluding medicinal cannabis)"
1985,53.4,"Non-prescribed medicines"
1985,75.3,"Eye care goods"
1985,71.3,"Other health care goods"
1985,53.4,"Health care services"
1985,54.2,"Dental care services"
1985,67.6,"Personal care"
1985,78.1,"Personal care supplies and equipment"
1985,87.9,"Personal soap"
1985,77.1,"Toiletry items and cosmetics"
1985,112.2,"Oral-hygiene products"
1985,69.1,"Other personal care supplies and equipment"
1985,54.1,"Personal care services"
1985,57.7,"Recreation, education and reading"
1985,66.3,"Recreation"
1985,115.6,"Recreational equipment and services (excluding recreational vehicles)"
1985,73.3,"Sporting and exercise equipment"
1985,80.2,"Toys, games (excluding video games) and hobby supplies"
1985,110.2,"Photographic equipment and supplies"
1985,82.5,"Recreational services"
1985,55.7,"Purchase and operation of recreational vehicles"
1985,56.4,"Purchase of recreational vehicles and outboard motors"
1985,55.5,"Operation of recreational vehicles"
1985,104.9,"Home entertainment equipment, parts and services"
1985,139.3,"Audio equipment"
1985,173.2,"Video equipment"
1985,65.9,"Other home entertainment equipment, parts and services"
1985,53.5,"Travel services"
1985,60.5,"Traveller accommodation"
1985,44.7,"Travel tours"
1985,42.8,"Other cultural and recreational services"
1985,39.6,"Spectator entertainment (excluding video and audio subscription services)"
1985,41.6,"Video and audio subscription services"
1985,46.3,"Use of recreational facilities and services"
1985,37.3,"Education and reading"
1985,33.1,"Education"
1985,27.1,"Tuition fees"
1985,53.8,"Other lessons, courses and education services"
1985,47.2,"Reading material (excluding textbooks)"
1985,45.2,"Newspapers"
1985,46.6,"Magazines and periodicals"
1985,49.7,"Books and reading material (excluding textbooks)"
1985,42.8,"Alcoholic beverages, tobacco products and recreational cannabis"
1985,55.5,"Alcoholic beverages"
1985,54.2,"Alcoholic beverages served in licensed establishments"
1985,53.7,"Beer served in licensed establishments"
1985,55.2,"Liquor served in licensed establishments"
1985,56.4,"Alcoholic beverages purchased from stores"
1985,50.8,"Beer purchased from stores"
1985,55.8,"Wine purchased from stores"
1985,67.1,"Liquor purchased from stores"
1985,33.1,"Tobacco products and smokers' supplies"
1985,33.3,"Cigarettes"
1985,65.1,"All-items excluding eight of the most volatile components as defined by the Bank of Canada and excluding the effect of changes in indirect taxes"
1985,62.4,"All-items excluding eight of the most volatile components as defined by the Bank of Canada"
1985,62.4,"All-items excluding food"
1985,62,"All-items excluding food and energy"
1985,61.9,"All-items excluding mortgage interest cost"
1985,64.3,"All-items excluding alcoholic beverages, tobacco products and smokers' supplies and recreational cannabis"
1985,63.4,"All-items excluding alcoholic beverages and recreational cannabis"
1985,63.9,"All-items excluding tobacco products and smokers' supplies and recreational cannabis"
1985,62,"All-items excluding shelter"
1985,62.7,"All-items excluding energy"
1985,65.8,"Food and energy"
1985,67.6,"Fresh fruit and vegetables"
1985,67.3,"Energy"
1985,67.3,"Housing (1986 definition)"
1985,65.4,"Shelter (1986 definition)"
1985,63,"Goods and services"
1985,67.5,"Goods"
1985,75.7,"Durable goods"
1985,69.7,"Semi-durable goods"
1985,63.6,"Non-durable goods"
1985,59.8,"Non-durable goods excluding food purchased from stores"
1985,55.2,"Non-durable goods excluding food purchased from stores and energy"
1985,67.2,"Goods excluding food purchased from stores"
1985,67.2,"Goods excluding food purchased from stores and energy"
1985,58.2,"Services"
1985,52,"Services excluding shelter services"
1986,65.6,"All-items"
1986,68.8,"Food"
1986,72.4,"Food purchased from stores"
1986,67.3,"Meat"
1986,66.7,"Fresh or frozen meat (excluding poultry)"
1986,64.4,"Fresh or frozen beef"
1986,78.9,"Fresh or frozen pork"
1986,60,"Other fresh or frozen meat (excluding poultry)"
1986,70.6,"Fresh or frozen poultry"
1986,69.7,"Fresh or frozen chicken"
1986,73,"Other fresh or frozen poultry"
1986,66.7,"Processed meat"
1986,65.7,"Ham and bacon"
1986,67,"Other processed meat"
1986,62.6,"Fish, seafood and other marine products"
1986,65.1,"Fish"
1986,59.6,"Fresh or frozen fish (including portions and fish sticks)"
1986,78.6,"Canned and other preserved fish"
1986,57.4,"Seafood and other marine products"
1986,71.4,"Dairy products and eggs"
1986,71.6,"Dairy products"
1986,73.4,"Fresh milk"
1986,72.2,"Butter"
1986,68.8,"Cheese"
1986,74.5,"Ice cream and related products"
1986,70.2,"Other dairy products"
1986,69.1,"Eggs"
1986,71.2,"Bakery and cereal products (excluding baby food)"
1986,71.6,"Bakery products"
1986,71,"Bread, rolls and buns"
1986,71,"Cookies and crackers"
1986,75.4,"Other bakery products"
1986,69.9,"Cereal products (excluding baby food)"
1986,70,"Rice and rice-based mixes"
1986,60.6,"Breakfast cereal and other cereal products (excluding baby food)"
1986,80.4,"Pasta products"
1986,78.3,"Flour and flour-based mixes"
1986,81.2,"Fruit, fruit preparations and nuts"
1986,78.7,"Fresh fruit"
1986,58.8,"Apples"
1986,64.9,"Oranges"
1986,99.7,"Bananas"
1986,90.8,"Other fresh fruit"
1986,84.7,"Preserved fruit and fruit preparations"
1986,90.9,"Fruit juices"
1986,72.9,"Other preserved fruit and fruit preparations"
1986,65.6,"Nuts and seeds"
1986,72.5,"Vegetables and vegetable preparations"
1986,69.8,"Fresh vegetables"
1986,47.9,"Potatoes"
1986,69.3,"Tomatoes"
1986,94,"Lettuce"
1986,77.6,"Other fresh vegetables"
1986,82.6,"Preserved vegetables and vegetable preparations"
1986,73.4,"Frozen and dried vegetables"
1986,87,"Canned vegetables and other vegetable preparations"
1986,79.5,"Other food products and non-alcoholic beverages"
1986,62.3,"Sugar and confectionery"
1986,55.4,"Sugar and syrup"
1986,67,"Confectionery"
1986,73,"Edible fats and oils"
1986,67.5,"Margarine"
1986,80.3,"Other edible fats and oils"
1986,108.9,"Coffee and tea"
1986,119.1,"Coffee"
1986,84.2,"Tea"
1986,73.1,"Condiments, spices and vinegars"
1986,72.4,"Other food preparations"
1986,68,"Soup"
1986,73.7,"Baby foods"
1986,82.6,"Frozen food preparations"
1986,71.2,"All other food preparations"
1986,99,"Non-alcoholic beverages"
1986,60.3,"Food purchased from restaurants"
1986,59.5,"Food purchased from table-service restaurants"
1986,62.9,"Food purchased from fast food and take-out restaurants"
1986,67.5,"Shelter"
1986,69.2,"Rented accommodation"
1986,69,"Rent"
1986,69.7,"Tenants' insurance premiums"
1986,80.7,"Tenants' maintenance, repairs and other expenses"
1986,69.5,"Owned accommodation"
1986,86.7,"Mortgage interest cost"
1986,66.4,"Homeowners' replacement cost"
1986,56.3,"Property taxes and other special charges"
1986,54.8,"Homeowners' home and mortgage insurance"
1986,70.5,"Homeowners' maintenance and repairs"
1986,58.6,"Water, fuel and electricity"
1986,57.6,"Electricity"
1986,49.6,"Water"
1986,59.8,"Natural gas"
1986,63.2,"Fuel oil and other fuels"
1986,74.5,"Household operations, furnishings and equipment"
1986,71.4,"Household operations"
1986,87.3,"Communications"
1986,91.4,"Telephone services"
1986,55.5,"Postal and other communications services"
1986,58.6,"Child care and housekeeping services"
1986,59.6,"Child care services"
1986,55.7,"Housekeeping services"
1986,80.9,"Household cleaning products"
1986,81,"Detergents and soaps (other than personal care)"
1986,81,"Other household cleaning products"
1986,64.5,"Paper, plastic and aluminum foil supplies"
1986,64.8,"Paper supplies"
1986,65.7,"Plastic and aluminum foil supplies"
1986,66.3,"Other household goods and services"
1986,70.1,"Pet food and supplies"
1986,61.4,"Seeds, plants and cut flowers"
1986,68.7,"Other horticultural goods"
1986,85.9,"Other household supplies"
1986,79.6,"Household furnishings and equipment"
1986,76.2,"Furniture and household textiles"
1986,74.9,"Furniture"
1986,77.1,"Upholstered furniture"
1986,67.9,"Wooden furniture"
1986,76.9,"Household textiles"
1986,70.2,"Window coverings"
1986,85.3,"Bedding and other household textiles"
1986,73.1,"Area rugs and mats"
1986,89,"Household equipment"
1986,95.2,"Household appliances"
1986,105.4,"Cooking appliances"
1986,91,"Refrigerators and freezers"
1986,91.5,"Laundry and dishwashing appliances"
1986,92.3,"Other household appliances"
1986,74.8,"Non-electric kitchen utensils, tableware and cookware"
1986,85.8,"Household tools (including lawn, garden and snow removal equipment)"
1986,56.8,"Services related to household furnishings and equipment"
1986,73.4,"Clothing and footwear"
1986,73.9,"Clothing"
1986,73.5,"Women's clothing"
1986,74.1,"Men's clothing"
1986,75.3,"Children's clothing"
1986,74.1,"Footwear"
1986,68.4,"Women's footwear (excluding athletic)"
1986,70.4,"Men's footwear (excluding athletic)"
1986,91.8,"Athletic footwear"
1986,82.1,"Clothing accessories, watches and jewellery"
1986,77.6,"Leather clothing accessories"
1986,83.6,"Watches"
1986,86.9,"Jewellery"
1986,62.8,"Clothing material, notions and services"
1986,73.5,"Clothing material and notions"
1986,69.8,"Laundry services"
1986,56.3,"Dry cleaning services"
1986,62.1,"Other clothing services"
1986,61,"Transportation"
1986,62.6,"Private transportation"
1986,69.2,"Purchase, leasing and rental of passenger vehicles"
1986,68.8,"Purchase and leasing of passenger vehicles"
1986,68.8,"Purchase of passenger vehicles"
1986,68.8,"Rental of passenger vehicles"
1986,57.7,"Operation of passenger vehicles"
1986,65.4,"Gasoline"
1986,68.8,"Passenger vehicle parts, maintenance and repairs"
1986,84.6,"Passenger vehicle parts, accessories and supplies"
1986,62.3,"Passenger vehicle maintenance and repair services"
1986,44.9,"Other passenger vehicle operating expenses"
1986,43.4,"Passenger vehicle insurance premiums"
1986,59.1,"Passenger vehicle registration fees"
1986,48.9,"Drivers' licences"
1986,42.6,"Parking fees"
1986,66,"All other passenger vehicle operating expenses"
1986,45.3,"Public transportation"
1986,48.9,"Local and commuter transportation"
1986,45.7,"City bus and subway transportation"
1986,60.8,"Taxi and other local and commuter transportation services"
1986,42.3,"Inter-city transportation"
1986,42.4,"Air transportation"
1986,40,"Rail, highway bus and other inter-city transportation"
1986,65.9,"Health and personal care"
1986,61,"Health care"
1986,65.3,"Health care goods"
1986,59.1,"Medicinal and pharmaceutical products"
1986,58.1,"Prescribed medicines (excluding medicinal cannabis)"
1986,60.5,"Non-prescribed medicines"
1986,77.7,"Eye care goods"
1986,78.9,"Other health care goods"
1986,56,"Health care services"
1986,56.8,"Dental care services"
1986,69.8,"Personal care"
1986,80.2,"Personal care supplies and equipment"
1986,90.9,"Personal soap"
1986,79.2,"Toiletry items and cosmetics"
1986,115.5,"Oral-hygiene products"
1986,70.7,"Other personal care supplies and equipment"
1986,56.5,"Personal care services"
1986,60.7,"Recreation, education and reading"
1986,69.6,"Recreation"
1986,118.3,"Recreational equipment and services (excluding recreational vehicles)"
1986,75.2,"Sporting and exercise equipment"
1986,82.2,"Toys, games (excluding video games) and hobby supplies"
1986,116,"Photographic equipment and supplies"
1986,84.7,"Recreational services"
1986,58.6,"Purchase and operation of recreational vehicles"
1986,60.2,"Purchase of recreational vehicles and outboard motors"
1986,56.4,"Operation of recreational vehicles"
1986,104.3,"Home entertainment equipment, parts and services"
1986,137.2,"Audio equipment"
1986,168.5,"Video equipment"
1986,69.5,"Other home entertainment equipment, parts and services"
1986,58,"Travel services"
1986,65.9,"Traveller accommodation"
1986,48,"Travel tours"
1986,45.8,"Other cultural and recreational services"
1986,42.2,"Spectator entertainment (excluding video and audio subscription services)"
1986,45.5,"Video and audio subscription services"
1986,49.2,"Use of recreational facilities and services"
1986,39.6,"Education and reading"
1986,35,"Education"
1986,28.4,"Tuition fees"
1986,57.8,"Other lessons, courses and education services"
1986,50.4,"Reading material (excluding textbooks)"
1986,48.4,"Newspapers"
1986,49.6,"Magazines and periodicals"
1986,53.1,"Books and reading material (excluding textbooks)"
1986,47.9,"Alcoholic beverages, tobacco products and recreational cannabis"
1986,60.4,"Alcoholic beverages"
1986,58.6,"Alcoholic beverages served in licensed establishments"
1986,57.8,"Beer served in licensed establishments"
1986,58.6,"Liquor served in licensed establishments"
1986,61.5,"Alcoholic beverages purchased from stores"
1986,55.3,"Beer purchased from stores"
1986,63,"Wine purchased from stores"
1986,71.6,"Liquor purchased from stores"
1986,38.8,"Tobacco products and smokers' supplies"
1986,39.1,"Cigarettes"
1986,68,"All-items excluding eight of the most volatile components as defined by the Bank of Canada and excluding the effect of changes in indirect taxes"
1986,65.6,"All-items excluding eight of the most volatile components as defined by the Bank of Canada"
1986,64.9,"All-items excluding food"
1986,65.3,"All-items excluding food and energy"
1986,64.6,"All-items excluding mortgage interest cost"
1986,66.6,"All-items excluding alcoholic beverages, tobacco products and smokers' supplies and recreational cannabis"
1986,65.9,"All-items excluding alcoholic beverages and recreational cannabis"
1986,66.3,"All-items excluding tobacco products and smokers' supplies and recreational cannabis"
1986,64.9,"All-items excluding shelter"
1986,65.9,"All-items excluding energy"
1986,66.7,"Food and energy"
1986,74.3,"Fresh fruit and vegetables"
1986,62.5,"Energy"
1986,69.4,"Housing (1986 definition)"
1986,67.3,"Shelter (1986 definition)"
1986,65.6,"Goods and services"
1986,69.8,"Goods"
1986,79.5,"Durable goods"
1986,71.6,"Semi-durable goods"
1986,65.5,"Non-durable goods"
1986,60.6,"Non-durable goods excluding food purchased from stores"
1986,59.8,"Non-durable goods excluding food purchased from stores and energy"
1986,69,"Goods excluding food purchased from stores"
1986,70.9,"Goods excluding food purchased from stores and energy"
1986,61.2,"Services"
1986,55.3,"Services excluding shelter services"
1987,68.5,"All-items"
1987,71.8,"Food"
1987,75.7,"Food purchased from stores"
1987,72.7,"Meat"
1987,72.7,"Fresh or frozen meat (excluding poultry)"
1987,70.3,"Fresh or frozen beef"
1987,85.9,"Fresh or frozen pork"
1987,64.6,"Other fresh or frozen meat (excluding poultry)"
1987,74.4,"Fresh or frozen poultry"
1987,73.9,"Fresh or frozen chicken"
1987,74.8,"Other fresh or frozen poultry"
1987,71.8,"Processed meat"
1987,71.1,"Ham and bacon"
1987,71.9,"Other processed meat"
1987,68.6,"Fish, seafood and other marine products"
1987,72.4,"Fish"
1987,67.1,"Fresh or frozen fish (including portions and fish sticks)"
1987,85.6,"Canned and other preserved fish"
1987,59,"Seafood and other marine products"
1987,72.7,"Dairy products and eggs"
1987,73.3,"Dairy products"
1987,74.6,"Fresh milk"
1987,73.4,"Butter"
1987,71.2,"Cheese"
1987,75.2,"Ice cream and related products"
1987,71.8,"Other dairy products"
1987,67.4,"Eggs"
1987,73.1,"Bakery and cereal products (excluding baby food)"
1987,73.5,"Bakery products"
1987,73.2,"Bread, rolls and buns"
1987,74.4,"Cookies and crackers"
1987,74.1,"Other bakery products"
1987,71.9,"Cereal products (excluding baby food)"
1987,69.5,"Rice and rice-based mixes"
1987,64.1,"Breakfast cereal and other cereal products (excluding baby food)"
1987,83.4,"Pasta products"
1987,78.9,"Flour and flour-based mixes"
1987,82,"Fruit, fruit preparations and nuts"
1987,78.5,"Fresh fruit"
1987,61.1,"Apples"
1987,65,"Oranges"
1987,93.1,"Bananas"
1987,90.2,"Other fresh fruit"
1987,87.6,"Preserved fruit and fruit preparations"
1987,94.4,"Fruit juices"
1987,74.8,"Other preserved fruit and fruit preparations"
1987,73.5,"Nuts and seeds"
1987,80.4,"Vegetables and vegetable preparations"
1987,77.5,"Fresh vegetables"
1987,58.3,"Potatoes"
1987,68.3,"Tomatoes"
1987,104.5,"Lettuce"
1987,86.6,"Other fresh vegetables"
1987,91.3,"Preserved vegetables and vegetable preparations"
1987,84.9,"Frozen and dried vegetables"
1987,94.7,"Canned vegetables and other vegetable preparations"
1987,80.2,"Other food products and non-alcoholic beverages"
1987,63.2,"Sugar and confectionery"
1987,55.5,"Sugar and syrup"
1987,68.5,"Confectionery"
1987,70.3,"Edible fats and oils"
1987,64.2,"Margarine"
1987,78.4,"Other edible fats and oils"
1987,96.6,"Coffee and tea"
1987,104.1,"Coffee"
1987,78.4,"Tea"
1987,78.3,"Condiments, spices and vinegars"
1987,76.4,"Other food preparations"
1987,73.6,"Soup"
1987,76,"Baby foods"
1987,83.6,"Frozen food preparations"
1987,75.5,"All other food preparations"
1987,101,"Non-alcoholic beverages"
1987,62.8,"Food purchased from restaurants"
1987,62.1,"Food purchased from table-service restaurants"
1987,65.2,"Food purchased from fast food and take-out restaurants"
1987,70.5,"Shelter"
1987,71.7,"Rented accommodation"
1987,71.6,"Rent"
1987,71.6,"Tenants' insurance premiums"
1987,78.7,"Tenants' maintenance, repairs and other expenses"
1987,73.8,"Owned accommodation"
1987,87.7,"Mortgage interest cost"
1987,76.3,"Homeowners' replacement cost"
1987,59.9,"Property taxes and other special charges"
1987,63,"Homeowners' home and mortgage insurance"
1987,72.2,"Homeowners' maintenance and repairs"
1987,58.8,"Water, fuel and electricity"
1987,60,"Electricity"
1987,49.6,"Water"
1987,58.5,"Natural gas"
1987,60.1,"Fuel oil and other fuels"
1987,76.7,"Household operations, furnishings and equipment"
1987,73.1,"Household operations"
1987,85.3,"Communications"
1987,88.8,"Telephone services"
1987,58.4,"Postal and other communications services"
1987,62.4,"Child care and housekeeping services"
1987,63.6,"Child care services"
1987,58.8,"Housekeeping services"
1987,83.6,"Household cleaning products"
1987,84.1,"Detergents and soaps (other than personal care)"
1987,83.4,"Other household cleaning products"
1987,66.8,"Paper, plastic and aluminum foil supplies"
1987,66.9,"Paper supplies"
1987,68.4,"Plastic and aluminum foil supplies"
1987,69.1,"Other household goods and services"
1987,72.6,"Pet food and supplies"
1987,64.6,"Seeds, plants and cut flowers"
1987,70,"Other horticultural goods"
1987,89.1,"Other household supplies"
1987,82.3,"Household furnishings and equipment"
1987,79.1,"Furniture and household textiles"
1987,77.8,"Furniture"
1987,80.7,"Upholstered furniture"
1987,70.4,"Wooden furniture"
1987,79.7,"Household textiles"
1987,72.4,"Window coverings"
1987,87.8,"Bedding and other household textiles"
1987,78.6,"Area rugs and mats"
1987,91.7,"Household equipment"
1987,96.6,"Household appliances"
1987,105.3,"Cooking appliances"
1987,92.6,"Refrigerators and freezers"
1987,92.4,"Laundry and dishwashing appliances"
1987,95,"Other household appliances"
1987,78.1,"Non-electric kitchen utensils, tableware and cookware"
1987,89.7,"Household tools (including lawn, garden and snow removal equipment)"
1987,59.2,"Services related to household furnishings and equipment"
1987,76.5,"Clothing and footwear"
1987,76.8,"Clothing"
1987,76.5,"Women's clothing"
1987,77.2,"Men's clothing"
1987,77.7,"Children's clothing"
1987,77.1,"Footwear"
1987,72,"Women's footwear (excluding athletic)"
1987,73.6,"Men's footwear (excluding athletic)"
1987,93.1,"Athletic footwear"
1987,86.1,"Clothing accessories, watches and jewellery"
1987,79.1,"Leather clothing accessories"
1987,88.3,"Watches"
1987,93.9,"Jewellery"
1987,65.6,"Clothing material, notions and services"
1987,75.8,"Clothing material and notions"
1987,72.5,"Laundry services"
1987,59.2,"Dry cleaning services"
1987,64.1,"Other clothing services"
1987,63.3,"Transportation"
1987,64.8,"Private transportation"
1987,70.5,"Purchase, leasing and rental of passenger vehicles"
1987,70.2,"Purchase and leasing of passenger vehicles"
1987,70.2,"Purchase of passenger vehicles"
1987,68.4,"Rental of passenger vehicles"
1987,60.5,"Operation of passenger vehicles"
1987,68.5,"Gasoline"
1987,70.9,"Passenger vehicle parts, maintenance and repairs"
1987,85.8,"Passenger vehicle parts, accessories and supplies"
1987,64.8,"Passenger vehicle maintenance and repair services"
1987,47.6,"Other passenger vehicle operating expenses"
1987,45.9,"Passenger vehicle insurance premiums"
1987,61,"Passenger vehicle registration fees"
1987,61.9,"Drivers' licences"
1987,45.6,"Parking fees"
1987,70.4,"All other passenger vehicle operating expenses"
1987,47,"Public transportation"
1987,51.2,"Local and commuter transportation"
1987,47.6,"City bus and subway transportation"
1987,64.9,"Taxi and other local and commuter transportation services"
1987,43.6,"Inter-city transportation"
1987,43.8,"Air transportation"
1987,41.2,"Rail, highway bus and other inter-city transportation"
1987,69.3,"Health and personal care"
1987,65,"Health care"
1987,70.9,"Health care goods"
1987,65.3,"Medicinal and pharmaceutical products"
1987,64,"Prescribed medicines (excluding medicinal cannabis)"
1987,67.1,"Non-prescribed medicines"
1987,81.5,"Eye care goods"
1987,83.1,"Other health care goods"
1987,58.3,"Health care services"
1987,59.1,"Dental care services"
1987,72.7,"Personal care"
1987,83.2,"Personal care supplies and equipment"
1987,92.1,"Personal soap"
1987,81.7,"Toiletry items and cosmetics"
1987,127.9,"Oral-hygiene products"
1987,72.9,"Other personal care supplies and equipment"
1987,59,"Personal care services"
1987,63.7,"Recreation, education and reading"
1987,72.7,"Recreation"
1987,122.6,"Recreational equipment and services (excluding recreational vehicles)"
1987,78.2,"Sporting and exercise equipment"
1987,84.9,"Toys, games (excluding video games) and hobby supplies"
1987,124.9,"Photographic equipment and supplies"
1987,88.2,"Recreational services"
1987,62.3,"Purchase and operation of recreational vehicles"
1987,64.2,"Purchase of recreational vehicles and outboard motors"
1987,59.8,"Operation of recreational vehicles"
1987,105.9,"Home entertainment equipment, parts and services"
1987,137.1,"Audio equipment"
1987,166.5,"Video equipment"
1987,71.9,"Other home entertainment equipment, parts and services"
1987,59.9,"Travel services"
1987,67.4,"Traveller accommodation"
1987,50.5,"Travel tours"
1987,49.1,"Other cultural and recreational services"
1987,45.2,"Spectator entertainment (excluding video and audio subscription services)"
1987,48.9,"Video and audio subscription services"
1987,52.9,"Use of recreational facilities and services"
1987,42.1,"Education and reading"
1987,36.8,"Education"
1987,29.8,"Tuition fees"
1987,59.7,"Other lessons, courses and education services"
1987,54.3,"Reading material (excluding textbooks)"
1987,51.3,"Newspapers"
1987,53.4,"Magazines and periodicals"
1987,58.7,"Books and reading material (excluding textbooks)"
1987,51.1,"Alcoholic beverages, tobacco products and recreational cannabis"
1987,63.7,"Alcoholic beverages"
1987,62.3,"Alcoholic beverages served in licensed establishments"
1987,61.7,"Beer served in licensed establishments"
1987,61.7,"Liquor served in licensed establishments"
1987,64.7,"Alcoholic beverages purchased from stores"
1987,58.3,"Beer purchased from stores"
1987,67.1,"Wine purchased from stores"
1987,74.7,"Liquor purchased from stores"
1987,42.1,"Tobacco products and smokers' supplies"
1987,42.4,"Cigarettes"
1987,71,"All-items excluding eight of the most volatile components as defined by the Bank of Canada and excluding the effect of changes in indirect taxes"
1987,68.6,"All-items excluding eight of the most volatile components as defined by the Bank of Canada"
1987,67.7,"All-items excluding food"
1987,68.3,"All-items excluding food and energy"
1987,67.6,"All-items excluding mortgage interest cost"
1987,69.4,"All-items excluding alcoholic beverages, tobacco products and smokers' supplies and recreational cannabis"
1987,68.7,"All-items excluding alcoholic beverages and recreational cannabis"
1987,69.1,"All-items excluding tobacco products and smokers' supplies and recreational cannabis"
1987,67.7,"All-items excluding shelter"
1987,68.9,"All-items excluding energy"
1987,69.3,"Food and energy"
1987,78.1,"Fresh fruit and vegetables"
1987,64.1,"Energy"
1987,72.1,"Housing (1986 definition)"
1987,70.3,"Shelter (1986 definition)"
1987,68.5,"Goods and services"
1987,72.6,"Goods"
1987,82,"Durable goods"
1987,74.5,"Semi-durable goods"
1987,68.4,"Non-durable goods"
1987,63.3,"Non-durable goods excluding food purchased from stores"
1987,63.1,"Non-durable goods excluding food purchased from stores and energy"
1987,71.7,"Goods excluding food purchased from stores"
1987,73.9,"Goods excluding food purchased from stores and energy"
1987,64.1,"Services"
1987,57.6,"Services excluding shelter services"
1988,71.2,"All-items"
1988,73.7,"Food"
1988,77.2,"Food purchased from stores"
1988,72.9,"Meat"
1988,72.9,"Fresh or frozen meat (excluding poultry)"
1988,71.4,"Fresh or frozen beef"
1988,81.7,"Fresh or frozen pork"
1988,67.7,"Other fresh or frozen meat (excluding poultry)"
1988,75.1,"Fresh or frozen poultry"
1988,74.9,"Fresh or frozen chicken"
1988,74.3,"Other fresh or frozen poultry"
1988,71.5,"Processed meat"
1988,67.6,"Ham and bacon"
1988,73.8,"Other processed meat"
1988,74.4,"Fish, seafood and other marine products"
1988,78.5,"Fish"
1988,71.9,"Fresh or frozen fish (including portions and fish sticks)"
1988,95,"Canned and other preserved fish"
1988,64,"Seafood and other marine products"
1988,75.4,"Dairy products and eggs"
1988,75.9,"Dairy products"
1988,77.7,"Fresh milk"
1988,74.9,"Butter"
1988,73.4,"Cheese"
1988,77.8,"Ice cream and related products"
1988,74.8,"Other dairy products"
1988,69.9,"Eggs"
1988,75.6,"Bakery and cereal products (excluding baby food)"
1988,75.6,"Bakery products"
1988,74.8,"Bread, rolls and buns"
1988,78.1,"Cookies and crackers"
1988,75.9,"Other bakery products"
1988,75.2,"Cereal products (excluding baby food)"
1988,78.6,"Rice and rice-based mixes"
1988,68.2,"Breakfast cereal and other cereal products (excluding baby food)"
1988,85.8,"Pasta products"
1988,81,"Flour and flour-based mixes"
1988,85.6,"Fruit, fruit preparations and nuts"
1988,80.7,"Fresh fruit"
1988,62.5,"Apples"
1988,70.5,"Oranges"
1988,98.7,"Bananas"
1988,90.2,"Other fresh fruit"
1988,93.8,"Preserved fruit and fruit preparations"
1988,103.8,"Fruit juices"
1988,76.8,"Other preserved fruit and fruit preparations"
1988,72.6,"Nuts and seeds"
1988,78.7,"Vegetables and vegetable preparations"
1988,74.7,"Fresh vegetables"
1988,54.4,"Potatoes"
1988,70.3,"Tomatoes"
1988,101.4,"Lettuce"
1988,82.9,"Other fresh vegetables"
1988,92.1,"Preserved vegetables and vegetable preparations"
1988,79.7,"Frozen and dried vegetables"
1988,98,"Canned vegetables and other vegetable preparations"
1988,81.6,"Other food products and non-alcoholic beverages"
1988,67,"Sugar and confectionery"
1988,60.5,"Sugar and syrup"
1988,71.3,"Confectionery"
1988,73.5,"Edible fats and oils"
1988,69.6,"Margarine"
1988,79.9,"Other edible fats and oils"
1988,89,"Coffee and tea"
1988,94.5,"Coffee"
1988,75.7,"Tea"
1988,81.6,"Condiments, spices and vinegars"
1988,78.3,"Other food preparations"
1988,77.7,"Soup"
1988,78.8,"Baby foods"
1988,86.2,"Frozen food preparations"
1988,76.2,"All other food preparations"
1988,103.3,"Non-alcoholic beverages"
1988,65.7,"Food purchased from restaurants"
1988,65,"Food purchased from table-service restaurants"
1988,67.9,"Food purchased from fast food and take-out restaurants"
1988,73.8,"Shelter"
1988,74.5,"Rented accommodation"
1988,74.4,"Rent"
1988,72.5,"Tenants' insurance premiums"
1988,80.1,"Tenants' maintenance, repairs and other expenses"
1988,77.9,"Owned accommodation"
1988,90.7,"Mortgage interest cost"
1988,83,"Homeowners' replacement cost"
1988,63.8,"Property taxes and other special charges"
1988,68.3,"Homeowners' home and mortgage insurance"
1988,73.9,"Homeowners' maintenance and repairs"
1988,60.4,"Water, fuel and electricity"
1988,62.3,"Electricity"
1988,53,"Water"
1988,57.5,"Natural gas"
1988,61.9,"Fuel oil and other fuels"
1988,79.6,"Household operations, furnishings and equipment"
1988,76.1,"Household operations"
1988,85.9,"Communications"
1988,88.7,"Telephone services"
1988,62.1,"Postal and other communications services"
1988,66.6,"Child care and housekeeping services"
1988,68,"Child care services"
1988,62.5,"Housekeeping services"
1988,87.6,"Household cleaning products"
1988,87.2,"Detergents and soaps (other than personal care)"
1988,88.1,"Other household cleaning products"
1988,69.8,"Paper, plastic and aluminum foil supplies"
1988,68.5,"Paper supplies"
1988,76.5,"Plastic and aluminum foil supplies"
1988,72.9,"Other household goods and services"
1988,76.9,"Pet food and supplies"
1988,68,"Seeds, plants and cut flowers"
1988,71.7,"Other horticultural goods"
1988,93.2,"Other household supplies"
1988,85.2,"Household furnishings and equipment"
1988,82.5,"Furniture and household textiles"
1988,80.8,"Furniture"
1988,83.6,"Upholstered furniture"
1988,74,"Wooden furniture"
1988,84,"Household textiles"
1988,77.3,"Window coverings"
1988,92.3,"Bedding and other household textiles"
1988,81.6,"Area rugs and mats"
1988,93.7,"Household equipment"
1988,97.4,"Household appliances"
1988,106.7,"Cooking appliances"
1988,93.1,"Refrigerators and freezers"
1988,93.3,"Laundry and dishwashing appliances"
1988,95.3,"Other household appliances"
1988,80.2,"Non-electric kitchen utensils, tableware and cookware"
1988,92.9,"Household tools (including lawn, garden and snow removal equipment)"
1988,61.8,"Services related to household furnishings and equipment"
1988,80.5,"Clothing and footwear"
1988,81,"Clothing"
1988,80.7,"Women's clothing"
1988,81.5,"Men's clothing"
1988,81.5,"Children's clothing"
1988,80.5,"Footwear"
1988,74.8,"Women's footwear (excluding athletic)"
1988,77,"Men's footwear (excluding athletic)"
1988,96.9,"Athletic footwear"
1988,89.7,"Clothing accessories, watches and jewellery"
1988,83,"Leather clothing accessories"
1988,93.3,"Watches"
1988,96.6,"Jewellery"
1988,68.9,"Clothing material, notions and services"
1988,79.3,"Clothing material and notions"
1988,74.7,"Laundry services"
1988,62.8,"Dry cleaning services"
1988,66.7,"Other clothing services"
1988,64.5,"Transportation"
1988,67,"Private transportation"
1988,73.5,"Purchase, leasing and rental of passenger vehicles"
1988,73.2,"Purchase and leasing of passenger vehicles"
1988,73.2,"Purchase of passenger vehicles"
1988,71.4,"Rental of passenger vehicles"
1988,62.2,"Operation of passenger vehicles"
1988,67.9,"Gasoline"
1988,73.6,"Passenger vehicle parts, maintenance and repairs"
1988,87.9,"Passenger vehicle parts, accessories and supplies"
1988,67.5,"Passenger vehicle maintenance and repair services"
1988,51.4,"Other passenger vehicle operating expenses"
1988,49.8,"Passenger vehicle insurance premiums"
1988,62.2,"Passenger vehicle registration fees"
1988,68.7,"Drivers' licences"
1988,48.7,"Parking fees"
1988,74.6,"All other passenger vehicle operating expenses"
1988,44,"Public transportation"
1988,54.1,"Local and commuter transportation"
1988,50.7,"City bus and subway transportation"
1988,67.7,"Taxi and other local and commuter transportation services"
1988,37.9,"Inter-city transportation"
1988,36.7,"Air transportation"
1988,42.6,"Rail, highway bus and other inter-city transportation"
1988,72.3,"Health and personal care"
1988,69,"Health care"
1988,76.5,"Health care goods"
1988,71.8,"Medicinal and pharmaceutical products"
1988,70.7,"Prescribed medicines (excluding medicinal cannabis)"
1988,72.5,"Non-prescribed medicines"
1988,84.8,"Eye care goods"
1988,85.7,"Other health care goods"
1988,60.9,"Health care services"
1988,61.7,"Dental care services"
1988,74.9,"Personal care"
1988,84.6,"Personal care supplies and equipment"
1988,93.8,"Personal soap"
1988,83.4,"Toiletry items and cosmetics"
1988,126.3,"Oral-hygiene products"
1988,74.4,"Other personal care supplies and equipment"
1988,62.2,"Personal care services"
1988,67.3,"Recreation, education and reading"
1988,76.9,"Recreation"
1988,127.6,"Recreational equipment and services (excluding recreational vehicles)"
1988,82.3,"Sporting and exercise equipment"
1988,88.8,"Toys, games (excluding video games) and hobby supplies"
1988,129.7,"Photographic equipment and supplies"
1988,91.3,"Recreational services"
1988,66.4,"Purchase and operation of recreational vehicles"
1988,68.6,"Purchase of recreational vehicles and outboard motors"
1988,63.1,"Operation of recreational vehicles"
1988,108.7,"Home entertainment equipment, parts and services"
1988,139.7,"Audio equipment"
1988,163.3,"Video equipment"
1988,75.1,"Other home entertainment equipment, parts and services"
1988,63.1,"Travel services"
1988,71.3,"Traveller accommodation"
1988,52.9,"Travel tours"
1988,53.3,"Other cultural and recreational services"
1988,48.8,"Spectator entertainment (excluding video and audio subscription services)"
1988,53.9,"Video and audio subscription services"
1988,57.2,"Use of recreational facilities and services"
1988,44.4,"Education and reading"
1988,38.8,"Education"
1988,31.5,"Tuition fees"
1988,62.4,"Other lessons, courses and education services"
1988,57.4,"Reading material (excluding textbooks)"
1988,54.9,"Newspapers"
1988,55.7,"Magazines and periodicals"
1988,61.4,"Books and reading material (excluding textbooks)"
1988,54.9,"Alcoholic beverages, tobacco products and recreational cannabis"
1988,68.1,"Alcoholic beverages"
1988,66.5,"Alcoholic beverages served in licensed establishments"
1988,66.2,"Beer served in licensed establishments"
1988,65.7,"Liquor served in licensed establishments"
1988,69.2,"Alcoholic beverages purchased from stores"
1988,63.4,"Beer purchased from stores"
1988,70.7,"Wine purchased from stores"
1988,79.2,"Liquor purchased from stores"
1988,45.5,"Tobacco products and smokers' supplies"
1988,45.9,"Cigarettes"
1988,74,"All-items excluding eight of the most volatile components as defined by the Bank of Canada and excluding the effect of changes in indirect taxes"
1988,71.8,"All-items excluding eight of the most volatile components as defined by the Bank of Canada"
1988,70.6,"All-items excluding food"
1988,71.5,"All-items excluding food and energy"
1988,70.3,"All-items excluding mortgage interest cost"
1988,72,"All-items excluding alcoholic beverages, tobacco products and smokers' supplies and recreational cannabis"
1988,71.4,"All-items excluding alcoholic beverages and recreational cannabis"
1988,71.8,"All-items excluding tobacco products and smokers' supplies and recreational cannabis"
1988,70.3,"All-items excluding shelter"
1988,71.9,"All-items excluding energy"
1988,70.7,"Food and energy"
1988,77.7,"Fresh fruit and vegetables"
1988,64.5,"Energy"
1988,75.3,"Housing (1986 definition)"
1988,73.6,"Shelter (1986 definition)"
1988,71.2,"Goods and services"
1988,75.2,"Goods"
1988,85.1,"Durable goods"
1988,78.2,"Semi-durable goods"
1988,70.5,"Non-durable goods"
1988,65.8,"Non-durable goods excluding food purchased from stores"
1988,66.9,"Non-durable goods excluding food purchased from stores and energy"
1988,74.7,"Goods excluding food purchased from stores"
1988,77.6,"Goods excluding food purchased from stores and energy"
1988,67.1,"Services"
1988,60,"Services excluding shelter services"
1989,74.8,"All-items"
1989,76.5,"Food"
1989,79.6,"Food purchased from stores"
1989,75.1,"Meat"
1989,74.7,"Fresh or frozen meat (excluding poultry)"
1989,72.9,"Fresh or frozen beef"
1989,83.1,"Fresh or frozen pork"
1989,70.8,"Other fresh or frozen meat (excluding poultry)"
1989,82.3,"Fresh or frozen poultry"
1989,83.6,"Fresh or frozen chicken"
1989,74.6,"Other fresh or frozen poultry"
1989,71.9,"Processed meat"
1989,65.4,"Ham and bacon"
1989,76,"Other processed meat"
1989,77.2,"Fish, seafood and other marine products"
1989,81,"Fish"
1989,71.5,"Fresh or frozen fish (including portions and fish sticks)"
1989,104,"Canned and other preserved fish"
1989,67.3,"Seafood and other marine products"
1989,77.8,"Dairy products and eggs"
1989,78.1,"Dairy products"
1989,80.5,"Fresh milk"
1989,75.8,"Butter"
1989,75.6,"Cheese"
1989,79.1,"Ice cream and related products"
1989,77,"Other dairy products"
1989,74.7,"Eggs"
1989,78,"Bakery and cereal products (excluding baby food)"
1989,78,"Bakery products"
1989,76.3,"Bread, rolls and buns"
1989,81.5,"Cookies and crackers"
1989,78.8,"Other bakery products"
1989,77.9,"Cereal products (excluding baby food)"
1989,78.7,"Rice and rice-based mixes"
1989,73.8,"Breakfast cereal and other cereal products (excluding baby food)"
1989,86.5,"Pasta products"
1989,80.7,"Flour and flour-based mixes"
1989,82.9,"Fruit, fruit preparations and nuts"
1989,76.5,"Fresh fruit"
1989,60.4,"Apples"
1989,59,"Oranges"
1989,102.5,"Bananas"
1989,86.4,"Other fresh fruit"
1989,94,"Preserved fruit and fruit preparations"
1989,102.7,"Fruit juices"
1989,79.2,"Other preserved fruit and fruit preparations"
1989,74.8,"Nuts and seeds"
1989,85.1,"Vegetables and vegetable preparations"
1989,81.4,"Fresh vegetables"
1989,74.7,"Potatoes"
1989,77.6,"Tomatoes"
1989,94.2,"Lettuce"
1989,86.8,"Other fresh vegetables"
1989,97.2,"Preserved vegetables and vegetable preparations"
1989,87.8,"Frozen and dried vegetables"
1989,101.9,"Canned vegetables and other vegetable preparations"
1989,84.7,"Other food products and non-alcoholic beverages"
1989,73.9,"Sugar and confectionery"
1989,68,"Sugar and syrup"
1989,77.6,"Confectionery"
1989,79.2,"Edible fats and oils"
1989,76.8,"Margarine"
1989,83.6,"Other edible fats and oils"
1989,89.5,"Coffee and tea"
1989,94.9,"Coffee"
1989,76.2,"Tea"
1989,84.9,"Condiments, spices and vinegars"
1989,81.3,"Other food preparations"
1989,83.3,"Soup"
1989,81.4,"Baby foods"
1989,89.3,"Frozen food preparations"
1989,78.1,"All other food preparations"
1989,102,"Non-alcoholic beverages"
1989,69.1,"Food purchased from restaurants"
1989,68.3,"Food purchased from table-service restaurants"
1989,71.4,"Food purchased from fast food and take-out restaurants"
1989,78.1,"Shelter"
1989,78.3,"Rented accommodation"
1989,78.4,"Rent"
1989,76,"Tenants' insurance premiums"
1989,80.6,"Tenants' maintenance, repairs and other expenses"
1989,83.8,"Owned accommodation"
1989,99.4,"Mortgage interest cost"
1989,89.5,"Homeowners' replacement cost"
1989,67.4,"Property taxes and other special charges"
1989,73.8,"Homeowners' home and mortgage insurance"
1989,76.3,"Homeowners' maintenance and repairs"
1989,61.1,"Water, fuel and electricity"
1989,64.8,"Electricity"
1989,57.1,"Water"
1989,54.9,"Natural gas"
1989,61.2,"Fuel oil and other fuels"
1989,82.5,"Household operations, furnishings and equipment"
1989,78.3,"Household operations"
1989,83.1,"Communications"
1989,85.3,"Telephone services"
1989,63.3,"Postal and other communications services"
1989,70.6,"Child care and housekeeping services"
1989,71.9,"Child care services"
1989,66.4,"Housekeeping services"
1989,91,"Household cleaning products"
1989,90.3,"Detergents and soaps (other than personal care)"
1989,91.6,"Other household cleaning products"
1989,74.4,"Paper, plastic and aluminum foil supplies"
1989,71.9,"Paper supplies"
1989,85.2,"Plastic and aluminum foil supplies"
1989,77.1,"Other household goods and services"
1989,82.4,"Pet food and supplies"
1989,71.3,"Seeds, plants and cut flowers"
1989,75.7,"Other horticultural goods"
1989,97.2,"Other household supplies"
1989,88.8,"Household furnishings and equipment"
1989,86,"Furniture and household textiles"
1989,84.6,"Furniture"
1989,87.2,"Upholstered furniture"
1989,77.5,"Wooden furniture"
1989,87,"Household textiles"
1989,80.9,"Window coverings"
1989,95,"Bedding and other household textiles"
1989,83.3,"Area rugs and mats"
1989,97.6,"Household equipment"
1989,100,"Household appliances"
1989,108.4,"Cooking appliances"
1989,96.6,"Refrigerators and freezers"
1989,96.6,"Laundry and dishwashing appliances"
1989,98,"Other household appliances"
1989,87.4,"Non-electric kitchen utensils, tableware and cookware"
1989,96.4,"Household tools (including lawn, garden and snow removal equipment)"
1989,64.5,"Services related to household furnishings and equipment"
1989,83.7,"Clothing and footwear"
1989,84.3,"Clothing"
1989,84.1,"Women's clothing"
1989,85,"Men's clothing"
1989,84.2,"Children's clothing"
1989,83.9,"Footwear"
1989,77.3,"Women's footwear (excluding athletic)"
1989,80.7,"Men's footwear (excluding athletic)"
1989,103,"Athletic footwear"
1989,91.6,"Clothing accessories, watches and jewellery"
1989,85.8,"Leather clothing accessories"
1989,95.2,"Watches"
1989,97.3,"Jewellery"
1989,71.9,"Clothing material, notions and services"
1989,82.3,"Clothing material and notions"
1989,77,"Laundry services"
1989,67,"Dry cleaning services"
1989,68.9,"Other clothing services"
1989,67.8,"Transportation"
1989,70.5,"Private transportation"
1989,77.6,"Purchase, leasing and rental of passenger vehicles"
1989,77.3,"Purchase and leasing of passenger vehicles"
1989,77.3,"Purchase of passenger vehicles"
1989,76.4,"Rental of passenger vehicles"
1989,66,"Operation of passenger vehicles"
1989,72.1,"Gasoline"
1989,77.9,"Passenger vehicle parts, maintenance and repairs"
1989,92.8,"Passenger vehicle parts, accessories and supplies"
1989,71.6,"Passenger vehicle maintenance and repair services"
1989,54.6,"Other passenger vehicle operating expenses"
1989,52.9,"Passenger vehicle insurance premiums"
1989,65.4,"Passenger vehicle registration fees"
1989,71.5,"Drivers' licences"
1989,54.1,"Parking fees"
1989,78,"All other passenger vehicle operating expenses"
1989,47.2,"Public transportation"
1989,57.1,"Local and commuter transportation"
1989,53.5,"City bus and subway transportation"
1989,70.6,"Taxi and other local and commuter transportation services"
1989,41.5,"Inter-city transportation"
1989,40.7,"Air transportation"
1989,45.5,"Rail, highway bus and other inter-city transportation"
1989,75.5,"Health and personal care"
1989,72.6,"Health care"
1989,80.5,"Health care goods"
1989,76.3,"Medicinal and pharmaceutical products"
1989,74.8,"Prescribed medicines (excluding medicinal cannabis)"
1989,77.9,"Non-prescribed medicines"
1989,88,"Eye care goods"
1989,88.8,"Other health care goods"
1989,64.1,"Health care services"
1989,64.9,"Dental care services"
1989,77.8,"Personal care"
1989,86.9,"Personal care supplies and equipment"
1989,96.4,"Personal soap"
1989,85,"Toiletry items and cosmetics"
1989,131.4,"Oral-hygiene products"
1989,77.5,"Other personal care supplies and equipment"
1989,65.7,"Personal care services"
1989,70.3,"Recreation, education and reading"
1989,80.2,"Recreation"
1989,134.1,"Recreational equipment and services (excluding recreational vehicles)"
1989,87,"Sporting and exercise equipment"
1989,95.4,"Toys, games (excluding video games) and hobby supplies"
1989,131.7,"Photographic equipment and supplies"
1989,96.8,"Recreational services"
1989,70.2,"Purchase and operation of recreational vehicles"
1989,72.2,"Purchase of recreational vehicles and outboard motors"
1989,67.2,"Operation of recreational vehicles"
1989,110.2,"Home entertainment equipment, parts and services"
1989,139.3,"Audio equipment"
1989,163.3,"Video equipment"
1989,64.5,"Rental of digital media"
1989,78.5,"Other home entertainment equipment, parts and services"
1989,65,"Travel services"
1989,75.1,"Traveller accommodation"
1989,52.8,"Travel tours"
1989,56.6,"Other cultural and recreational services"
1989,52.4,"Spectator entertainment (excluding video and audio subscription services)"
1989,56.3,"Video and audio subscription services"
1989,61,"Use of recreational facilities and services"
1989,46.7,"Education and reading"
1989,40.8,"Education"
1989,33.2,"Tuition fees"
1989,66.3,"Other lessons, courses and education services"
1989,60.2,"Reading material (excluding textbooks)"
1989,57.7,"Newspapers"
1989,59.6,"Magazines and periodicals"
1989,63.3,"Books and reading material (excluding textbooks)"
1989,59.9,"Alcoholic beverages, tobacco products and recreational cannabis"
1989,71.2,"Alcoholic beverages"
1989,69.6,"Alcoholic beverages served in licensed establishments"
1989,70.1,"Beer served in licensed establishments"
1989,69.1,"Liquor served in licensed establishments"
1989,72.2,"Alcoholic beverages purchased from stores"
1989,67.5,"Beer purchased from stores"
1989,71.6,"Wine purchased from stores"
1989,82.2,"Liquor purchased from stores"
1989,53.6,"Tobacco products and smokers' supplies"
1989,54.1,"Cigarettes"
1989,77.2,"All-items excluding eight of the most volatile components as defined by the Bank of Canada and excluding the effect of changes in indirect taxes"
1989,75,"All-items excluding eight of the most volatile components as defined by the Bank of Canada"
1989,74.4,"All-items excluding food"
1989,75.5,"All-items excluding food and energy"
1989,73.7,"All-items excluding mortgage interest cost"
1989,75.4,"All-items excluding alcoholic beverages, tobacco products and smokers' supplies and recreational cannabis"
1989,75,"All-items excluding alcoholic beverages and recreational cannabis"
1989,75.2,"All-items excluding tobacco products and smokers' supplies and recreational cannabis"
1989,73.6,"All-items excluding shelter"
1989,75.6,"All-items excluding energy"
1989,73.2,"Food and energy"
1989,79.1,"Fresh fruit and vegetables"
1989,66.7,"Energy"
1989,79.2,"Housing (1986 definition)"
1989,77.9,"Shelter (1986 definition)"
1989,74.8,"Goods and services"
1989,78.4,"Goods"
1989,88.9,"Durable goods"
1989,81.7,"Semi-durable goods"
1989,73.9,"Non-durable goods"
1989,69.7,"Non-durable goods excluding food purchased from stores"
1989,71.9,"Non-durable goods excluding food purchased from stores and energy"
1989,78.3,"Goods excluding food purchased from stores"
1989,81.6,"Goods excluding food purchased from stores and energy"
1989,70.9,"Services"
1989,62.9,"Services excluding shelter services"
1990,78.4,"All-items"
1990,79.6,"Food"
1990,82.8,"Food purchased from stores"
1990,79.7,"Meat"
1990,78.4,"Fresh or frozen meat (excluding poultry)"
1990,75.8,"Fresh or frozen beef"
1990,90.5,"Fresh or frozen pork"
1990,75.1,"Other fresh or frozen meat (excluding poultry)"
1990,86.3,"Fresh or frozen poultry"
1990,87.9,"Fresh or frozen chicken"
1990,76.5,"Other fresh or frozen poultry"
1990,78.4,"Processed meat"
1990,71.9,"Ham and bacon"
1990,82.5,"Other processed meat"
1990,76.6,"Fish, seafood and other marine products"
1990,79.7,"Fish"
1990,72.6,"Fresh or frozen fish (including portions and fish sticks)"
1990,96.3,"Canned and other preserved fish"
1990,68.6,"Seafood and other marine products"
1990,80.2,"Dairy products and eggs"
1990,80.6,"Dairy products"
1990,83.2,"Fresh milk"
1990,78.1,"Butter"
1990,77.8,"Cheese"
1990,81.5,"Ice cream and related products"
1990,79.8,"Other dairy products"
1990,76.3,"Eggs"
1990,81,"Bakery and cereal products (excluding baby food)"
1990,80.7,"Bakery products"
1990,78.5,"Bread, rolls and buns"
1990,86,"Cookies and crackers"
1990,81,"Other bakery products"
1990,81.4,"Cereal products (excluding baby food)"
1990,79.4,"Rice and rice-based mixes"
1990,80.7,"Breakfast cereal and other cereal products (excluding baby food)"
1990,85.5,"Pasta products"
1990,81.4,"Flour and flour-based mixes"
1990,88.4,"Fruit, fruit preparations and nuts"
1990,82.5,"Fresh fruit"
1990,66.3,"Apples"
1990,62.2,"Oranges"
1990,105.7,"Bananas"
1990,94.6,"Other fresh fruit"
1990,98.4,"Preserved fruit and fruit preparations"
1990,107.6,"Fruit juices"
1990,82.6,"Other preserved fruit and fruit preparations"
1990,78.8,"Nuts and seeds"
1990,85.9,"Vegetables and vegetable preparations"
1990,81.7,"Fresh vegetables"
1990,70.5,"Potatoes"
1990,85.7,"Tomatoes"
1990,94.5,"Lettuce"
1990,86.5,"Other fresh vegetables"
1990,99.4,"Preserved vegetables and vegetable preparations"
1990,89.8,"Frozen and dried vegetables"
1990,104.2,"Canned vegetables and other vegetable preparations"
1990,86.9,"Other food products and non-alcoholic beverages"
1990,81.2,"Sugar and confectionery"
1990,77,"Sugar and syrup"
1990,84.3,"Confectionery"
1990,79.8,"Edible fats and oils"
1990,78.1,"Margarine"
1990,83,"Other edible fats and oils"
1990,89.4,"Coffee and tea"
1990,92.7,"Coffee"
1990,81.1,"Tea"
1990,86.1,"Condiments, spices and vinegars"
1990,85,"Other food preparations"
1990,88.4,"Soup"
1990,85.5,"Baby foods"
1990,93.5,"Frozen food preparations"
1990,81.3,"All other food preparations"
1990,99.9,"Non-alcoholic beverages"
1990,72.5,"Food purchased from restaurants"
1990,71.5,"Food purchased from table-service restaurants"
1990,75.3,"Food purchased from fast food and take-out restaurants"
1990,82.5,"Shelter"
1990,81.5,"Rented accommodation"
1990,81.5,"Rent"
1990,76.6,"Tenants' insurance premiums"
1990,83.2,"Tenants' maintenance, repairs and other expenses"
1990,89.3,"Owned accommodation"
1990,111.8,"Mortgage interest cost"
1990,90.7,"Homeowners' replacement cost"
1990,72.5,"Property taxes and other special charges"
1990,75.3,"Homeowners' home and mortgage insurance"
1990,78.2,"Homeowners' maintenance and repairs"
1990,64.3,"Water, fuel and electricity"
1990,68.7,"Electricity"
1990,62.1,"Water"
1990,52.1,"Natural gas"
1990,72.8,"Fuel oil and other fuels"
1990,84.2,"Household operations, furnishings and equipment"
1990,80.6,"Household operations"
1990,82.2,"Communications"
1990,84.2,"Telephone services"
1990,64.6,"Postal and other communications services"
1990,74.8,"Child care and housekeeping services"
1990,76.2,"Child care services"
1990,70.4,"Housekeeping services"
1990,92.9,"Household cleaning products"
1990,90.9,"Detergents and soaps (other than personal care)"
1990,94.7,"Other household cleaning products"
1990,77.1,"Paper, plastic and aluminum foil supplies"
1990,74.7,"Paper supplies"
1990,87.7,"Plastic and aluminum foil supplies"
1990,81.1,"Other household goods and services"
1990,86.7,"Pet food and supplies"
1990,75.5,"Seeds, plants and cut flowers"
1990,80.5,"Other horticultural goods"
1990,101.1,"Other household supplies"
1990,89.8,"Household furnishings and equipment"
1990,87.2,"Furniture and household textiles"
1990,85.7,"Furniture"
1990,87.6,"Upholstered furniture"
1990,79.4,"Wooden furniture"
1990,87.6,"Household textiles"
1990,84.3,"Window coverings"
1990,93.8,"Bedding and other household textiles"
1990,81.4,"Area rugs and mats"
1990,97.9,"Household equipment"
1990,100,"Household appliances"
1990,106.3,"Cooking appliances"
1990,97.9,"Refrigerators and freezers"
1990,97.4,"Laundry and dishwashing appliances"
1990,98.2,"Other household appliances"
1990,87.6,"Non-electric kitchen utensils, tableware and cookware"
1990,97.6,"Household tools (including lawn, garden and snow removal equipment)"
1990,68,"Services related to household furnishings and equipment"
1990,86.1,"Clothing and footwear"
1990,86.6,"Clothing"
1990,87,"Women's clothing"
1990,86.2,"Men's clothing"
1990,86.2,"Children's clothing"
1990,86.4,"Footwear"
1990,80.3,"Women's footwear (excluding athletic)"
1990,82.1,"Men's footwear (excluding athletic)"
1990,105.6,"Athletic footwear"
1990,94.3,"Clothing accessories, watches and jewellery"
1990,88.3,"Leather clothing accessories"
1990,97,"Watches"
1990,100.4,"Jewellery"
1990,74.9,"Clothing material, notions and services"
1990,83.4,"Clothing material and notions"
1990,79.5,"Laundry services"
1990,71.2,"Dry cleaning services"
1990,71.5,"Other clothing services"
1990,71.6,"Transportation"
1990,74,"Private transportation"
1990,78.1,"Purchase, leasing and rental of passenger vehicles"
1990,77.6,"Purchase and leasing of passenger vehicles"
1990,77.6,"Purchase of passenger vehicles"
1990,80.3,"Rental of passenger vehicles"
1990,72.5,"Operation of passenger vehicles"
1990,82.7,"Gasoline"
1990,81.9,"Passenger vehicle parts, maintenance and repairs"
1990,95.1,"Passenger vehicle parts, accessories and supplies"
1990,76.3,"Passenger vehicle maintenance and repair services"
1990,58.4,"Other passenger vehicle operating expenses"
1990,55.9,"Passenger vehicle insurance premiums"
1990,74.6,"Passenger vehicle registration fees"
1990,78,"Drivers' licences"
1990,60.8,"Parking fees"
1990,83.1,"All other passenger vehicle operating expenses"
1990,52.3,"Public transportation"
1990,60.8,"Local and commuter transportation"
1990,57.2,"City bus and subway transportation"
1990,74,"Taxi and other local and commuter transportation services"
1990,47.4,"Inter-city transportation"
1990,46.5,"Air transportation"
1990,53.3,"Rail, highway bus and other inter-city transportation"
1990,79.1,"Health and personal care"
1990,76.4,"Health care"
1990,84.3,"Health care goods"
1990,80.8,"Medicinal and pharmaceutical products"
1990,78.9,"Prescribed medicines (excluding medicinal cannabis)"
1990,83,"Non-prescribed medicines"
1990,90.4,"Eye care goods"
1990,93,"Other health care goods"
1990,67.8,"Health care services"
1990,68.7,"Dental care services"
1990,81.3,"Personal care"
1990,90.2,"Personal care supplies and equipment"
1990,99.9,"Personal soap"
1990,89.1,"Toiletry items and cosmetics"
1990,130.4,"Oral-hygiene products"
1990,80.1,"Other personal care supplies and equipment"
1990,69.5,"Personal care services"
1990,73.2,"Recreation, education and reading"
1990,82.7,"Recreation"
1990,137.1,"Recreational equipment and services (excluding recreational vehicles)"
1990,89.6,"Sporting and exercise equipment"
1990,98.1,"Toys, games (excluding video games) and hobby supplies"
1990,128.5,"Photographic equipment and supplies"
1990,103,"Recreational services"
1990,73.3,"Purchase and operation of recreational vehicles"
1990,73.5,"Purchase of recreational vehicles and outboard motors"
1990,73.5,"Operation of recreational vehicles"
1990,109.6,"Home entertainment equipment, parts and services"
1990,136.4,"Audio equipment"
1990,160.8,"Video equipment"
1990,64.9,"Rental of digital media"
1990,80.9,"Other home entertainment equipment, parts and services"
1990,66.7,"Travel services"
1990,77.2,"Traveller accommodation"
1990,54.1,"Travel tours"
1990,60.2,"Other cultural and recreational services"
1990,56,"Spectator entertainment (excluding video and audio subscription services)"
1990,59.4,"Video and audio subscription services"
1990,65.2,"Use of recreational facilities and services"
1990,50.3,"Education and reading"
1990,44.5,"Education"
1990,36.6,"Tuition fees"
1990,70.9,"Other lessons, courses and education services"
1990,63.6,"Reading material (excluding textbooks)"
1990,61.4,"Newspapers"
1990,61.9,"Magazines and periodicals"
1990,67,"Books and reading material (excluding textbooks)"
1990,65.2,"Alcoholic beverages, tobacco products and recreational cannabis"
1990,75.1,"Alcoholic beverages"
1990,73.5,"Alcoholic beverages served in licensed establishments"
1990,73.9,"Beer served in licensed establishments"
1990,72.3,"Liquor served in licensed establishments"
1990,76.1,"Alcoholic beverages purchased from stores"
1990,70.9,"Beer purchased from stores"
1990,76.6,"Wine purchased from stores"
1990,85.8,"Liquor purchased from stores"
1990,61.2,"Tobacco products and smokers' supplies"
1990,61.8,"Cigarettes"
1990,79.8,"All-items excluding eight of the most volatile components as defined by the Bank of Canada and excluding the effect of changes in indirect taxes"
1990,77.8,"All-items excluding eight of the most volatile components as defined by the Bank of Canada"
1990,78.1,"All-items excluding food"
1990,78.8,"All-items excluding food and energy"
1990,76.9,"All-items excluding mortgage interest cost"
1990,78.8,"All-items excluding alcoholic beverages, tobacco products and smokers' supplies and recreational cannabis"
1990,78.5,"All-items excluding alcoholic beverages and recreational cannabis"
1990,78.7,"All-items excluding tobacco products and smokers' supplies and recreational cannabis"
1990,76.9,"All-items excluding shelter"
1990,78.9,"All-items excluding energy"
1990,77.5,"Food and energy"
1990,82.1,"Fresh fruit and vegetables"
1990,73.4,"Energy"
1990,82.8,"Housing (1986 definition)"
1990,82.2,"Shelter (1986 definition)"
1990,78.4,"Goods and services"
1990,81.6,"Goods"
1990,89.5,"Durable goods"
1990,84,"Semi-durable goods"
1990,78.5,"Non-durable goods"
1990,75.3,"Non-durable goods excluding food purchased from stores"
1990,76.8,"Non-durable goods excluding food purchased from stores and energy"
1990,81.4,"Goods excluding food purchased from stores"
1990,84,"Goods excluding food purchased from stores and energy"
1990,74.9,"Services"
1990,66.4,"Services excluding shelter services"
1991,82.8,"All-items"
1991,83.4,"Food"
1991,84.7,"Food purchased from stores"
1991,80.2,"Meat"
1991,78.3,"Fresh or frozen meat (excluding poultry)"
1991,76.2,"Fresh or frozen beef"
1991,88.3,"Fresh or frozen pork"
1991,74.7,"Other fresh or frozen meat (excluding poultry)"
1991,84.8,"Fresh or frozen poultry"
1991,86,"Fresh or frozen chicken"
1991,76.6,"Other fresh or frozen poultry"
1991,80.9,"Processed meat"
1991,71.8,"Ham and bacon"
1991,86.5,"Other processed meat"
1991,78.6,"Fish, seafood and other marine products"
1991,81.8,"Fish"
1991,77.8,"Fresh or frozen fish (including portions and fish sticks)"
1991,89.9,"Canned and other preserved fish"
1991,70.4,"Seafood and other marine products"
1991,82.6,"Dairy products and eggs"
1991,83.3,"Dairy products"
1991,86,"Fresh milk"
1991,80.3,"Butter"
1991,80.5,"Cheese"
1991,84.1,"Ice cream and related products"
1991,81.9,"Other dairy products"
1991,76.1,"Eggs"
1991,81.6,"Bakery and cereal products (excluding baby food)"
1991,82.1,"Bakery products"
1991,79.4,"Bread, rolls and buns"
1991,89.1,"Cookies and crackers"
1991,81.7,"Other bakery products"
1991,80.4,"Cereal products (excluding baby food)"
1991,80.8,"Rice and rice-based mixes"
1991,80.1,"Breakfast cereal and other cereal products (excluding baby food)"
1991,81,"Pasta products"
1991,79.7,"Flour and flour-based mixes"
1991,97.4,"Fruit, fruit preparations and nuts"
1991,98.5,"Fresh fruit"
1991,75.7,"Apples"
1991,94.3,"Oranges"
1991,108.7,"Bananas"
1991,109.2,"Other fresh fruit"
1991,95.4,"Preserved fruit and fruit preparations"
1991,100.8,"Fruit juices"
1991,85.9,"Other preserved fruit and fruit preparations"
1991,92.2,"Nuts and seeds"
1991,85.7,"Vegetables and vegetable preparations"
1991,81.8,"Fresh vegetables"
1991,67,"Potatoes"
1991,79.1,"Tomatoes"
1991,96.9,"Lettuce"
1991,89.2,"Other fresh vegetables"
1991,98.6,"Preserved vegetables and vegetable preparations"
1991,90,"Frozen and dried vegetables"
1991,103,"Canned vegetables and other vegetable preparations"
1991,88.1,"Other food products and non-alcoholic beverages"
1991,76.2,"Sugar and confectionery"
1991,66,"Sugar and syrup"
1991,81.9,"Confectionery"
1991,80.3,"Edible fats and oils"
1991,78,"Margarine"
1991,84.4,"Other edible fats and oils"
1991,86.2,"Coffee and tea"
1991,88.4,"Coffee"
1991,80.6,"Tea"
1991,85.2,"Condiments, spices and vinegars"
1991,89.7,"Other food preparations"
1991,89.9,"Soup"
1991,87.9,"Baby foods"
1991,95.4,"Frozen food preparations"
1991,88.1,"All other food preparations"
1991,103.8,"Non-alcoholic beverages"
1991,80.4,"Food purchased from restaurants"
1991,79.2,"Food purchased from table-service restaurants"
1991,83.6,"Food purchased from fast food and take-out restaurants"
1991,86.3,"Shelter"
1991,84.3,"Rented accommodation"
1991,84.3,"Rent"
1991,81.2,"Tenants' insurance premiums"
1991,91,"Tenants' maintenance, repairs and other expenses"
1991,92.5,"Owned accommodation"
1991,118.8,"Mortgage interest cost"
1991,86.7,"Homeowners' replacement cost"
1991,78,"Property taxes and other special charges"
1991,73.2,"Homeowners' home and mortgage insurance"
1991,83.3,"Homeowners' maintenance and repairs"
1991,71.9,"Water, fuel and electricity"
1991,78.6,"Electricity"
1991,67.2,"Water"
1991,57.1,"Natural gas"
1991,78.7,"Fuel oil and other fuels"
1991,87.4,"Household operations, furnishings and equipment"
1991,84,"Household operations"
1991,83.3,"Communications"
1991,84.6,"Telephone services"
1991,70.7,"Postal and other communications services"
1991,80.1,"Child care and housekeeping services"
1991,81.2,"Child care services"
1991,76.7,"Housekeeping services"
1991,96.8,"Household cleaning products"
1991,96,"Detergents and soaps (other than personal care)"
1991,97.6,"Other household cleaning products"
1991,78.1,"Paper, plastic and aluminum foil supplies"
1991,75.5,"Paper supplies"
1991,89.4,"Plastic and aluminum foil supplies"
1991,86.4,"Other household goods and services"
1991,87.8,"Pet food and supplies"
1991,85.6,"Seeds, plants and cut flowers"
1991,89.6,"Other horticultural goods"
1991,105.8,"Other household supplies"
1991,93,"Household furnishings and equipment"
1991,91.1,"Furniture and household textiles"
1991,89.9,"Furniture"
1991,91,"Upholstered furniture"
1991,84.2,"Wooden furniture"
1991,92.3,"Household textiles"
1991,92.3,"Window coverings"
1991,96.9,"Bedding and other household textiles"
1991,80.7,"Area rugs and mats"
1991,99.4,"Household equipment"
1991,100.7,"Household appliances"
1991,105.7,"Cooking appliances"
1991,100.2,"Refrigerators and freezers"
1991,97.2,"Laundry and dishwashing appliances"
1991,99.9,"Other household appliances"
1991,89.8,"Non-electric kitchen utensils, tableware and cookware"
1991,100,"Household tools (including lawn, garden and snow removal equipment)"
1991,75.4,"Services related to household furnishings and equipment"
1991,94.3,"Clothing and footwear"
1991,95.2,"Clothing"
1991,95.8,"Women's clothing"
1991,94.5,"Men's clothing"
1991,95.5,"Children's clothing"
1991,95.3,"Footwear"
1991,89.7,"Women's footwear (excluding athletic)"
1991,91,"Men's footwear (excluding athletic)"
1991,112.1,"Athletic footwear"
1991,98.1,"Clothing accessories, watches and jewellery"
1991,94,"Leather clothing accessories"
1991,98.4,"Watches"
1991,102.2,"Jewellery"
1991,82,"Clothing material, notions and services"
1991,91,"Clothing material and notions"
1991,84.7,"Laundry services"
1991,79.9,"Dry cleaning services"
1991,78,"Other clothing services"
1991,72.9,"Transportation"
1991,74.5,"Private transportation"
1991,76.7,"Purchase, leasing and rental of passenger vehicles"
1991,76,"Purchase and leasing of passenger vehicles"
1991,76.1,"Purchase of passenger vehicles"
1991,81.8,"Rental of passenger vehicles"
1991,74.6,"Operation of passenger vehicles"
1991,81.5,"Gasoline"
1991,86.5,"Passenger vehicle parts, maintenance and repairs"
1991,96,"Passenger vehicle parts, accessories and supplies"
1991,82.5,"Passenger vehicle maintenance and repair services"
1991,62.3,"Other passenger vehicle operating expenses"
1991,58.5,"Passenger vehicle insurance premiums"
1991,84.5,"Passenger vehicle registration fees"
1991,103.2,"Drivers' licences"
1991,70,"Parking fees"
1991,90.3,"All other passenger vehicle operating expenses"
1991,58.6,"Public transportation"
1991,66.4,"Local and commuter transportation"
1991,61.7,"City bus and subway transportation"
1991,83.2,"Taxi and other local and commuter transportation services"
1991,54.1,"Inter-city transportation"
1991,53,"Air transportation"
1991,61.2,"Rail, highway bus and other inter-city transportation"
1991,84.7,"Health and personal care"
1991,80.4,"Health care"
1991,88.5,"Health care goods"
1991,84.9,"Medicinal and pharmaceutical products"
1991,83,"Prescribed medicines (excluding medicinal cannabis)"
1991,87.3,"Non-prescribed medicines"
1991,94.5,"Eye care goods"
1991,99.1,"Other health care goods"
1991,71.4,"Health care services"
1991,72.4,"Dental care services"
1991,88,"Personal care"
1991,94.6,"Personal care supplies and equipment"
1991,104.2,"Personal soap"
1991,92.7,"Toiletry items and cosmetics"
1991,127,"Oral-hygiene products"
1991,88.4,"Other personal care supplies and equipment"
1991,78.8,"Personal care services"
1991,78.3,"Recreation, education and reading"
1991,86.6,"Recreation"
1991,139.8,"Recreational equipment and services (excluding recreational vehicles)"
1991,94.8,"Sporting and exercise equipment"
1991,101,"Toys, games (excluding video games) and hobby supplies"
1991,126.5,"Photographic equipment and supplies"
1991,104.7,"Recreational services"
1991,75.4,"Purchase and operation of recreational vehicles"
1991,73.9,"Purchase of recreational vehicles and outboard motors"
1991,78.8,"Operation of recreational vehicles"
1991,111,"Home entertainment equipment, parts and services"
1991,134.3,"Audio equipment"
1991,157,"Video equipment"
1991,72.2,"Rental of digital media"
1991,89.2,"Other home entertainment equipment, parts and services"
1991,70.9,"Travel services"
1991,79,"Traveller accommodation"
1991,60.3,"Travel tours"
1991,65.5,"Other cultural and recreational services"
1991,63.1,"Spectator entertainment (excluding video and audio subscription services)"
1991,58.7,"Video and audio subscription services"
1991,73,"Use of recreational facilities and services"
1991,57.4,"Education and reading"
1991,51.1,"Education"
1991,42.7,"Tuition fees"
1991,77,"Other lessons, courses and education services"
1991,72.3,"Reading material (excluding textbooks)"
1991,72.2,"Newspapers"
1991,68.9,"Magazines and periodicals"
1991,74.7,"Books and reading material (excluding textbooks)"
1991,76.4,"Alcoholic beverages, tobacco products and recreational cannabis"
1991,80.8,"Alcoholic beverages"
1991,82.2,"Alcoholic beverages served in licensed establishments"
1991,83.2,"Beer served in licensed establishments"
1991,80.7,"Liquor served in licensed establishments"
1991,80,"Alcoholic beverages purchased from stores"
1991,74.6,"Beer purchased from stores"
1991,81.5,"Wine purchased from stores"
1991,89.4,"Liquor purchased from stores"
1991,80.6,"Tobacco products and smokers' supplies"
1991,81.3,"Cigarettes"
1991,82.1,"All-items excluding eight of the most volatile components as defined by the Bank of Canada and excluding the effect of changes in indirect taxes"
1991,81.7,"All-items excluding eight of the most volatile components as defined by the Bank of Canada"
1991,82.6,"All-items excluding food"
1991,83.4,"All-items excluding food and energy"
1991,81.2,"All-items excluding mortgage interest cost"
1991,82.6,"All-items excluding alcoholic beverages, tobacco products and smokers' supplies and recreational cannabis"
1991,82.8,"All-items excluding alcoholic beverages and recreational cannabis"
1991,82.5,"All-items excluding tobacco products and smokers' supplies and recreational cannabis"
1991,81.4,"All-items excluding shelter"
1991,83.4,"All-items excluding energy"
1991,81.2,"Food and energy"
1991,89.8,"Fresh fruit and vegetables"
1991,77,"Energy"
1991,86.4,"Housing (1986 definition)"
1991,86,"Shelter (1986 definition)"
1991,82.8,"Goods and services"
1991,85.7,"Goods"
1991,89.4,"Durable goods"
1991,91.9,"Semi-durable goods"
1991,83.2,"Non-durable goods"
1991,82,"Non-durable goods excluding food purchased from stores"
1991,85.7,"Non-durable goods excluding food purchased from stores and energy"
1991,86.1,"Goods excluding food purchased from stores"
1991,88.9,"Goods excluding food purchased from stores and energy"
1991,79.6,"Services"
1991,72.4,"Services excluding shelter services"
1992,84,"All-items"
1992,83.1,"Food"
1992,83.4,"Food purchased from stores"
1992,78.7,"Meat"
1992,77,"Fresh or frozen meat (excluding poultry)"
1992,75.3,"Fresh or frozen beef"
1992,84.2,"Fresh or frozen pork"
1992,75.3,"Other fresh or frozen meat (excluding poultry)"
1992,84.4,"Fresh or frozen poultry"
1992,85.7,"Fresh or frozen chicken"
1992,76.1,"Other fresh or frozen poultry"
1992,78.8,"Processed meat"
1992,67.3,"Ham and bacon"
1992,85.9,"Other processed meat"
1992,81.2,"Fish, seafood and other marine products"
1992,83.4,"Fish"
1992,80,"Fresh or frozen fish (including portions and fish sticks)"
1992,89.7,"Canned and other preserved fish"
1992,75.6,"Seafood and other marine products"
1992,83.2,"Dairy products and eggs"
1992,84.1,"Dairy products"
1992,86.4,"Fresh milk"
1992,79,"Butter"
1992,82.5,"Cheese"
1992,86.5,"Ice cream and related products"
1992,82.3,"Other dairy products"
1992,74.7,"Eggs"
1992,82.4,"Bakery and cereal products (excluding baby food)"
1992,83.9,"Bakery products"
1992,82.2,"Bread, rolls and buns"
1992,88.6,"Cookies and crackers"
1992,84,"Other bakery products"
1992,78.8,"Cereal products (excluding baby food)"
1992,79.6,"Rice and rice-based mixes"
1992,78.2,"Breakfast cereal and other cereal products (excluding baby food)"
1992,79.8,"Pasta products"
1992,77.7,"Flour and flour-based mixes"
1992,91.4,"Fruit, fruit preparations and nuts"
1992,88.5,"Fresh fruit"
1992,77.8,"Apples"
1992,65.2,"Oranges"
1992,104.5,"Bananas"
1992,100.2,"Other fresh fruit"
1992,96.4,"Preserved fruit and fruit preparations"
1992,101.2,"Fruit juices"
1992,88,"Other preserved fruit and fruit preparations"
1992,90.9,"Nuts and seeds"
1992,85,"Vegetables and vegetable preparations"
1992,81.8,"Fresh vegetables"
1992,58.9,"Potatoes"
1992,85.9,"Tomatoes"
1992,95.2,"Lettuce"
1992,90.5,"Other fresh vegetables"
1992,95.7,"Preserved vegetables and vegetable preparations"
1992,88.1,"Frozen and dried vegetables"
1992,99.6,"Canned vegetables and other vegetable preparations"
1992,85.5,"Other food products and non-alcoholic beverages"
1992,70.4,"Sugar and confectionery"
1992,59.2,"Sugar and syrup"
1992,76.5,"Confectionery"
1992,79.3,"Edible fats and oils"
1992,76.9,"Margarine"
1992,84,"Other edible fats and oils"
1992,80.5,"Coffee and tea"
1992,80.5,"Coffee"
1992,80.4,"Tea"
1992,84.2,"Condiments, spices and vinegars"
1992,89.4,"Other food preparations"
1992,92.1,"Soup"
1992,88.8,"Baby foods"
1992,95.6,"Frozen food preparations"
1992,86.6,"All other food preparations"
1992,98.8,"Non-alcoholic beverages"
1992,81.9,"Food purchased from restaurants"
1992,80.5,"Food purchased from table-service restaurants"
1992,85.3,"Food purchased from fast food and take-out restaurants"
1992,87.9,"Shelter"
1992,86.6,"Rented accommodation"
1992,86.6,"Rent"
1992,82.7,"Tenants' insurance premiums"
1992,92,"Tenants' maintenance, repairs and other expenses"
1992,92.9,"Owned accommodation"
1992,114.5,"Mortgage interest cost"
1992,87.5,"Homeowners' replacement cost"
1992,82.6,"Property taxes and other special charges"
1992,74.4,"Homeowners' home and mortgage insurance"
1992,84.1,"Homeowners' maintenance and repairs"
1992,75.3,"Water, fuel and electricity"
1992,83.7,"Electricity"
1992,72.6,"Water"
1992,59.2,"Natural gas"
1992,75.8,"Fuel oil and other fuels"
1992,87.9,"Household operations, furnishings and equipment"
1992,84.9,"Household operations"
1992,84.4,"Communications"
1992,85.4,"Telephone services"
1992,74.9,"Postal and other communications services"
1992,85.2,"Child care and housekeeping services"
1992,86.8,"Child care services"
1992,80.3,"Housekeeping services"
1992,94,"Household cleaning products"
1992,92.8,"Detergents and soaps (other than personal care)"
1992,95.1,"Other household cleaning products"
1992,76.6,"Paper, plastic and aluminum foil supplies"
1992,74.5,"Paper supplies"
1992,86.3,"Plastic and aluminum foil supplies"
1992,86.9,"Other household goods and services"
1992,86.2,"Pet food and supplies"
1992,86.2,"Seeds, plants and cut flowers"
1992,88.3,"Other horticultural goods"
1992,107.8,"Other household supplies"
1992,92.7,"Household furnishings and equipment"
1992,90.9,"Furniture and household textiles"
1992,89.7,"Furniture"
1992,88.9,"Upholstered furniture"
1992,84.7,"Wooden furniture"
1992,92.8,"Household textiles"
1992,93.4,"Window coverings"
1992,97.2,"Bedding and other household textiles"
1992,79.7,"Area rugs and mats"
1992,98.4,"Household equipment"
1992,99.4,"Household appliances"
1992,103.5,"Cooking appliances"
1992,99.2,"Refrigerators and freezers"
1992,96.7,"Laundry and dishwashing appliances"
1992,98.5,"Other household appliances"
1992,89.1,"Non-electric kitchen utensils, tableware and cookware"
1992,99.4,"Household tools (including lawn, garden and snow removal equipment)"
1992,77.5,"Services related to household furnishings and equipment"
1992,95.1,"Clothing and footwear"
1992,96.2,"Clothing"
1992,96.6,"Women's clothing"
1992,95.8,"Men's clothing"
1992,96.8,"Children's clothing"
1992,95.1,"Footwear"
1992,88.7,"Women's footwear (excluding athletic)"
1992,92,"Men's footwear (excluding athletic)"
1992,111.8,"Athletic footwear"
1992,98.2,"Clothing accessories, watches and jewellery"
1992,93.6,"Leather clothing accessories"
1992,94.9,"Watches"
1992,103.5,"Jewellery"
1992,83.2,"Clothing material, notions and services"
1992,90.4,"Clothing material and notions"
1992,85.3,"Laundry services"
1992,81.9,"Dry cleaning services"
1992,78.9,"Other clothing services"
1992,74.4,"Transportation"
1992,75.9,"Private transportation"
1992,79.5,"Purchase, leasing and rental of passenger vehicles"
1992,79.2,"Purchase and leasing of passenger vehicles"
1992,79.2,"Purchase of passenger vehicles"
1992,78.7,"Rental of passenger vehicles"
1992,74.8,"Operation of passenger vehicles"
1992,78.6,"Gasoline"
1992,85.6,"Passenger vehicle parts, maintenance and repairs"
1992,91.3,"Passenger vehicle parts, accessories and supplies"
1992,83,"Passenger vehicle maintenance and repair services"
1992,66,"Other passenger vehicle operating expenses"
1992,61.9,"Passenger vehicle insurance premiums"
1992,94.5,"Passenger vehicle registration fees"
1992,104.3,"Drivers' licences"
1992,73.6,"Parking fees"
1992,90,"All other passenger vehicle operating expenses"
1992,60.7,"Public transportation"
1992,73.1,"Local and commuter transportation"
1992,70.2,"City bus and subway transportation"
1992,84.4,"Taxi and other local and commuter transportation services"
1992,53.4,"Inter-city transportation"
1992,51.3,"Air transportation"
1992,66,"Rail, highway bus and other inter-city transportation"
1992,86.6,"Health and personal care"
1992,83.3,"Health care"
1992,90.2,"Health care goods"
1992,86.8,"Medicinal and pharmaceutical products"
1992,86.4,"Prescribed medicines (excluding medicinal cannabis)"
1992,87.1,"Non-prescribed medicines"
1992,96,"Eye care goods"
1992,98.4,"Other health care goods"
1992,75.5,"Health care services"
1992,76.5,"Dental care services"
1992,89.2,"Personal care"
1992,94.5,"Personal care supplies and equipment"
1992,104.4,"Personal soap"
1992,93.1,"Toiletry items and cosmetics"
1992,117.5,"Oral-hygiene products"
1992,89.2,"Other personal care supplies and equipment"
1992,81.7,"Personal care services"
1992,79.2,"Recreation, education and reading"
1992,86.1,"Recreation"
1992,136.8,"Recreational equipment and services (excluding recreational vehicles)"
1992,94.2,"Sporting and exercise equipment"
1992,100.1,"Toys, games (excluding video games) and hobby supplies"
1992,119.5,"Photographic equipment and supplies"
1992,101.2,"Recreational services"
1992,76.6,"Purchase and operation of recreational vehicles"
1992,75.3,"Purchase of recreational vehicles and outboard motors"
1992,79.5,"Operation of recreational vehicles"
1992,105.9,"Home entertainment equipment, parts and services"
1992,128.2,"Audio equipment"
1992,146.6,"Video equipment"
1992,73.4,"Rental of digital media"
1992,92.3,"Other home entertainment equipment, parts and services"
1992,69,"Travel services"
1992,78.3,"Traveller accommodation"
1992,57.5,"Travel tours"
1992,67.9,"Other cultural and recreational services"
1992,66.5,"Spectator entertainment (excluding video and audio subscription services)"
1992,60.5,"Video and audio subscription services"
1992,75.1,"Use of recreational facilities and services"
1992,61.3,"Education and reading"
1992,56.2,"Education"
1992,48.6,"Tuition fees"
1992,80.2,"Other lessons, courses and education services"
1992,73.3,"Reading material (excluding textbooks)"
1992,73,"Newspapers"
1992,70.4,"Magazines and periodicals"
1992,75.3,"Books and reading material (excluding textbooks)"
1992,81,"Alcoholic beverages, tobacco products and recreational cannabis"
1992,84,"Alcoholic beverages"
1992,84.3,"Alcoholic beverages served in licensed establishments"
1992,84.6,"Beer served in licensed establishments"
1992,82.9,"Liquor served in licensed establishments"
1992,83.9,"Alcoholic beverages purchased from stores"
1992,79,"Beer purchased from stores"
1992,84.9,"Wine purchased from stores"
1992,92.9,"Liquor purchased from stores"
1992,87.4,"Tobacco products and smokers' supplies"
1992,88.1,"Cigarettes"
1992,83.6,"All-items excluding eight of the most volatile components as defined by the Bank of Canada and excluding the effect of changes in indirect taxes"
1992,83.3,"All-items excluding eight of the most volatile components as defined by the Bank of Canada"
1992,84.2,"All-items excluding food"
1992,85.1,"All-items excluding food and energy"
1992,82.6,"All-items excluding mortgage interest cost"
1992,83.6,"All-items excluding alcoholic beverages, tobacco products and smokers' supplies and recreational cannabis"
1992,84,"All-items excluding alcoholic beverages and recreational cannabis"
1992,83.6,"All-items excluding tobacco products and smokers' supplies and recreational cannabis"
1992,82.5,"All-items excluding shelter"
1992,84.7,"All-items excluding energy"
1992,81,"Food and energy"
1992,85,"Fresh fruit and vegetables"
1992,77.2,"Energy"
1992,87.6,"Housing (1986 definition)"
1992,87.5,"Shelter (1986 definition)"
1992,84,"Goods and services"
1992,86.4,"Goods"
1992,90.4,"Durable goods"
1992,92.5,"Semi-durable goods"
1992,83.8,"Non-durable goods"
1992,83.7,"Non-durable goods excluding food purchased from stores"
1992,88.6,"Non-durable goods excluding food purchased from stores and energy"
1992,87.4,"Goods excluding food purchased from stores"
1992,90.5,"Goods excluding food purchased from stores and energy"
1992,81.4,"Services"
1992,74.6,"Services excluding shelter services"
1993,85.6,"All-items"
1993,84.5,"Food"
1993,85,"Food purchased from stores"
1993,81.7,"Meat"
1993,81,"Fresh or frozen meat (excluding poultry)"
1993,79.3,"Fresh or frozen beef"
1993,87.5,"Fresh or frozen pork"
1993,80,"Other fresh or frozen meat (excluding poultry)"
1993,86.3,"Fresh or frozen poultry"
1993,87.5,"Fresh or frozen chicken"
1993,78.6,"Other fresh or frozen poultry"
1993,80.4,"Processed meat"
1993,69.9,"Ham and bacon"
1993,86.9,"Other processed meat"
1993,85,"Fish, seafood and other marine products"
1993,87.7,"Fish"
1993,82.4,"Fresh or frozen fish (including portions and fish sticks)"
1993,99.1,"Canned and other preserved fish"
1993,78.4,"Seafood and other marine products"
1993,82.8,"Dairy products and eggs"
1993,83.7,"Dairy products"
1993,85.5,"Fresh milk"
1993,78.7,"Butter"
1993,83.3,"Cheese"
1993,83.8,"Ice cream and related products"
1993,81.8,"Other dairy products"
1993,73.4,"Eggs"
1993,83.5,"Bakery and cereal products (excluding baby food)"
1993,84.5,"Bakery products"
1993,83,"Bread, rolls and buns"
1993,89,"Cookies and crackers"
1993,84,"Other bakery products"
1993,81,"Cereal products (excluding baby food)"
1993,79.5,"Rice and rice-based mixes"
1993,81.9,"Breakfast cereal and other cereal products (excluding baby food)"
1993,80.3,"Pasta products"
1993,79.6,"Flour and flour-based mixes"
1993,88.9,"Fruit, fruit preparations and nuts"
1993,87.9,"Fresh fruit"
1993,73.1,"Apples"
1993,71.9,"Oranges"
1993,104.1,"Bananas"
1993,98.5,"Other fresh fruit"
1993,90.5,"Preserved fruit and fruit preparations"
1993,92.2,"Fruit juices"
1993,87.3,"Other preserved fruit and fruit preparations"
1993,86.7,"Nuts and seeds"
1993,90.8,"Vegetables and vegetable preparations"
1993,89.8,"Fresh vegetables"
1993,66.7,"Potatoes"
1993,82.3,"Tomatoes"
1993,110.6,"Lettuce"
1993,100.8,"Other fresh vegetables"
1993,94.9,"Preserved vegetables and vegetable preparations"
1993,87.8,"Frozen and dried vegetables"
1993,98.6,"Canned vegetables and other vegetable preparations"
1993,86.8,"Other food products and non-alcoholic beverages"
1993,73.7,"Sugar and confectionery"
1993,63.9,"Sugar and syrup"
1993,79.1,"Confectionery"
1993,79.4,"Edible fats and oils"
1993,77.4,"Margarine"
1993,83.3,"Other edible fats and oils"
1993,78.3,"Coffee and tea"
1993,77.5,"Coffee"
1993,80,"Tea"
1993,84.2,"Condiments, spices and vinegars"
1993,89.9,"Other food preparations"
1993,95.1,"Soup"
1993,89.1,"Baby foods"
1993,97.7,"Frozen food preparations"
1993,86,"All other food preparations"
1993,104.6,"Non-alcoholic beverages"
1993,83,"Food purchased from restaurants"
1993,81.2,"Food purchased from table-service restaurants"
1993,87,"Food purchased from fast food and take-out restaurants"
1993,89.1,"Shelter"
1993,88.4,"Rented accommodation"
1993,88.5,"Rent"
1993,83.9,"Tenants' insurance premiums"
1993,87.7,"Tenants' maintenance, repairs and other expenses"
1993,93.2,"Owned accommodation"
1993,108.9,"Mortgage interest cost"
1993,88.3,"Homeowners' replacement cost"
1993,88.2,"Property taxes and other special charges"
1993,77.4,"Homeowners' home and mortgage insurance"
1993,82.2,"Homeowners' maintenance and repairs"
1993,78.3,"Water, fuel and electricity"
1993,87.2,"Electricity"
1993,76.9,"Water"
1993,61.5,"Natural gas"
1993,77.1,"Fuel oil and other fuels"
1993,88.7,"Household operations, furnishings and equipment"
1993,86.1,"Household operations"
1993,85.3,"Communications"
1993,85.9,"Telephone services"
1993,78.3,"Postal and other communications services"
1993,88.1,"Child care and housekeeping services"
1993,90,"Child care services"
1993,82.4,"Housekeeping services"
1993,94.8,"Household cleaning products"
1993,94.2,"Detergents and soaps (other than personal care)"
1993,95.4,"Other household cleaning products"
1993,77.5,"Paper, plastic and aluminum foil supplies"
1993,75.5,"Paper supplies"
1993,86.8,"Plastic and aluminum foil supplies"
1993,87.1,"Other household goods and services"
1993,86.6,"Pet food and supplies"
1993,85.2,"Seeds, plants and cut flowers"
1993,88.5,"Other horticultural goods"
1993,105.7,"Other household supplies"
1993,93.1,"Household furnishings and equipment"
1993,91.5,"Furniture and household textiles"
1993,91.2,"Furniture"
1993,92.2,"Upholstered furniture"
1993,85.5,"Wooden furniture"
1993,91.4,"Household textiles"
1993,94.5,"Window coverings"
1993,94.3,"Bedding and other household textiles"
1993,75.7,"Area rugs and mats"
1993,98.4,"Household equipment"
1993,98.9,"Household appliances"
1993,103.1,"Cooking appliances"
1993,99.5,"Refrigerators and freezers"
1993,96.2,"Laundry and dishwashing appliances"
1993,97.4,"Other household appliances"
1993,91.1,"Non-electric kitchen utensils, tableware and cookware"
1993,98.9,"Household tools (including lawn, garden and snow removal equipment)"
1993,79.2,"Services related to household furnishings and equipment"
1993,96,"Clothing and footwear"
1993,97.1,"Clothing"
1993,97.3,"Women's clothing"
1993,96.7,"Men's clothing"
1993,98.8,"Children's clothing"
1993,96.4,"Footwear"
1993,89.6,"Women's footwear (excluding athletic)"
1993,92.6,"Men's footwear (excluding athletic)"
1993,115.5,"Athletic footwear"
1993,97.6,"Clothing accessories, watches and jewellery"
1993,94,"Leather clothing accessories"
1993,95.7,"Watches"
1993,100.5,"Jewellery"
1993,85,"Clothing material, notions and services"
1993,91.3,"Clothing material and notions"
1993,87,"Laundry services"
1993,84.4,"Dry cleaning services"
1993,79.5,"Other clothing services"
1993,76.8,"Transportation"
1993,78.1,"Private transportation"
1993,82.8,"Purchase, leasing and rental of passenger vehicles"
1993,82.6,"Purchase and leasing of passenger vehicles"
1993,82.6,"Purchase of passenger vehicles"
1993,79.3,"Rental of passenger vehicles"
1993,76.2,"Operation of passenger vehicles"
1993,77.4,"Gasoline"
1993,85.7,"Passenger vehicle parts, maintenance and repairs"
1993,90.2,"Passenger vehicle parts, accessories and supplies"
1993,83.6,"Passenger vehicle maintenance and repair services"
1993,70.3,"Other passenger vehicle operating expenses"
1993,66.6,"Passenger vehicle insurance premiums"
1993,96.8,"Passenger vehicle registration fees"
1993,104.9,"Drivers' licences"
1993,77.4,"Parking fees"
1993,88.7,"All other passenger vehicle operating expenses"
1993,63.6,"Public transportation"
1993,75.7,"Local and commuter transportation"
1993,73.3,"City bus and subway transportation"
1993,85.3,"Taxi and other local and commuter transportation services"
1993,56.6,"Inter-city transportation"
1993,54.5,"Air transportation"
1993,68.3,"Rail, highway bus and other inter-city transportation"
1993,88.9,"Health and personal care"
1993,85.6,"Health care"
1993,91.9,"Health care goods"
1993,89.4,"Medicinal and pharmaceutical products"
1993,89.4,"Prescribed medicines (excluding medicinal cannabis)"
1993,89,"Non-prescribed medicines"
1993,96.3,"Eye care goods"
1993,97.9,"Other health care goods"
1993,78.3,"Health care services"
1993,79.4,"Dental care services"
1993,91.5,"Personal care"
1993,97.1,"Personal care supplies and equipment"
1993,107.2,"Personal soap"
1993,95.2,"Toiletry items and cosmetics"
1993,121,"Oral-hygiene products"
1993,93.1,"Other personal care supplies and equipment"
1993,83.7,"Personal care services"
1993,81.1,"Recreation, education and reading"
1993,87.5,"Recreation"
1993,137.7,"Recreational equipment and services (excluding recreational vehicles)"
1993,96.2,"Sporting and exercise equipment"
1993,101,"Toys, games (excluding video games) and hobby supplies"
1993,123.2,"Photographic equipment and supplies"
1993,100,"Recreational services"
1993,78.7,"Purchase and operation of recreational vehicles"
1993,77.9,"Purchase of recreational vehicles and outboard motors"
1993,80.7,"Operation of recreational vehicles"
1993,104.5,"Home entertainment equipment, parts and services"
1993,127.2,"Audio equipment"
1993,142.2,"Video equipment"
1993,72.9,"Rental of digital media"
1993,94.6,"Other home entertainment equipment, parts and services"
1993,69.4,"Travel services"
1993,78.9,"Traveller accommodation"
1993,57.7,"Travel tours"
1993,70.7,"Other cultural and recreational services"
1993,68.7,"Spectator entertainment (excluding video and audio subscription services)"
1993,65.2,"Video and audio subscription services"
1993,77.2,"Use of recreational facilities and services"
1993,64.2,"Education and reading"
1993,59.9,"Education"
1993,52.9,"Tuition fees"
1993,82.4,"Other lessons, courses and education services"
1993,74.5,"Reading material (excluding textbooks)"
1993,74.6,"Newspapers"
1993,70.9,"Magazines and periodicals"
1993,76.8,"Books and reading material (excluding textbooks)"
1993,82.2,"Alcoholic beverages, tobacco products and recreational cannabis"
1993,85.7,"Alcoholic beverages"
1993,86.1,"Alcoholic beverages served in licensed establishments"
1993,86.2,"Beer served in licensed establishments"
1993,84.4,"Liquor served in licensed establishments"
1993,85.5,"Alcoholic beverages purchased from stores"
1993,80.5,"Beer purchased from stores"
1993,87.1,"Wine purchased from stores"
1993,94.5,"Liquor purchased from stores"
1993,88.4,"Tobacco products and smokers' supplies"
1993,89,"Cigarettes"
1993,85.3,"All-items excluding eight of the most volatile components as defined by the Bank of Canada and excluding the effect of changes in indirect taxes"
1993,85.2,"All-items excluding eight of the most volatile components as defined by the Bank of Canada"
1993,85.7,"All-items excluding food"
1993,86.8,"All-items excluding food and energy"
1993,84.4,"All-items excluding mortgage interest cost"
1993,85.1,"All-items excluding alcoholic beverages, tobacco products and smokers' supplies and recreational cannabis"
1993,85.6,"All-items excluding alcoholic beverages and recreational cannabis"
1993,85.2,"All-items excluding tobacco products and smokers' supplies and recreational cannabis"
1993,84.2,"All-items excluding shelter"
1993,86.3,"All-items excluding energy"
1993,82.3,"Food and energy"
1993,89,"Fresh fruit and vegetables"
1993,78.1,"Energy"
1993,88.7,"Housing (1986 definition)"
1993,88.7,"Shelter (1986 definition)"
1993,85.6,"Goods and services"
1993,87.8,"Goods"
1993,92.5,"Durable goods"
1993,93.4,"Semi-durable goods"
1993,85.2,"Non-durable goods"
1993,84.9,"Non-durable goods excluding food purchased from stores"
1993,89.9,"Non-durable goods excluding food purchased from stores and energy"
1993,88.9,"Goods excluding food purchased from stores"
1993,92,"Goods excluding food purchased from stores and energy"
1993,83.1,"Services"
1993,76.8,"Services excluding shelter services"
1994,85.7,"All-items"
1994,84.9,"Food"
1994,85,"Food purchased from stores"
1994,81.9,"Meat"
1994,82.1,"Fresh or frozen meat (excluding poultry)"
1994,80,"Fresh or frozen beef"
1994,89,"Fresh or frozen pork"
1994,83.7,"Other fresh or frozen meat (excluding poultry)"
1994,82.8,"Fresh or frozen poultry"
1994,83.1,"Fresh or frozen chicken"
1994,80.1,"Other fresh or frozen poultry"
1994,81.2,"Processed meat"
1994,71.7,"Ham and bacon"
1994,87.1,"Other processed meat"
1994,85.1,"Fish, seafood and other marine products"
1994,86.7,"Fish"
1994,82.2,"Fresh or frozen fish (including portions and fish sticks)"
1994,96.1,"Canned and other preserved fish"
1994,81.1,"Seafood and other marine products"
1994,82.7,"Dairy products and eggs"
1994,83.4,"Dairy products"
1994,84,"Fresh milk"
1994,79.4,"Butter"
1994,84.4,"Cheese"
1994,84,"Ice cream and related products"
1994,80.9,"Other dairy products"
1994,75.6,"Eggs"
1994,85,"Bakery and cereal products (excluding baby food)"
1994,85.1,"Bakery products"
1994,84.1,"Bread, rolls and buns"
1994,89,"Cookies and crackers"
1994,84.4,"Other bakery products"
1994,84.3,"Cereal products (excluding baby food)"
1994,86.8,"Rice and rice-based mixes"
1994,84.5,"Breakfast cereal and other cereal products (excluding baby food)"
1994,84.8,"Pasta products"
1994,80.6,"Flour and flour-based mixes"
1994,87.9,"Fruit, fruit preparations and nuts"
1994,87.3,"Fresh fruit"
1994,72.8,"Apples"
1994,73.4,"Oranges"
1994,102,"Bananas"
1994,96.8,"Other fresh fruit"
1994,88.9,"Preserved fruit and fruit preparations"
1994,90,"Fruit juices"
1994,86.6,"Other preserved fruit and fruit preparations"
1994,90.4,"Nuts and seeds"
1994,86.3,"Vegetables and vegetable preparations"
1994,84.3,"Fresh vegetables"
1994,73.8,"Potatoes"
1994,78.8,"Tomatoes"
1994,93.9,"Lettuce"
1994,91.9,"Other fresh vegetables"
1994,93.1,"Preserved vegetables and vegetable preparations"
1994,87.9,"Frozen and dried vegetables"
1994,95.9,"Canned vegetables and other vegetable preparations"
1994,88.4,"Other food products and non-alcoholic beverages"
1994,76.6,"Sugar and confectionery"
1994,68,"Sugar and syrup"
1994,81.6,"Confectionery"
1994,81.8,"Edible fats and oils"
1994,80.2,"Margarine"
1994,84.8,"Other edible fats and oils"
1994,92.9,"Coffee and tea"
1994,97.9,"Coffee"
1994,80.5,"Tea"
1994,84.6,"Condiments, spices and vinegars"
1994,89.8,"Other food preparations"
1994,93.9,"Soup"
1994,90.5,"Baby foods"
1994,96.5,"Frozen food preparations"
1994,86.3,"All other food preparations"
1994,101,"Non-alcoholic beverages"
1994,84.1,"Food purchased from restaurants"
1994,82.2,"Food purchased from table-service restaurants"
1994,88.3,"Food purchased from fast food and take-out restaurants"
1994,89.4,"Shelter"
1994,89.9,"Rented accommodation"
1994,90.1,"Rent"
1994,84.7,"Tenants' insurance premiums"
1994,84.1,"Tenants' maintenance, repairs and other expenses"
1994,92.3,"Owned accommodation"
1994,103.4,"Mortgage interest cost"
1994,88.5,"Homeowners' replacement cost"
1994,90.5,"Property taxes and other special charges"
1994,79.3,"Homeowners' home and mortgage insurance"
1994,80.8,"Homeowners' maintenance and repairs"
1994,80.1,"Water, fuel and electricity"
1994,87.7,"Electricity"
1994,79.5,"Water"
1994,66.7,"Natural gas"
1994,76.2,"Fuel oil and other fuels"
1994,88.9,"Household operations, furnishings and equipment"
1994,86.3,"Household operations"
1994,85.5,"Communications"
1994,86,"Telephone services"
1994,79,"Postal and other communications services"
1994,90.9,"Child care and housekeeping services"
1994,93,"Child care services"
1994,84.7,"Housekeeping services"
1994,91.7,"Household cleaning products"
1994,92.9,"Detergents and soaps (other than personal care)"
1994,90.7,"Other household cleaning products"
1994,76.8,"Paper, plastic and aluminum foil supplies"
1994,75.5,"Paper supplies"
1994,83.2,"Plastic and aluminum foil supplies"
1994,87.2,"Other household goods and services"
1994,87.1,"Pet food and supplies"
1994,83,"Seeds, plants and cut flowers"
1994,88.1,"Other horticultural goods"
1994,106.1,"Other household supplies"
1994,93.3,"Household furnishings and equipment"
1994,91.4,"Furniture and household textiles"
1994,91.6,"Furniture"
1994,93.2,"Upholstered furniture"
1994,86,"Wooden furniture"
1994,90.8,"Household textiles"
1994,95.4,"Window coverings"
1994,91.7,"Bedding and other household textiles"
1994,75.9,"Area rugs and mats"
1994,98.5,"Household equipment"
1994,99.3,"Household appliances"
1994,102.5,"Cooking appliances"
1994,100.9,"Refrigerators and freezers"
1994,97,"Laundry and dishwashing appliances"
1994,97.5,"Other household appliances"
1994,89.8,"Non-electric kitchen utensils, tableware and cookware"
1994,99.6,"Household tools (including lawn, garden and snow removal equipment)"
1994,80.6,"Services related to household furnishings and equipment"
1994,96.8,"Clothing and footwear"
1994,97.8,"Clothing"
1994,98.3,"Women's clothing"
1994,96.6,"Men's clothing"
1994,99.6,"Children's clothing"
1994,98.2,"Footwear"
1994,91.5,"Women's footwear (excluding athletic)"
1994,94.9,"Men's footwear (excluding athletic)"
1994,115.2,"Athletic footwear"
1994,98.2,"Clothing accessories, watches and jewellery"
1994,95.7,"Leather clothing accessories"
1994,96.9,"Watches"
1994,100.6,"Jewellery"
1994,86.2,"Clothing material, notions and services"
1994,92.1,"Clothing material and notions"
1994,88,"Laundry services"
1994,85.9,"Dry cleaning services"
1994,80,"Other clothing services"
1994,80.2,"Transportation"
1994,81.6,"Private transportation"
1994,88.2,"Purchase, leasing and rental of passenger vehicles"
1994,88.1,"Purchase and leasing of passenger vehicles"
1994,88.1,"Purchase of passenger vehicles"
1994,84.6,"Rental of passenger vehicles"
1994,77.9,"Operation of passenger vehicles"
1994,76.5,"Gasoline"
1994,86,"Passenger vehicle parts, maintenance and repairs"
1994,89.9,"Passenger vehicle parts, accessories and supplies"
1994,84.1,"Passenger vehicle maintenance and repair services"
1994,75.3,"Other passenger vehicle operating expenses"
1994,73.5,"Passenger vehicle insurance premiums"
1994,88.8,"Passenger vehicle registration fees"
1994,93.8,"Drivers' licences"
1994,78.8,"Parking fees"
1994,89.1,"All other passenger vehicle operating expenses"
1994,66.8,"Public transportation"
1994,76.7,"Local and commuter transportation"
1994,74.5,"City bus and subway transportation"
1994,85.4,"Taxi and other local and commuter transportation services"
1994,61.1,"Inter-city transportation"
1994,59.3,"Air transportation"
1994,72.2,"Rail, highway bus and other inter-city transportation"
1994,89.7,"Health and personal care"
1994,86.8,"Health care"
1994,91.9,"Health care goods"
1994,90.1,"Medicinal and pharmaceutical products"
1994,90.5,"Prescribed medicines (excluding medicinal cannabis)"
1994,89.2,"Non-prescribed medicines"
1994,94.7,"Eye care goods"
1994,98.7,"Other health care goods"
1994,80.6,"Health care services"
1994,81.7,"Dental care services"
1994,92.2,"Personal care"
1994,96.7,"Personal care supplies and equipment"
1994,108,"Personal soap"
1994,96.4,"Toiletry items and cosmetics"
1994,114,"Oral-hygiene products"
1994,90.3,"Other personal care supplies and equipment"
1994,85.5,"Personal care services"
1994,83.5,"Recreation, education and reading"
1994,89.3,"Recreation"
1994,138.4,"Recreational equipment and services (excluding recreational vehicles)"
1994,96.9,"Sporting and exercise equipment"
1994,101.4,"Toys, games (excluding video games) and hobby supplies"
1994,126.8,"Photographic equipment and supplies"
1994,100.8,"Recreational services"
1994,81.4,"Purchase and operation of recreational vehicles"
1994,82.1,"Purchase of recreational vehicles and outboard motors"
1994,81,"Operation of recreational vehicles"
1994,103.4,"Home entertainment equipment, parts and services"
1994,127.6,"Audio equipment"
1994,139.3,"Video equipment"
1994,73.7,"Rental of digital media"
1994,96.2,"Other home entertainment equipment, parts and services"
1994,71.4,"Travel services"
1994,81.4,"Traveller accommodation"
1994,59.1,"Travel tours"
1994,73.2,"Other cultural and recreational services"
1994,69.7,"Spectator entertainment (excluding video and audio subscription services)"
1994,70.1,"Video and audio subscription services"
1994,79.1,"Use of recreational facilities and services"
1994,67.7,"Education and reading"
1994,64,"Education"
1994,57.8,"Tuition fees"
1994,84.6,"Other lessons, courses and education services"
1994,76.9,"Reading material (excluding textbooks)"
1994,76.8,"Newspapers"
1994,73.7,"Magazines and periodicals"
1994,79.2,"Books and reading material (excluding textbooks)"
1994,68.8,"Alcoholic beverages, tobacco products and recreational cannabis"
1994,85.9,"Alcoholic beverages"
1994,86.7,"Alcoholic beverages served in licensed establishments"
1994,87,"Beer served in licensed establishments"
1994,85.8,"Liquor served in licensed establishments"
1994,85.5,"Alcoholic beverages purchased from stores"
1994,80.6,"Beer purchased from stores"
1994,86.2,"Wine purchased from stores"
1994,94.8,"Liquor purchased from stores"
1994,56.3,"Tobacco products and smokers' supplies"
1994,56.5,"Cigarettes"
1994,86.9,"All-items excluding eight of the most volatile components as defined by the Bank of Canada and excluding the effect of changes in indirect taxes"
1994,86.8,"All-items excluding eight of the most volatile components as defined by the Bank of Canada"
1994,85.9,"All-items excluding food"
1994,86.9,"All-items excluding food and energy"
1994,84.8,"All-items excluding mortgage interest cost"
1994,86.4,"All-items excluding alcoholic beverages, tobacco products and smokers' supplies and recreational cannabis"
1994,85.7,"All-items excluding alcoholic beverages and recreational cannabis"
1994,86.4,"All-items excluding tobacco products and smokers' supplies and recreational cannabis"
1994,84.3,"All-items excluding shelter"
1994,86.4,"All-items excluding energy"
1994,82.7,"Food and energy"
1994,85.8,"Fresh fruit and vegetables"
1994,78.6,"Energy"
1994,89.1,"Housing (1986 definition)"
1994,89.1,"Shelter (1986 definition)"
1994,85.7,"Goods and services"
1994,86.8,"Goods"
1994,96,"Durable goods"
1994,94.2,"Semi-durable goods"
1994,81.6,"Non-durable goods"
1994,79,"Non-durable goods excluding food purchased from stores"
1994,79.2,"Non-durable goods excluding food purchased from stores and energy"
1994,87.5,"Goods excluding food purchased from stores"
1994,90.3,"Goods excluding food purchased from stores and energy"
1994,84.5,"Services"
1994,79.1,"Services excluding shelter services"
1995,87.6,"All-items"
1995,86.9,"Food"
1995,87.3,"Food purchased from stores"
1995,82.4,"Meat"
1995,82.4,"Fresh or frozen meat (excluding poultry)"
1995,79.7,"Fresh or frozen beef"
1995,91.2,"Fresh or frozen pork"
1995,83.4,"Other fresh or frozen meat (excluding poultry)"
1995,82.2,"Fresh or frozen poultry"
1995,82.8,"Fresh or frozen chicken"
1995,78.7,"Other fresh or frozen poultry"
1995,82,"Processed meat"
1995,72.4,"Ham and bacon"
1995,87.9,"Other processed meat"
1995,88.2,"Fish, seafood and other marine products"
1995,88.9,"Fish"
1995,83.4,"Fresh or frozen fish (including portions and fish sticks)"
1995,100.7,"Canned and other preserved fish"
1995,86.6,"Seafood and other marine products"
1995,85.2,"Dairy products and eggs"
1995,85.6,"Dairy products"
1995,85.6,"Fresh milk"
1995,82.3,"Butter"
1995,86.5,"Cheese"
1995,85.1,"Ice cream and related products"
1995,84.9,"Other dairy products"
1995,81.6,"Eggs"
1995,88.6,"Bakery and cereal products (excluding baby food)"
1995,87.4,"Bakery products"
1995,86.4,"Bread, rolls and buns"
1995,91.3,"Cookies and crackers"
1995,86.4,"Other bakery products"
1995,90.5,"Cereal products (excluding baby food)"
1995,91.4,"Rice and rice-based mixes"
1995,89.9,"Breakfast cereal and other cereal products (excluding baby food)"
1995,93.9,"Pasta products"
1995,86.1,"Flour and flour-based mixes"
1995,87.5,"Fruit, fruit preparations and nuts"
1995,85.1,"Fresh fruit"
1995,73.6,"Apples"
1995,72.1,"Oranges"
1995,105.1,"Bananas"
1995,90.8,"Other fresh fruit"
1995,91.4,"Preserved fruit and fruit preparations"
1995,92.3,"Fruit juices"
1995,89.5,"Other preserved fruit and fruit preparations"
1995,92.1,"Nuts and seeds"
1995,86,"Vegetables and vegetable preparations"
1995,83.7,"Fresh vegetables"
1995,65.2,"Potatoes"
1995,72.9,"Tomatoes"
1995,107.4,"Lettuce"
1995,94,"Other fresh vegetables"
1995,93.8,"Preserved vegetables and vegetable preparations"
1995,90.6,"Frozen and dried vegetables"
1995,95.8,"Canned vegetables and other vegetable preparations"
1995,94.7,"Other food products and non-alcoholic beverages"
1995,83,"Sugar and confectionery"
1995,78,"Sugar and syrup"
1995,86.2,"Confectionery"
1995,87.8,"Edible fats and oils"
1995,85.9,"Margarine"
1995,91.2,"Other edible fats and oils"
1995,118.4,"Coffee and tea"
1995,133,"Coffee"
1995,82.8,"Tea"
1995,87.7,"Condiments, spices and vinegars"
1995,92.6,"Other food preparations"
1995,96.7,"Soup"
1995,92.9,"Baby foods"
1995,99.3,"Frozen food preparations"
1995,88.9,"All other food preparations"
1995,104.3,"Non-alcoholic beverages"
1995,85.7,"Food purchased from restaurants"
1995,83.7,"Food purchased from table-service restaurants"
1995,90.2,"Food purchased from fast food and take-out restaurants"
1995,85.7,"Food purchased from cafeterias and other restaurants"
1995,90.4,"Shelter"
1995,91.2,"Rented accommodation"
1995,91.5,"Rent"
1995,86.5,"Tenants' insurance premiums"
1995,80.5,"Tenants' maintenance, repairs and other expenses"
1995,93.7,"Owned accommodation"
1995,107.1,"Mortgage interest cost"
1995,88,"Homeowners' replacement cost"
1995,91.8,"Property taxes and other special charges"
1995,80.3,"Homeowners' home and mortgage insurance"
1995,81.1,"Homeowners' maintenance and repairs"
1995,89.6,"Other owned accommodation expenses"
1995,79.3,"Water, fuel and electricity"
1995,87.3,"Electricity"
1995,82.8,"Water"
1995,62.6,"Natural gas"
1995,75.1,"Fuel oil and other fuels"
1995,90.6,"Household operations, furnishings and equipment"
1995,88.2,"Household operations"
1995,85.8,"Communications"
1995,86.2,"Telephone services"
1995,80.9,"Postal and other communications services"
1995,93,"Child care and housekeeping services"
1995,95.1,"Child care services"
1995,86.6,"Housekeeping services"
1995,92.4,"Household cleaning products"
1995,94.1,"Detergents and soaps (other than personal care)"
1995,90.8,"Other household cleaning products"
1995,85.1,"Paper, plastic and aluminum foil supplies"
1995,83.8,"Paper supplies"
1995,90.9,"Plastic and aluminum foil supplies"
1995,87.9,"Other household goods and services"
1995,88.7,"Pet food and supplies"
1995,84.4,"Seeds, plants and cut flowers"
1995,89,"Other horticultural goods"
1995,102.6,"Other household supplies"
1995,84.9,"Other household services"
1995,94.5,"Household furnishings and equipment"
1995,92.3,"Furniture and household textiles"
1995,92.6,"Furniture"
1995,95.5,"Upholstered furniture"
1995,89.2,"Wooden furniture"
1995,94.1,"Other furniture"
1995,91.6,"Household textiles"
1995,94.1,"Window coverings"
1995,93.3,"Bedding and other household textiles"
1995,78.1,"Area rugs and mats"
1995,100.2,"Household equipment"
1995,99.7,"Household appliances"
1995,102.7,"Cooking appliances"
1995,100.8,"Refrigerators and freezers"
1995,97.9,"Laundry and dishwashing appliances"
1995,97.7,"Other household appliances"
1995,91.9,"Non-electric kitchen utensils, tableware and cookware"
1995,102.7,"Tools and other household equipment"
1995,102.6,"Household tools (including lawn, garden and snow removal equipment)"
1995,102.7,"Other household equipment"
1995,81.3,"Services related to household furnishings and equipment"
1995,96.7,"Clothing and footwear"
1995,97.7,"Clothing"
1995,98.4,"Women's clothing"
1995,97.1,"Men's clothing"
1995,96.8,"Children's clothing"
1995,98.2,"Footwear"
1995,91.9,"Women's footwear (excluding athletic)"
1995,96,"Men's footwear (excluding athletic)"
1995,94.2,"Children's footwear (excluding athletic)"
1995,113.2,"Athletic footwear"
1995,97.2,"Clothing accessories, watches and jewellery"
1995,97.2,"Leather clothing accessories"
1995,97.8,"Other clothing accessories"
1995,98.7,"Watches"
1995,96.3,"Jewellery"
1995,87.5,"Clothing material, notions and services"
1995,93.2,"Clothing material and notions"
1995,88.1,"Laundry services"
1995,87.7,"Dry cleaning services"
1995,81.2,"Other clothing services"
1995,84.3,"Transportation"
1995,85.9,"Private transportation"
1995,93.6,"Purchase, leasing and rental of passenger vehicles"
1995,93.2,"Purchase and leasing of passenger vehicles"
1995,93.2,"Purchase of passenger vehicles"
1995,91.4,"Rental of passenger vehicles"
1995,81.3,"Operation of passenger vehicles"
1995,80.1,"Gasoline"
1995,86.7,"Passenger vehicle parts, maintenance and repairs"
1995,90.9,"Passenger vehicle parts, accessories and supplies"
1995,84.8,"Passenger vehicle maintenance and repair services"
1995,79.9,"Other passenger vehicle operating expenses"
1995,78.7,"Passenger vehicle insurance premiums"
1995,88.9,"Passenger vehicle registration fees"
1995,94.2,"Drivers' licences"
1995,79.6,"Parking fees"
1995,91.3,"All other passenger vehicle operating expenses"
1995,68.8,"Public transportation"
1995,78.8,"Local and commuter transportation"
1995,76.8,"City bus and subway transportation"
1995,85.8,"Taxi and other local and commuter transportation services"
1995,63,"Inter-city transportation"
1995,61.2,"Air transportation"
1995,76.4,"Rail, highway bus and other inter-city transportation"
1995,89.6,"Health and personal care"
1995,87.4,"Health care"
1995,91.7,"Health care goods"
1995,90.1,"Medicinal and pharmaceutical products"
1995,90.5,"Prescribed medicines (excluding medicinal cannabis)"
1995,89.2,"Non-prescribed medicines"
1995,94.4,"Eye care goods"
1995,96.6,"Other health care goods"
1995,82,"Health care services"
1995,83.1,"Dental care services"
1995,78.8,"Other health care services"
1995,91.5,"Personal care"
1995,94.8,"Personal care supplies and equipment"
1995,104.8,"Personal soap"
1995,95.3,"Toiletry items and cosmetics"
1995,107,"Oral-hygiene products"
1995,87.8,"Other personal care supplies and equipment"
1995,86.7,"Personal care services"
1995,86.7,"Recreation, education and reading"
1995,91.8,"Recreation"
1995,134.6,"Recreational equipment and services (excluding recreational vehicles)"
1995,95,"Sporting and exercise equipment"
1995,99,"Toys, games (excluding video games) and hobby supplies"
1995,390,"Digital computing equipment and devices"
1995,127.2,"Photographic equipment and supplies"
1995,115.4,"Other recreational equipment"
1995,99.8,"Recreational services"
1995,84.1,"Purchase and operation of recreational vehicles"
1995,85.1,"Purchase of recreational vehicles and outboard motors"
1995,83,"Operation of recreational vehicles"
1995,84.3,"Fuel, parts and accessories for recreational vehicles"
1995,82,"Insurance, licences and other services for recreational vehicles"
1995,102.4,"Home entertainment equipment, parts and services"
1995,125.6,"Audio equipment"
1995,136.9,"Video equipment"
1995,74.4,"Rental of digital media"
1995,97,"Other home entertainment equipment, parts and services"
1995,78,"Travel services"
1995,89.3,"Traveller accommodation"
1995,63.6,"Travel tours"
1995,76.4,"Other cultural and recreational services"
1995,73.5,"Spectator entertainment (excluding video and audio subscription services)"
1995,73.6,"Video and audio subscription services"
1995,81.6,"Use of recreational facilities and services"
1995,72.4,"Education and reading"
1995,68.6,"Education"
1995,62.8,"Tuition fees"
1995,82.1,"School textbooks and supplies"
1995,86.3,"Other lessons, courses and education services"
1995,81.9,"Reading material (excluding textbooks)"
1995,82.7,"Newspapers"
1995,78.3,"Magazines and periodicals"
1995,83.1,"Books and reading material (excluding textbooks)"
1995,68.7,"Alcoholic beverages, tobacco products and recreational cannabis"
1995,87,"Alcoholic beverages"
1995,87.5,"Alcoholic beverages served in licensed establishments"
1995,88,"Beer served in licensed establishments"
1995,86.5,"Wine served in licensed establishments"
1995,87,"Liquor served in licensed establishments"
1995,86.8,"Alcoholic beverages purchased from stores"
1995,82.8,"Beer purchased from stores"
1995,87.6,"Wine purchased from stores"
1995,94.7,"Liquor purchased from stores"
1995,54.7,"Tobacco products and smokers' supplies"
1995,54.8,"Cigarettes"
1995,54.1,"Other tobacco products and smokers' supplies"
1995,88.8,"All-items excluding eight of the most volatile components as defined by the Bank of Canada and excluding the effect of changes in indirect taxes"
1995,88.7,"All-items excluding eight of the most volatile components as defined by the Bank of Canada"
1995,87.7,"All-items excluding food"
1995,88.8,"All-items excluding food and energy"
1995,86.6,"All-items excluding mortgage interest cost"
1995,88.4,"All-items excluding alcoholic beverages, tobacco products and smokers' supplies and recreational cannabis"
1995,87.6,"All-items excluding alcoholic beverages and recreational cannabis"
1995,88.4,"All-items excluding tobacco products and smokers' supplies and recreational cannabis"
1995,86.5,"All-items excluding shelter"
1995,88.4,"All-items excluding energy"
1995,84.4,"Food and energy"
1995,84.4,"Fresh fruit and vegetables"
1995,79.6,"Energy"
1995,90.4,"Housing (1986 definition)"
1995,90.4,"Shelter (1986 definition)"
1995,87.6,"Goods and services"
1995,88.4,"Goods"
1995,99,"Durable goods"
1995,94.9,"Semi-durable goods"
1995,82.9,"Non-durable goods"
1995,79.5,"Non-durable goods excluding food purchased from stores"
1995,79.5,"Non-durable goods excluding food purchased from stores and energy"
1995,89,"Goods excluding food purchased from stores"
1995,91.8,"Goods excluding food purchased from stores and energy"
1995,86.7,"Services"
1995,81.9,"Services excluding shelter services"
1996,88.9,"All-items"
1996,88,"Food"
1996,88.3,"Food purchased from stores"
1996,84.9,"Meat"
1996,81.5,"Fresh or frozen meat (excluding poultry)"
1996,76.2,"Fresh or frozen beef"
1996,98.6,"Fresh or frozen pork"
1996,83.9,"Other fresh or frozen meat (excluding poultry)"
1996,88.7,"Fresh or frozen poultry"
1996,90.4,"Fresh or frozen chicken"
1996,81.2,"Other fresh or frozen poultry"
1996,87.8,"Processed meat"
1996,83.8,"Ham and bacon"
1996,90.1,"Other processed meat"
1996,87.4,"Fish, seafood and other marine products"
1996,87.2,"Fish"
1996,84,"Fresh or frozen fish (including portions and fish sticks)"
1996,94.4,"Canned and other preserved fish"
1996,87.8,"Seafood and other marine products"
1996,87,"Dairy products and eggs"
1996,87,"Dairy products"
1996,86.6,"Fresh milk"
1996,83.5,"Butter"
1996,88.4,"Cheese"
1996,87.5,"Ice cream and related products"
1996,85.7,"Other dairy products"
1996,86.8,"Eggs"
1996,92,"Bakery and cereal products (excluding baby food)"
1996,90.8,"Bakery products"
1996,91.1,"Bread, rolls and buns"
1996,94.7,"Cookies and crackers"
1996,87.6,"Other bakery products"
1996,93.8,"Cereal products (excluding baby food)"
1996,94.5,"Rice and rice-based mixes"
1996,92.1,"Breakfast cereal and other cereal products (excluding baby food)"
1996,96.8,"Pasta products"
1996,94.1,"Flour and flour-based mixes"
1996,90,"Fruit, fruit preparations and nuts"
1996,86.2,"Fresh fruit"
1996,76.8,"Apples"
1996,75.4,"Oranges"
1996,102.3,"Bananas"
1996,91.1,"Other fresh fruit"
1996,96.6,"Preserved fruit and fruit preparations"
1996,99.1,"Fruit juices"
1996,91.7,"Other preserved fruit and fruit preparations"
1996,94.1,"Nuts and seeds"
1996,78.8,"Vegetables and vegetable preparations"
1996,74.3,"Fresh vegetables"
1996,59.3,"Potatoes"
1996,74.1,"Tomatoes"
1996,78.9,"Lettuce"
1996,81.9,"Other fresh vegetables"
1996,94.4,"Preserved vegetables and vegetable preparations"
1996,90.6,"Frozen and dried vegetables"
1996,96.7,"Canned vegetables and other vegetable preparations"
1996,95.2,"Other food products and non-alcoholic beverages"
1996,85.2,"Sugar and confectionery"
1996,81.5,"Sugar and syrup"
1996,87.8,"Confectionery"
1996,89.8,"Edible fats and oils"
1996,88.2,"Margarine"
1996,92.7,"Other edible fats and oils"
1996,109.4,"Coffee and tea"
1996,119.1,"Coffee"
1996,86.7,"Tea"
1996,89.7,"Condiments, spices and vinegars"
1996,94.1,"Other food preparations"
1996,96.7,"Soup"
1996,91.6,"Baby foods"
1996,99.5,"Frozen food preparations"
1996,91.5,"All other food preparations"
1996,104.6,"Non-alcoholic beverages"
1996,87.1,"Food purchased from restaurants"
1996,85.2,"Food purchased from table-service restaurants"
1996,91.3,"Food purchased from fast food and take-out restaurants"
1996,87.1,"Food purchased from cafeterias and other restaurants"
1996,90.6,"Shelter"
1996,92.3,"Rented accommodation"
1996,92.6,"Rent"
1996,87.3,"Tenants' insurance premiums"
1996,80.2,"Tenants' maintenance, repairs and other expenses"
1996,93,"Owned accommodation"
1996,105.2,"Mortgage interest cost"
1996,86.5,"Homeowners' replacement cost"
1996,93.2,"Property taxes and other special charges"
1996,79.8,"Homeowners' home and mortgage insurance"
1996,82.2,"Homeowners' maintenance and repairs"
1996,88.7,"Other owned accommodation expenses"
1996,80.6,"Water, fuel and electricity"
1996,88.3,"Electricity"
1996,85.6,"Water"
1996,61.9,"Natural gas"
1996,80.3,"Fuel oil and other fuels"
1996,92.5,"Household operations, furnishings and equipment"
1996,91.3,"Household operations"
1996,90.3,"Communications"
1996,90.9,"Telephone services"
1996,83.2,"Postal and other communications services"
1996,95,"Child care and housekeeping services"
1996,97.1,"Child care services"
1996,88.7,"Housekeeping services"
1996,92.6,"Household cleaning products"
1996,94.5,"Detergents and soaps (other than personal care)"
1996,90.9,"Other household cleaning products"
1996,91.4,"Paper, plastic and aluminum foil supplies"
1996,90.9,"Paper supplies"
1996,93.5,"Plastic and aluminum foil supplies"
1996,88.8,"Other household goods and services"
1996,89.8,"Pet food and supplies"
1996,86.5,"Seeds, plants and cut flowers"
1996,90.8,"Other horticultural goods"
1996,99.1,"Other household supplies"
1996,86.6,"Other household services"
1996,94.7,"Household furnishings and equipment"
1996,92,"Furniture and household textiles"
1996,92.6,"Furniture"
1996,95.2,"Upholstered furniture"
1996,89.7,"Wooden furniture"
1996,93.5,"Other furniture"
1996,90.7,"Household textiles"
1996,90.7,"Window coverings"
1996,94,"Bedding and other household textiles"
1996,77.1,"Area rugs and mats"
1996,100.6,"Household equipment"
1996,100.1,"Household appliances"
1996,102.6,"Cooking appliances"
1996,101.3,"Refrigerators and freezers"
1996,98.5,"Laundry and dishwashing appliances"
1996,98.6,"Other household appliances"
1996,96.2,"Non-electric kitchen utensils, tableware and cookware"
1996,102.1,"Tools and other household equipment"
1996,102.1,"Household tools (including lawn, garden and snow removal equipment)"
1996,102.2,"Other household equipment"
1996,82.7,"Services related to household furnishings and equipment"
1996,96.4,"Clothing and footwear"
1996,97.4,"Clothing"
1996,97.7,"Women's clothing"
1996,96.8,"Men's clothing"
1996,98.3,"Children's clothing"
1996,98.2,"Footwear"
1996,93.6,"Women's footwear (excluding athletic)"
1996,96.8,"Men's footwear (excluding athletic)"
1996,95.3,"Children's footwear (excluding athletic)"
1996,108.5,"Athletic footwear"
1996,94.6,"Clothing accessories, watches and jewellery"
1996,97.7,"Leather clothing accessories"
1996,97.5,"Other clothing accessories"
1996,97.5,"Watches"
1996,89.9,"Jewellery"
1996,88.2,"Clothing material, notions and services"
1996,94.1,"Clothing material and notions"
1996,88.1,"Laundry services"
1996,88.1,"Dry cleaning services"
1996,83.8,"Other clothing services"
1996,87.6,"Transportation"
1996,88.9,"Private transportation"
1996,97.3,"Purchase, leasing and rental of passenger vehicles"
1996,97,"Purchase and leasing of passenger vehicles"
1996,97,"Purchase of passenger vehicles"
1996,92.9,"Rental of passenger vehicles"
1996,84,"Operation of passenger vehicles"
1996,83.6,"Gasoline"
1996,87.8,"Passenger vehicle parts, maintenance and repairs"
1996,91.9,"Passenger vehicle parts, accessories and supplies"
1996,85.8,"Passenger vehicle maintenance and repair services"
1996,82.5,"Other passenger vehicle operating expenses"
1996,81.7,"Passenger vehicle insurance premiums"
1996,88.7,"Passenger vehicle registration fees"
1996,95.1,"Drivers' licences"
1996,80.4,"Parking fees"
1996,92.4,"All other passenger vehicle operating expenses"
1996,74,"Public transportation"
1996,84.6,"Local and commuter transportation"
1996,83.8,"City bus and subway transportation"
1996,87,"Taxi and other local and commuter transportation services"
1996,67.9,"Inter-city transportation"
1996,66.4,"Air transportation"
1996,79.8,"Rail, highway bus and other inter-city transportation"
1996,90.1,"Health and personal care"
1996,88.3,"Health care"
1996,92.1,"Health care goods"
1996,90.4,"Medicinal and pharmaceutical products"
1996,90.8,"Prescribed medicines (excluding medicinal cannabis)"
1996,89.5,"Non-prescribed medicines"
1996,95,"Eye care goods"
1996,96.8,"Other health care goods"
1996,83.4,"Health care services"
1996,84.6,"Dental care services"
1996,79.9,"Other health care services"
1996,91.8,"Personal care"
1996,94.4,"Personal care supplies and equipment"
1996,102.1,"Personal soap"
1996,95,"Toiletry items and cosmetics"
1996,103.9,"Oral-hygiene products"
1996,88.7,"Other personal care supplies and equipment"
1996,87.8,"Personal care services"
1996,88.7,"Recreation, education and reading"
1996,92.9,"Recreation"
1996,132.2,"Recreational equipment and services (excluding recreational vehicles)"
1996,96.5,"Sporting and exercise equipment"
1996,98.5,"Toys, games (excluding video games) and hobby supplies"
1996,357.7,"Digital computing equipment and devices"
1996,128.1,"Photographic equipment and supplies"
1996,113.8,"Other recreational equipment"
1996,98.7,"Recreational services"
1996,87.4,"Purchase and operation of recreational vehicles"
1996,89.1,"Purchase of recreational vehicles and outboard motors"
1996,85.1,"Operation of recreational vehicles"
1996,86.8,"Fuel, parts and accessories for recreational vehicles"
1996,83.7,"Insurance, licences and other services for recreational vehicles"
1996,101.1,"Home entertainment equipment, parts and services"
1996,121.5,"Audio equipment"
1996,129.9,"Video equipment"
1996,77.7,"Rental of digital media"
1996,96.5,"Other home entertainment equipment, parts and services"
1996,79.6,"Travel services"
1996,90.7,"Traveller accommodation"
1996,65.6,"Travel tours"
1996,79,"Other cultural and recreational services"
1996,76.3,"Spectator entertainment (excluding video and audio subscription services)"
1996,76,"Video and audio subscription services"
1996,84.2,"Use of recreational facilities and services"
1996,76.9,"Education and reading"
1996,73.4,"Education"
1996,68.4,"Tuition fees"
1996,85.5,"School textbooks and supplies"
1996,88.2,"Other lessons, courses and education services"
1996,85.7,"Reading material (excluding textbooks)"
1996,88.4,"Newspapers"
1996,80.9,"Magazines and periodicals"
1996,85.1,"Books and reading material (excluding textbooks)"
1996,70.1,"Alcoholic beverages, tobacco products and recreational cannabis"
1996,88.8,"Alcoholic beverages"
1996,88.3,"Alcoholic beverages served in licensed establishments"
1996,88.5,"Beer served in licensed establishments"
1996,88,"Wine served in licensed establishments"
1996,87.8,"Liquor served in licensed establishments"
1996,88.9,"Alcoholic beverages purchased from stores"
1996,85.5,"Beer purchased from stores"
1996,90.2,"Wine purchased from stores"
1996,95,"Liquor purchased from stores"
1996,55.7,"Tobacco products and smokers' supplies"
1996,55.9,"Cigarettes"
1996,55.1,"Other tobacco products and smokers' supplies"
1996,90.3,"All-items excluding eight of the most volatile components as defined by the Bank of Canada and excluding the effect of changes in indirect taxes"
1996,90.2,"All-items excluding eight of the most volatile components as defined by the Bank of Canada"
1996,89.1,"All-items excluding food"
1996,90.1,"All-items excluding food and energy"
1996,88.1,"All-items excluding mortgage interest cost"
1996,89.8,"All-items excluding alcoholic beverages, tobacco products and smokers' supplies and recreational cannabis"
1996,89,"All-items excluding alcoholic beverages and recreational cannabis"
1996,89.8,"All-items excluding tobacco products and smokers' supplies and recreational cannabis"
1996,88.4,"All-items excluding shelter"
1996,89.7,"All-items excluding energy"
1996,85.9,"Food and energy"
1996,79.7,"Fresh fruit and vegetables"
1996,81.9,"Energy"
1996,91.1,"Housing (1986 definition)"
1996,90.6,"Shelter (1986 definition)"
1996,88.9,"Goods and services"
1996,89.9,"Goods"
1996,100.8,"Durable goods"
1996,95.4,"Semi-durable goods"
1996,84.4,"Non-durable goods"
1996,81.3,"Non-durable goods excluding food purchased from stores"
1996,80.9,"Non-durable goods excluding food purchased from stores and energy"
1996,90.5,"Goods excluding food purchased from stores"
1996,93.2,"Goods excluding food purchased from stores and energy"
1996,88,"Services"
1996,84.2,"Services excluding shelter services"
1997,90.4,"All-items"
1997,89.4,"Food"
1997,89.7,"Food purchased from stores"
1997,87.5,"Meat"
1997,83.4,"Fresh or frozen meat (excluding poultry)"
1997,77,"Fresh or frozen beef"
1997,103.1,"Fresh or frozen pork"
1997,88.5,"Other fresh or frozen meat (excluding poultry)"
1997,91.3,"Fresh or frozen poultry"
1997,93.4,"Fresh or frozen chicken"
1997,82.6,"Other fresh or frozen poultry"
1997,91.5,"Processed meat"
1997,89.2,"Ham and bacon"
1997,92.6,"Other processed meat"
1997,87.6,"Fish, seafood and other marine products"
1997,86.6,"Fish"
1997,83.6,"Fresh or frozen fish (including portions and fish sticks)"
1997,93.8,"Canned and other preserved fish"
1997,89.6,"Seafood and other marine products"
1997,89.4,"Dairy products and eggs"
1997,89.3,"Dairy products"
1997,89.1,"Fresh milk"
1997,86.1,"Butter"
1997,90.9,"Cheese"
1997,89.1,"Ice cream and related products"
1997,87.8,"Other dairy products"
1997,90.8,"Eggs"
1997,94.2,"Bakery and cereal products (excluding baby food)"
1997,92.3,"Bakery products"
1997,92.8,"Bread, rolls and buns"
1997,95.1,"Cookies and crackers"
1997,89.3,"Other bakery products"
1997,97.3,"Cereal products (excluding baby food)"
1997,97.5,"Rice and rice-based mixes"
1997,96,"Breakfast cereal and other cereal products (excluding baby food)"
1997,97.8,"Pasta products"
1997,99.8,"Flour and flour-based mixes"
1997,88.8,"Fruit, fruit preparations and nuts"
1997,84,"Fresh fruit"
1997,74.4,"Apples"
1997,73.6,"Oranges"
1997,100.5,"Bananas"
1997,88.8,"Other fresh fruit"
1997,96.7,"Preserved fruit and fruit preparations"
1997,98.1,"Fruit juices"
1997,93.7,"Other preserved fruit and fruit preparations"
1997,95.8,"Nuts and seeds"
1997,80.9,"Vegetables and vegetable preparations"
1997,76.6,"Fresh vegetables"
1997,58.3,"Potatoes"
1997,79.5,"Tomatoes"
1997,86.4,"Lettuce"
1997,83.8,"Other fresh vegetables"
1997,96.1,"Preserved vegetables and vegetable preparations"
1997,92,"Frozen and dried vegetables"
1997,98.6,"Canned vegetables and other vegetable preparations"
1997,94.6,"Other food products and non-alcoholic beverages"
1997,87.5,"Sugar and confectionery"
1997,87.4,"Sugar and syrup"
1997,88.4,"Confectionery"
1997,90.7,"Edible fats and oils"
1997,89.9,"Margarine"
1997,92,"Other edible fats and oils"
1997,110.8,"Coffee and tea"
1997,120.2,"Coffee"
1997,89.6,"Tea"
1997,91.8,"Condiments, spices and vinegars"
1997,95.7,"Other food preparations"
1997,97.8,"Soup"
1997,90.2,"Baby foods"
1997,98.4,"Frozen food preparations"
1997,94.5,"All other food preparations"
1997,95,"Non-alcoholic beverages"
1997,88.5,"Food purchased from restaurants"
1997,86.8,"Food purchased from table-service restaurants"
1997,92.3,"Food purchased from fast food and take-out restaurants"
1997,88.5,"Food purchased from cafeterias and other restaurants"
1997,90.8,"Shelter"
1997,93.5,"Rented accommodation"
1997,93.7,"Rent"
1997,88,"Tenants' insurance premiums"
1997,86.6,"Tenants' maintenance, repairs and other expenses"
1997,92.1,"Owned accommodation"
1997,98.8,"Mortgage interest cost"
1997,87.5,"Homeowners' replacement cost"
1997,94.5,"Property taxes and other special charges"
1997,82,"Homeowners' home and mortgage insurance"
1997,85.4,"Homeowners' maintenance and repairs"
1997,89.6,"Other owned accommodation expenses"
1997,83,"Water, fuel and electricity"
1997,89.3,"Electricity"
1997,87.6,"Water"
1997,66.5,"Natural gas"
1997,85.2,"Fuel oil and other fuels"
1997,93.7,"Household operations, furnishings and equipment"
1997,93.1,"Household operations"
1997,93.9,"Communications"
1997,94.8,"Telephone services"
1997,83.5,"Postal and other communications services"
1997,96.6,"Child care and housekeeping services"
1997,98.8,"Child care services"
1997,89.9,"Housekeeping services"
1997,93,"Household cleaning products"
1997,94,"Detergents and soaps (other than personal care)"
1997,92.1,"Other household cleaning products"
1997,90.4,"Paper, plastic and aluminum foil supplies"
1997,89.6,"Paper supplies"
1997,93.9,"Plastic and aluminum foil supplies"
1997,90.3,"Other household goods and services"
1997,92.4,"Pet food and supplies"
1997,86,"Seeds, plants and cut flowers"
1997,89.8,"Other horticultural goods"
1997,101.7,"Other household supplies"
1997,88.1,"Other household services"
1997,94.9,"Household furnishings and equipment"
1997,92.4,"Furniture and household textiles"
1997,92.6,"Furniture"
1997,95.1,"Upholstered furniture"
1997,89.7,"Wooden furniture"
1997,93.8,"Other furniture"
1997,91.8,"Household textiles"
1997,91.1,"Window coverings"
1997,95.1,"Bedding and other household textiles"
1997,80.1,"Area rugs and mats"
1997,100.2,"Household equipment"
1997,100.1,"Household appliances"
1997,101.4,"Cooking appliances"
1997,101.8,"Refrigerators and freezers"
1997,98.2,"Laundry and dishwashing appliances"
1997,99.2,"Other household appliances"
1997,100.1,"Non-electric kitchen utensils, tableware and cookware"
1997,100.1,"Tools and other household equipment"
1997,100.1,"Household tools (including lawn, garden and snow removal equipment)"
1997,100.1,"Other household equipment"
1997,85.9,"Services related to household furnishings and equipment"
1997,97.7,"Clothing and footwear"
1997,99.1,"Clothing"
1997,99.4,"Women's clothing"
1997,98.3,"Men's clothing"
1997,100.4,"Children's clothing"
1997,98.5,"Footwear"
1997,95.6,"Women's footwear (excluding athletic)"
1997,97,"Men's footwear (excluding athletic)"
1997,96,"Children's footwear (excluding athletic)"
1997,105.8,"Athletic footwear"
1997,94.6,"Clothing accessories, watches and jewellery"
1997,99,"Leather clothing accessories"
1997,99.2,"Other clothing accessories"
1997,96.7,"Watches"
1997,88.3,"Jewellery"
1997,89.7,"Clothing material, notions and services"
1997,96.5,"Clothing material and notions"
1997,90.1,"Laundry services"
1997,89.2,"Dry cleaning services"
1997,84.7,"Other clothing services"
1997,90.3,"Transportation"
1997,91.3,"Private transportation"
1997,99,"Purchase, leasing and rental of passenger vehicles"
1997,99.1,"Purchase and leasing of passenger vehicles"
1997,99.1,"Purchase of passenger vehicles"
1997,91,"Rental of passenger vehicles"
1997,86.8,"Operation of passenger vehicles"
1997,85.2,"Gasoline"
1997,88.7,"Passenger vehicle parts, maintenance and repairs"
1997,92.1,"Passenger vehicle parts, accessories and supplies"
1997,87.3,"Passenger vehicle maintenance and repair services"
1997,87.4,"Other passenger vehicle operating expenses"
1997,86.8,"Passenger vehicle insurance premiums"
1997,95,"Passenger vehicle registration fees"
1997,96.9,"Drivers' licences"
1997,81.3,"Parking fees"
1997,91.3,"All other passenger vehicle operating expenses"
1997,80.2,"Public transportation"
1997,87.3,"Local and commuter transportation"
1997,87,"City bus and subway transportation"
1997,88.3,"Taxi and other local and commuter transportation services"
1997,76.1,"Inter-city transportation"
1997,75.3,"Air transportation"
1997,82,"Rail, highway bus and other inter-city transportation"
1997,91.7,"Health and personal care"
1997,89.4,"Health care"
1997,92.2,"Health care goods"
1997,90.1,"Medicinal and pharmaceutical products"
1997,90,"Prescribed medicines (excluding medicinal cannabis)"
1997,90.1,"Non-prescribed medicines"
1997,95.9,"Eye care goods"
1997,96.4,"Other health care goods"
1997,86,"Health care services"
1997,86.7,"Dental care services"
1997,83.9,"Other health care services"
1997,93.7,"Personal care"
1997,96.5,"Personal care supplies and equipment"
1997,102.4,"Personal soap"
1997,97.3,"Toiletry items and cosmetics"
1997,104.9,"Oral-hygiene products"
1997,91,"Other personal care supplies and equipment"
1997,89.5,"Personal care services"
1997,91,"Recreation, education and reading"
1997,94.2,"Recreation"
1997,127.9,"Recreational equipment and services (excluding recreational vehicles)"
1997,97.2,"Sporting and exercise equipment"
1997,99.2,"Toys, games (excluding video games) and hobby supplies"
1997,305.1,"Digital computing equipment and devices"
1997,123.2,"Photographic equipment and supplies"
1997,111.2,"Other recreational equipment"
1997,97.2,"Recreational services"
1997,89.8,"Purchase and operation of recreational vehicles"
1997,91.5,"Purchase of recreational vehicles and outboard motors"
1997,87.3,"Operation of recreational vehicles"
1997,87.9,"Fuel, parts and accessories for recreational vehicles"
1997,86.7,"Insurance, licences and other services for recreational vehicles"
1997,100.7,"Home entertainment equipment, parts and services"
1997,117.1,"Audio equipment"
1997,124.8,"Video equipment"
1997,80.5,"Rental of digital media"
1997,97.7,"Other home entertainment equipment, parts and services"
1997,82.9,"Travel services"
1997,92.8,"Traveller accommodation"
1997,70.4,"Travel tours"
1997,81.3,"Other cultural and recreational services"
1997,78.7,"Spectator entertainment (excluding video and audio subscription services)"
1997,78.3,"Video and audio subscription services"
1997,86.3,"Use of recreational facilities and services"
1997,81.8,"Education and reading"
1997,79.2,"Education"
1997,75.7,"Tuition fees"
1997,87.2,"School textbooks and supplies"
1997,89.3,"Other lessons, courses and education services"
1997,88.2,"Reading material (excluding textbooks)"
1997,90.6,"Newspapers"
1997,84.2,"Magazines and periodicals"
1997,87.5,"Books and reading material (excluding textbooks)"
1997,72.3,"Alcoholic beverages, tobacco products and recreational cannabis"
1997,90.3,"Alcoholic beverages"
1997,89.1,"Alcoholic beverages served in licensed establishments"
1997,89.2,"Beer served in licensed establishments"
1997,89.5,"Wine served in licensed establishments"
1997,88.6,"Liquor served in licensed establishments"
1997,90.8,"Alcoholic beverages purchased from stores"
1997,87.6,"Beer purchased from stores"
1997,92.9,"Wine purchased from stores"
1997,95.7,"Liquor purchased from stores"
1997,59,"Tobacco products and smokers' supplies"
1997,59.3,"Cigarettes"
1997,58.2,"Other tobacco products and smokers' supplies"
1997,92,"All-items excluding eight of the most volatile components as defined by the Bank of Canada and excluding the effect of changes in indirect taxes"
1997,91.9,"All-items excluding eight of the most volatile components as defined by the Bank of Canada"
1997,90.6,"All-items excluding food"
1997,91.5,"All-items excluding food and energy"
1997,89.9,"All-items excluding mortgage interest cost"
1997,91.2,"All-items excluding alcoholic beverages, tobacco products and smokers' supplies and recreational cannabis"
1997,90.4,"All-items excluding alcoholic beverages and recreational cannabis"
1997,91.2,"All-items excluding tobacco products and smokers' supplies and recreational cannabis"
1997,90.2,"All-items excluding shelter"
1997,91,"All-items excluding energy"
1997,87.5,"Food and energy"
1997,80,"Fresh fruit and vegetables"
1997,83.9,"Energy"
1997,91.6,"Housing (1986 definition)"
1997,90.8,"Shelter (1986 definition)"
1997,90.4,"Goods and services"
1997,91.2,"Goods"
1997,101.6,"Durable goods"
1997,97,"Semi-durable goods"
1997,86,"Non-durable goods"
1997,83.2,"Non-durable goods excluding food purchased from stores"
1997,82.6,"Non-durable goods excluding food purchased from stores and energy"
1997,91.9,"Goods excluding food purchased from stores"
1997,94.4,"Goods excluding food purchased from stores and energy"
1997,89.5,"Services"
1997,87.2,"Services excluding shelter services"
1998,91.3,"All-items"
1998,90.9,"Food"
1998,91.1,"Food purchased from stores"
1998,86.1,"Meat"
1998,81.5,"Fresh or frozen meat (excluding poultry)"
1998,77,"Fresh or frozen beef"
1998,94,"Fresh or frozen pork"
1998,89,"Other fresh or frozen meat (excluding poultry)"
1998,91,"Fresh or frozen poultry"
1998,92.7,"Fresh or frozen chicken"
1998,84.6,"Other fresh or frozen poultry"
1998,89.9,"Processed meat"
1998,85.6,"Ham and bacon"
1998,92.4,"Other processed meat"
1998,90.1,"Fish, seafood and other marine products"
1998,89.4,"Fish"
1998,85.1,"Fresh or frozen fish (including portions and fish sticks)"
1998,99,"Canned and other preserved fish"
1998,91.9,"Seafood and other marine products"
1998,91.5,"Dairy products and eggs"
1998,91.5,"Dairy products"
1998,91.2,"Fresh milk"
1998,88.1,"Butter"
1998,93.4,"Cheese"
1998,90.9,"Ice cream and related products"
1998,90,"Other dairy products"
1998,92,"Eggs"
1998,93.9,"Bakery and cereal products (excluding baby food)"
1998,91.6,"Bakery products"
1998,90.7,"Bread, rolls and buns"
1998,96.7,"Cookies and crackers"
1998,89.3,"Other bakery products"
1998,97.9,"Cereal products (excluding baby food)"
1998,98.8,"Rice and rice-based mixes"
1998,97.3,"Breakfast cereal and other cereal products (excluding baby food)"
1998,98,"Pasta products"
1998,98.3,"Flour and flour-based mixes"
1998,91.1,"Fruit, fruit preparations and nuts"
1998,88,"Fresh fruit"
1998,77.3,"Apples"
1998,79.7,"Oranges"
1998,100.6,"Bananas"
1998,93.7,"Other fresh fruit"
1998,96.1,"Preserved fruit and fruit preparations"
1998,96.5,"Fruit juices"
1998,95.1,"Other preserved fruit and fruit preparations"
1998,97.1,"Nuts and seeds"
1998,88.1,"Vegetables and vegetable preparations"
1998,85.7,"Fresh vegetables"
1998,64.8,"Potatoes"
1998,88.3,"Tomatoes"
1998,89.1,"Lettuce"
1998,91.4,"Other fresh vegetables"
1998,96.5,"Preserved vegetables and vegetable preparations"
1998,90.9,"Frozen and dried vegetables"
1998,99.8,"Canned vegetables and other vegetable preparations"
1998,95.8,"Other food products and non-alcoholic beverages"
1998,92.3,"Sugar and confectionery"
1998,99.2,"Sugar and syrup"
1998,90.2,"Confectionery"
1998,93,"Edible fats and oils"
1998,94.4,"Margarine"
1998,91.1,"Other edible fats and oils"
1998,112.8,"Coffee and tea"
1998,120,"Coffee"
1998,96.3,"Tea"
1998,94.8,"Condiments, spices and vinegars"
1998,96.3,"Other food preparations"
1998,100.6,"Soup"
1998,91.3,"Baby foods"
1998,98.7,"Frozen food preparations"
1998,94.7,"All other food preparations"
1998,92.7,"Non-alcoholic beverages"
1998,90.3,"Food purchased from restaurants"
1998,88.7,"Food purchased from table-service restaurants"
1998,93.9,"Food purchased from fast food and take-out restaurants"
1998,90.3,"Food purchased from cafeterias and other restaurants"
1998,91.1,"Shelter"
1998,94.5,"Rented accommodation"
1998,94.6,"Rent"
1998,90,"Tenants' insurance premiums"
1998,89.7,"Tenants' maintenance, repairs and other expenses"
1998,92.2,"Owned accommodation"
1998,95.6,"Mortgage interest cost"
1998,88.6,"Homeowners' replacement cost"
1998,96.3,"Property taxes and other special charges"
1998,83.5,"Homeowners' home and mortgage insurance"
1998,87.3,"Homeowners' maintenance and repairs"
1998,90.8,"Other owned accommodation expenses"
1998,83.3,"Water, fuel and electricity"
1998,90.1,"Electricity"
1998,89.2,"Water"
1998,70.6,"Natural gas"
1998,76.5,"Fuel oil and other fuels"
1998,95.1,"Household operations, furnishings and equipment"
1998,94.8,"Household operations"
1998,96.6,"Communications"
1998,97.5,"Telephone services"
1998,83.8,"Postal and other communications services"
1998,98.3,"Child care and housekeeping services"
1998,100.6,"Child care services"
1998,91.3,"Housekeeping services"
1998,95.3,"Household cleaning products"
1998,96.6,"Detergents and soaps (other than personal care)"
1998,94.1,"Other household cleaning products"
1998,89.9,"Paper, plastic and aluminum foil supplies"
1998,88.7,"Paper supplies"
1998,94.9,"Plastic and aluminum foil supplies"
1998,91.5,"Other household goods and services"
1998,93.9,"Pet food and supplies"
1998,87.3,"Seeds, plants and cut flowers"
1998,91.8,"Other horticultural goods"
1998,103.1,"Other household supplies"
1998,88.3,"Other household services"
1998,95.7,"Household furnishings and equipment"
1998,93.9,"Furniture and household textiles"
1998,94.2,"Furniture"
1998,96.9,"Upholstered furniture"
1998,91.7,"Wooden furniture"
1998,94.6,"Other furniture"
1998,93,"Household textiles"
1998,91.2,"Window coverings"
1998,96.4,"Bedding and other household textiles"
1998,83.5,"Area rugs and mats"
1998,99.8,"Household equipment"
1998,100,"Household appliances"
1998,101.1,"Cooking appliances"
1998,102.3,"Refrigerators and freezers"
1998,98,"Laundry and dishwashing appliances"
1998,98.7,"Other household appliances"
1998,98.7,"Non-electric kitchen utensils, tableware and cookware"
1998,100,"Tools and other household equipment"
1998,100,"Household tools (including lawn, garden and snow removal equipment)"
1998,100.1,"Other household equipment"
1998,87.4,"Services related to household furnishings and equipment"
1998,98.8,"Clothing and footwear"
1998,100.1,"Clothing"
1998,100.6,"Women's clothing"
1998,98.9,"Men's clothing"
1998,101.7,"Children's clothing"
1998,99.5,"Footwear"
1998,96.6,"Women's footwear (excluding athletic)"
1998,99.7,"Men's footwear (excluding athletic)"
1998,95.2,"Children's footwear (excluding athletic)"
1998,105.2,"Athletic footwear"
1998,96.1,"Clothing accessories, watches and jewellery"
1998,99.5,"Leather clothing accessories"
1998,100.1,"Other clothing accessories"
1998,96,"Watches"
1998,91.1,"Jewellery"
1998,91.6,"Clothing material, notions and services"
1998,97.8,"Clothing material and notions"
1998,91.7,"Laundry services"
1998,91.5,"Dry cleaning services"
1998,86.3,"Other clothing services"
1998,89.6,"Transportation"
1998,90.2,"Private transportation"
1998,99.6,"Purchase, leasing and rental of passenger vehicles"
1998,99.7,"Purchase and leasing of passenger vehicles"
1998,99.9,"Purchase of passenger vehicles"
1998,99,"Leasing of passenger vehicles"
1998,90.7,"Rental of passenger vehicles"
1998,84.5,"Operation of passenger vehicles"
1998,77.9,"Gasoline"
1998,90.4,"Passenger vehicle parts, maintenance and repairs"
1998,92.3,"Passenger vehicle parts, accessories and supplies"
1998,89.5,"Passenger vehicle maintenance and repair services"
1998,88.2,"Other passenger vehicle operating expenses"
1998,87.5,"Passenger vehicle insurance premiums"
1998,97.8,"Passenger vehicle registration fees"
1998,97.2,"Drivers' licences"
1998,83.7,"Parking fees"
1998,91.3,"All other passenger vehicle operating expenses"
1998,84.2,"Public transportation"
1998,88.8,"Local and commuter transportation"
1998,88.4,"City bus and subway transportation"
1998,90,"Taxi and other local and commuter transportation services"
1998,81.6,"Inter-city transportation"
1998,80.9,"Air transportation"
1998,87.1,"Rail, highway bus and other inter-city transportation"
1998,93.6,"Health and personal care"
1998,91.5,"Health care"
1998,93.8,"Health care goods"
1998,92.1,"Medicinal and pharmaceutical products"
1998,91.9,"Prescribed medicines (excluding medicinal cannabis)"
1998,92.4,"Non-prescribed medicines"
1998,97.1,"Eye care goods"
1998,97,"Other health care goods"
1998,88.5,"Health care services"
1998,89.2,"Dental care services"
1998,86.6,"Other health care services"
1998,95.5,"Personal care"
1998,97.7,"Personal care supplies and equipment"
1998,102.3,"Personal soap"
1998,98.4,"Toiletry items and cosmetics"
1998,108.9,"Oral-hygiene products"
1998,92.2,"Other personal care supplies and equipment"
1998,92,"Personal care services"
1998,93,"Recreation, education and reading"
1998,95.7,"Recreation"
1998,121.5,"Recreational equipment and services (excluding recreational vehicles)"
1998,98.4,"Sporting and exercise equipment"
1998,99.4,"Toys, games (excluding video games) and hobby supplies"
1998,239.7,"Digital computing equipment and devices"
1998,117.9,"Photographic equipment and supplies"
1998,109.9,"Other recreational equipment"
1998,99.8,"Recreational services"
1998,90.8,"Purchase and operation of recreational vehicles"
1998,93.8,"Purchase of recreational vehicles and outboard motors"
1998,86.2,"Operation of recreational vehicles"
1998,84,"Fuel, parts and accessories for recreational vehicles"
1998,88.3,"Insurance, licences and other services for recreational vehicles"
1998,101.2,"Home entertainment equipment, parts and services"
1998,114.2,"Audio equipment"
1998,120.8,"Video equipment"
1998,84.9,"Rental of digital media"
1998,98.9,"Other home entertainment equipment, parts and services"
1998,88.7,"Travel services"
1998,96.4,"Traveller accommodation"
1998,79.1,"Travel tours"
1998,84.9,"Other cultural and recreational services"
1998,81.3,"Spectator entertainment (excluding video and audio subscription services)"
1998,84.2,"Video and audio subscription services"
1998,88.1,"Use of recreational facilities and services"
1998,85.3,"Education and reading"
1998,84.1,"Education"
1998,82.2,"Tuition fees"
1998,86.1,"School textbooks and supplies"
1998,91.1,"Other lessons, courses and education services"
1998,88.6,"Reading material (excluding textbooks)"
1998,91.2,"Newspapers"
1998,85.2,"Magazines and periodicals"
1998,87.5,"Books and reading material (excluding textbooks)"
1998,74.9,"Alcoholic beverages, tobacco products and recreational cannabis"
1998,91.9,"Alcoholic beverages"
1998,90.4,"Alcoholic beverages served in licensed establishments"
1998,90,"Beer served in licensed establishments"
1998,91.4,"Wine served in licensed establishments"
1998,90.5,"Liquor served in licensed establishments"
1998,92.6,"Alcoholic beverages purchased from stores"
1998,90,"Beer purchased from stores"
1998,94.3,"Wine purchased from stores"
1998,96.1,"Liquor purchased from stores"
1998,62.5,"Tobacco products and smokers' supplies"
1998,62.6,"Cigarettes"
1998,62.1,"Other tobacco products and smokers' supplies"
1998,93.2,"All-items excluding eight of the most volatile components as defined by the Bank of Canada and excluding the effect of changes in indirect taxes"
1998,93.2,"All-items excluding eight of the most volatile components as defined by the Bank of Canada"
1998,91.3,"All-items excluding food"
1998,92.7,"All-items excluding food and energy"
1998,91,"All-items excluding mortgage interest cost"
1998,92,"All-items excluding alcoholic beverages, tobacco products and smokers' supplies and recreational cannabis"
1998,91.2,"All-items excluding alcoholic beverages and recreational cannabis"
1998,92,"All-items excluding tobacco products and smokers' supplies and recreational cannabis"
1998,91.3,"All-items excluding shelter"
1998,92.3,"All-items excluding energy"
1998,91.9,"All-items excluding gasoline"
1998,91.5,"All-items excluding shelter, insurance and financial services"
1998,94.3,"Private transportation excluding gasoline"
1998,87.4,"Food and energy"
1998,86.7,"Fresh fruit and vegetables"
1998,80.5,"Energy"
1998,92.3,"Housing (1986 definition)"
1998,91.3,"Shelter (1986 definition)"
1998,91.3,"Goods and services"
1998,91.4,"Goods"
1998,101.5,"Durable goods"
1998,97.7,"Semi-durable goods"
1998,86.1,"Non-durable goods"
1998,82.5,"Non-durable goods excluding food purchased from stores"
1998,84.6,"Non-durable goods excluding food purchased from stores and energy"
1998,91.5,"Goods excluding food purchased from stores"
1998,95.2,"Goods excluding food purchased from stores and energy"
1998,91.1,"Services"
1998,89.7,"Services excluding shelter services"
1999,92.9,"All-items"
1999,92,"Food"
1999,92,"Food purchased from stores"
1999,86.7,"Meat"
1999,81.6,"Fresh or frozen meat (excluding poultry)"
1999,78.6,"Fresh or frozen beef"
1999,88.7,"Fresh or frozen pork"
1999,90.3,"Other fresh or frozen meat (excluding poultry)"
1999,93.7,"Fresh or frozen poultry"
1999,94.6,"Fresh or frozen chicken"
1999,90.2,"Other fresh or frozen poultry"
1999,89.5,"Processed meat"
1999,84.8,"Ham and bacon"
1999,92.3,"Other processed meat"
1999,95.3,"Fish, seafood and other marine products"
1999,96,"Fish"
1999,91.8,"Fresh or frozen fish (including portions and fish sticks)"
1999,105.2,"Canned and other preserved fish"
1999,93.6,"Seafood and other marine products"
1999,92.4,"Dairy products and eggs"
1999,92.6,"Dairy products"
1999,91.7,"Fresh milk"
1999,90.1,"Butter"
1999,94.5,"Cheese"
1999,93.5,"Ice cream and related products"
1999,91.2,"Other dairy products"
1999,91.3,"Eggs"
1999,94.7,"Bakery and cereal products (excluding baby food)"
1999,92.5,"Bakery products"
1999,90.5,"Bread, rolls and buns"
1999,97.6,"Cookies and crackers"
1999,92.1,"Other bakery products"
1999,98.5,"Cereal products (excluding baby food)"
1999,101.8,"Rice and rice-based mixes"
1999,97.9,"Breakfast cereal and other cereal products (excluding baby food)"
1999,98.2,"Pasta products"
1999,98.4,"Flour and flour-based mixes"
1999,93.8,"Fruit, fruit preparations and nuts"
1999,90.6,"Fresh fruit"
1999,80.4,"Apples"
1999,88.7,"Oranges"
1999,100.8,"Bananas"
1999,93.9,"Other fresh fruit"
1999,98.8,"Preserved fruit and fruit preparations"
1999,99.5,"Fruit juices"
1999,97.1,"Other preserved fruit and fruit preparations"
1999,99.9,"Nuts and seeds"
1999,86.9,"Vegetables and vegetable preparations"
1999,83.6,"Fresh vegetables"
1999,73.7,"Potatoes"
1999,79.2,"Tomatoes"
1999,82.7,"Lettuce"
1999,87.8,"Other fresh vegetables"
1999,98.1,"Preserved vegetables and vegetable preparations"
1999,93.5,"Frozen and dried vegetables"
1999,100.8,"Canned vegetables and other vegetable preparations"
1999,97,"Other food products and non-alcoholic beverages"
1999,94.9,"Sugar and confectionery"
1999,98.6,"Sugar and syrup"
1999,93.8,"Confectionery"
1999,96.8,"Edible fats and oils"
1999,98,"Margarine"
1999,95.4,"Other edible fats and oils"
1999,109.6,"Coffee and tea"
1999,114.5,"Coffee"
1999,98.3,"Tea"
1999,97,"Condiments, spices and vinegars"
1999,96.6,"Other food preparations"
1999,100.4,"Soup"
1999,93.3,"Baby foods"
1999,98.6,"Frozen food preparations"
1999,95,"All other food preparations"
1999,94.4,"Non-alcoholic beverages"
1999,92,"Food purchased from restaurants"
1999,90.8,"Food purchased from table-service restaurants"
1999,94.7,"Food purchased from fast food and take-out restaurants"
1999,92,"Food purchased from cafeterias and other restaurants"
1999,92.3,"Shelter"
1999,95.4,"Rented accommodation"
1999,95.5,"Rent"
1999,93.3,"Tenants' insurance premiums"
1999,91.6,"Tenants' maintenance, repairs and other expenses"
1999,93.2,"Owned accommodation"
1999,95.8,"Mortgage interest cost"
1999,89.6,"Homeowners' replacement cost"
1999,97.8,"Property taxes and other special charges"
1999,85.2,"Homeowners' home and mortgage insurance"
1999,89.1,"Homeowners' maintenance and repairs"
1999,92,"Other owned accommodation expenses"
1999,85.5,"Water, fuel and electricity"
1999,90.8,"Electricity"
1999,90.7,"Water"
1999,77.5,"Natural gas"
1999,76.8,"Fuel oil and other fuels"
1999,95.8,"Household operations, furnishings and equipment"
1999,94.6,"Household operations"
1999,92.9,"Communications"
1999,93.2,"Telephone services"
1999,88.5,"Postal and other communications services"
1999,100.1,"Child care and housekeeping services"
1999,102.4,"Child care services"
1999,93,"Housekeeping services"
1999,97.2,"Household cleaning products"
1999,98.8,"Detergents and soaps (other than personal care)"
1999,95.8,"Other household cleaning products"
1999,92.3,"Paper, plastic and aluminum foil supplies"
1999,91.1,"Paper supplies"
1999,97.3,"Plastic and aluminum foil supplies"
1999,93.8,"Other household goods and services"
1999,96.1,"Pet food and supplies"
1999,90.6,"Seeds, plants and cut flowers"
1999,93.9,"Other horticultural goods"
1999,104.2,"Other household supplies"
1999,90.4,"Other household services"
1999,98,"Household furnishings and equipment"
1999,96.9,"Furniture and household textiles"
1999,97.5,"Furniture"
1999,98.1,"Upholstered furniture"
1999,95.2,"Wooden furniture"
1999,99.6,"Other furniture"
1999,95.4,"Household textiles"
1999,94.6,"Window coverings"
1999,98.3,"Bedding and other household textiles"
1999,85.5,"Area rugs and mats"
1999,101.2,"Household equipment"
1999,100.9,"Household appliances"
1999,101,"Cooking appliances"
1999,102.9,"Refrigerators and freezers"
1999,98.7,"Laundry and dishwashing appliances"
1999,100.6,"Other household appliances"
1999,100.3,"Non-electric kitchen utensils, tableware and cookware"
1999,102,"Tools and other household equipment"
1999,102.1,"Household tools (including lawn, garden and snow removal equipment)"
1999,101.9,"Other household equipment"
1999,90.2,"Services related to household furnishings and equipment"
1999,100.1,"Clothing and footwear"
1999,101.4,"Clothing"
1999,101.2,"Women's clothing"
1999,101.1,"Men's clothing"
1999,103.3,"Children's clothing"
1999,101.5,"Footwear"
1999,99.3,"Women's footwear (excluding athletic)"
1999,102.4,"Men's footwear (excluding athletic)"
1999,96.9,"Children's footwear (excluding athletic)"
1999,105.3,"Athletic footwear"
1999,97,"Clothing accessories, watches and jewellery"
1999,98.4,"Leather clothing accessories"
1999,101.4,"Other clothing accessories"
1999,97.2,"Watches"
1999,92.8,"Jewellery"
1999,92.9,"Clothing material, notions and services"
1999,99.2,"Clothing material and notions"
1999,92.5,"Laundry services"
1999,92.6,"Dry cleaning services"
1999,88.5,"Other clothing services"
1999,92.6,"Transportation"
1999,92.9,"Private transportation"
1999,101,"Purchase, leasing and rental of passenger vehicles"
1999,101.2,"Purchase and leasing of passenger vehicles"
1999,101.3,"Purchase of passenger vehicles"
1999,99.4,"Leasing of passenger vehicles"
1999,93.2,"Rental of passenger vehicles"
1999,88,"Operation of passenger vehicles"
1999,84.9,"Gasoline"
1999,91.9,"Passenger vehicle parts, maintenance and repairs"
1999,91.8,"Passenger vehicle parts, accessories and supplies"
1999,91.9,"Passenger vehicle maintenance and repair services"
1999,89,"Other passenger vehicle operating expenses"
1999,88.1,"Passenger vehicle insurance premiums"
1999,97.9,"Passenger vehicle registration fees"
1999,97.3,"Drivers' licences"
1999,88.5,"Parking fees"
1999,92.4,"All other passenger vehicle operating expenses"
1999,89.8,"Public transportation"
1999,90.9,"Local and commuter transportation"
1999,90.4,"City bus and subway transportation"
1999,91.9,"Taxi and other local and commuter transportation services"
1999,89.1,"Inter-city transportation"
1999,89.1,"Air transportation"
1999,89.6,"Rail, highway bus and other inter-city transportation"
1999,95.4,"Health and personal care"
1999,93.5,"Health care"
1999,95.4,"Health care goods"
1999,93.9,"Medicinal and pharmaceutical products"
1999,92.5,"Prescribed medicines (excluding medicinal cannabis)"
1999,96.8,"Non-prescribed medicines"
1999,98.2,"Eye care goods"
1999,98.2,"Other health care goods"
1999,91.1,"Health care services"
1999,91.5,"Dental care services"
1999,90,"Other health care services"
1999,97,"Personal care"
1999,99.2,"Personal care supplies and equipment"
1999,103.1,"Personal soap"
1999,100,"Toiletry items and cosmetics"
1999,108.6,"Oral-hygiene products"
1999,93.9,"Other personal care supplies and equipment"
1999,93.8,"Personal care services"
1999,94.7,"Recreation, education and reading"
1999,96.5,"Recreation"
1999,112.9,"Recreational equipment and services (excluding recreational vehicles)"
1999,100.5,"Sporting and exercise equipment"
1999,101.1,"Toys, games (excluding video games) and hobby supplies"
1999,174.8,"Digital computing equipment and devices"
1999,113.8,"Photographic equipment and supplies"
1999,107.9,"Other recreational equipment"
1999,101.4,"Recreational services"
1999,93.1,"Purchase and operation of recreational vehicles"
1999,95.9,"Purchase of recreational vehicles and outboard motors"
1999,88.7,"Operation of recreational vehicles"
1999,87.4,"Fuel, parts and accessories for recreational vehicles"
1999,89.9,"Insurance, licences and other services for recreational vehicles"
1999,101.2,"Home entertainment equipment, parts and services"
1999,110.7,"Audio equipment"
1999,116.3,"Video equipment"
1999,90,"Rental of digital media"
1999,98.8,"Other home entertainment equipment, parts and services"
1999,92.8,"Travel services"
1999,101.3,"Traveller accommodation"
1999,82.1,"Travel tours"
1999,88.5,"Other cultural and recreational services"
1999,85,"Spectator entertainment (excluding video and audio subscription services)"
1999,88.8,"Video and audio subscription services"
1999,90.7,"Use of recreational facilities and services"
1999,89.3,"Education and reading"
1999,89,"Education"
1999,88.3,"Tuition fees"
1999,88.8,"School textbooks and supplies"
1999,92.6,"Other lessons, courses and education services"
1999,90.2,"Reading material (excluding textbooks)"
1999,91.9,"Newspapers"
1999,88.1,"Magazines and periodicals"
1999,89.4,"Books and reading material (excluding textbooks)"
1999,76.5,"Alcoholic beverages, tobacco products and recreational cannabis"
1999,93.4,"Alcoholic beverages"
1999,91.6,"Alcoholic beverages served in licensed establishments"
1999,91,"Beer served in licensed establishments"
1999,93.3,"Wine served in licensed establishments"
1999,91.8,"Liquor served in licensed establishments"
1999,94.3,"Alcoholic beverages purchased from stores"
1999,91.9,"Beer purchased from stores"
1999,96.6,"Wine purchased from stores"
1999,97,"Liquor purchased from stores"
1999,64,"Tobacco products and smokers' supplies"
1999,64.1,"Cigarettes"
1999,63.7,"Other tobacco products and smokers' supplies"
1999,94.5,"All-items excluding eight of the most volatile components as defined by the Bank of Canada and excluding the effect of changes in indirect taxes"
1999,94.5,"All-items excluding eight of the most volatile components as defined by the Bank of Canada"
1999,93,"All-items excluding food"
1999,94,"All-items excluding food and energy"
1999,92.7,"All-items excluding mortgage interest cost"
1999,93.6,"All-items excluding alcoholic beverages, tobacco products and smokers' supplies and recreational cannabis"
1999,92.8,"All-items excluding alcoholic beverages and recreational cannabis"
1999,93.6,"All-items excluding tobacco products and smokers' supplies and recreational cannabis"
1999,93,"All-items excluding shelter"
1999,93.6,"All-items excluding energy"
1999,93.2,"All-items excluding gasoline"
1999,93.3,"All-items excluding shelter, insurance and financial services"
1999,95.5,"Private transportation excluding gasoline"
1999,89.7,"Food and energy"
1999,86.8,"Fresh fruit and vegetables"
1999,85,"Energy"
1999,93.5,"Housing (1986 definition)"
1999,92.7,"Shelter (1986 definition)"
1999,92.9,"Goods and services"
1999,93.1,"Goods"
1999,101.5,"Durable goods"
1999,99.2,"Semi-durable goods"
1999,88.4,"Non-durable goods"
1999,85.7,"Non-durable goods excluding food purchased from stores"
1999,86.4,"Non-durable goods excluding food purchased from stores and energy"
1999,93.4,"Goods excluding food purchased from stores"
1999,96.2,"Goods excluding food purchased from stores and energy"
1999,92.6,"Services"
1999,91.6,"Services excluding shelter services"
2000,95.4,"All-items"
2000,93.3,"Food"
2000,93,"Food purchased from stores"
2000,90.8,"Meat"
2000,86.7,"Fresh or frozen meat (excluding poultry)"
2000,83.8,"Fresh or frozen beef"
2000,94.3,"Fresh or frozen pork"
2000,93.1,"Other fresh or frozen meat (excluding poultry)"
2000,94.7,"Fresh or frozen poultry"
2000,94.8,"Fresh or frozen chicken"
2000,94.3,"Other fresh or frozen poultry"
2000,94.2,"Processed meat"
2000,94.2,"Ham and bacon"
2000,94.2,"Other processed meat"
2000,96,"Fish, seafood and other marine products"
2000,97,"Fish"
2000,95.4,"Fresh or frozen fish (including portions and fish sticks)"
2000,100.5,"Canned and other preserved fish"
2000,93.6,"Seafood and other marine products"
2000,93.9,"Dairy products and eggs"
2000,94.1,"Dairy products"
2000,94.2,"Fresh milk"
2000,91.3,"Butter"
2000,94.9,"Cheese"
2000,94.5,"Ice cream and related products"
2000,92.9,"Other dairy products"
2000,92.6,"Eggs"
2000,94.4,"Bakery and cereal products (excluding baby food)"
2000,93.5,"Bakery products"
2000,91.9,"Bread, rolls and buns"
2000,96.4,"Cookies and crackers"
2000,94.2,"Other bakery products"
2000,95.8,"Cereal products (excluding baby food)"
2000,101.6,"Rice and rice-based mixes"
2000,94.8,"Breakfast cereal and other cereal products (excluding baby food)"
2000,95.2,"Pasta products"
2000,95.4,"Flour and flour-based mixes"
2000,90.8,"Fruit, fruit preparations and nuts"
2000,85.9,"Fresh fruit"
2000,84.2,"Apples"
2000,72.4,"Oranges"
2000,99,"Bananas"
2000,89.2,"Other fresh fruit"
2000,98.6,"Preserved fruit and fruit preparations"
2000,98.9,"Fruit juices"
2000,97.9,"Other preserved fruit and fruit preparations"
2000,98.5,"Nuts and seeds"
2000,88,"Vegetables and vegetable preparations"
2000,85.3,"Fresh vegetables"
2000,80.6,"Potatoes"
2000,85.4,"Tomatoes"
2000,83.7,"Lettuce"
2000,87,"Other fresh vegetables"
2000,97.2,"Preserved vegetables and vegetable preparations"
2000,93.5,"Frozen and dried vegetables"
2000,99.4,"Canned vegetables and other vegetable preparations"
2000,97.3,"Other food products and non-alcoholic beverages"
2000,96,"Sugar and confectionery"
2000,98.4,"Sugar and syrup"
2000,95.2,"Confectionery"
2000,96.4,"Edible fats and oils"
2000,97.3,"Margarine"
2000,95.1,"Other edible fats and oils"
2000,105.7,"Coffee and tea"
2000,108.6,"Coffee"
2000,99.1,"Tea"
2000,97.5,"Condiments, spices and vinegars"
2000,96.1,"Other food preparations"
2000,99.5,"Soup"
2000,96,"Baby foods"
2000,97,"Frozen food preparations"
2000,94.9,"All other food preparations"
2000,97.5,"Non-alcoholic beverages"
2000,94,"Food purchased from restaurants"
2000,93.1,"Food purchased from table-service restaurants"
2000,95.8,"Food purchased from fast food and take-out restaurants"
2000,94,"Food purchased from cafeterias and other restaurants"
2000,95.6,"Shelter"
2000,96.5,"Rented accommodation"
2000,96.6,"Rent"
2000,94.7,"Tenants' insurance premiums"
2000,93.1,"Tenants' maintenance, repairs and other expenses"
2000,95.6,"Owned accommodation"
2000,100,"Mortgage interest cost"
2000,92.1,"Homeowners' replacement cost"
2000,97.6,"Property taxes and other special charges"
2000,88.2,"Homeowners' home and mortgage insurance"
2000,92,"Homeowners' maintenance and repairs"
2000,93.9,"Other owned accommodation expenses"
2000,94.4,"Water, fuel and electricity"
2000,91.3,"Electricity"
2000,92.6,"Water"
2000,94.2,"Natural gas"
2000,108.7,"Fuel oil and other fuels"
2000,96.7,"Household operations, furnishings and equipment"
2000,95.5,"Household operations"
2000,94.6,"Communications"
2000,95.1,"Telephone services"
2000,89.3,"Postal and other communications services"
2000,99,"Child care and housekeeping services"
2000,100.3,"Child care services"
2000,94.9,"Housekeeping services"
2000,96.2,"Household cleaning products"
2000,97.6,"Detergents and soaps (other than personal care)"
2000,94.9,"Other household cleaning products"
2000,94.4,"Paper, plastic and aluminum foil supplies"
2000,93.8,"Paper supplies"
2000,97.1,"Plastic and aluminum foil supplies"
2000,94.7,"Other household goods and services"
2000,95.8,"Pet food and supplies"
2000,93.4,"Seeds, plants and cut flowers"
2000,94,"Other horticultural goods"
2000,102.5,"Other household supplies"
2000,92.1,"Other household services"
2000,98.9,"Household furnishings and equipment"
2000,98.1,"Furniture and household textiles"
2000,98.8,"Furniture"
2000,99.7,"Upholstered furniture"
2000,96.8,"Wooden furniture"
2000,100.4,"Other furniture"
2000,96.3,"Household textiles"
2000,94.3,"Window coverings"
2000,99.2,"Bedding and other household textiles"
2000,88.9,"Area rugs and mats"
2000,101.1,"Household equipment"
2000,100.7,"Household appliances"
2000,101,"Cooking appliances"
2000,102.3,"Refrigerators and freezers"
2000,98.8,"Laundry and dishwashing appliances"
2000,100.4,"Other household appliances"
2000,100.7,"Non-electric kitchen utensils, tableware and cookware"
2000,101.7,"Tools and other household equipment"
2000,101.7,"Household tools (including lawn, garden and snow removal equipment)"
2000,101.7,"Other household equipment"
2000,93.6,"Services related to household furnishings and equipment"
2000,100.3,"Clothing and footwear"
2000,101.1,"Clothing"
2000,100.9,"Women's clothing"
2000,100.7,"Men's clothing"
2000,103.1,"Children's clothing"
2000,101.1,"Footwear"
2000,99.4,"Women's footwear (excluding athletic)"
2000,102.2,"Men's footwear (excluding athletic)"
2000,98.7,"Children's footwear (excluding athletic)"
2000,103.4,"Athletic footwear"
2000,99.7,"Clothing accessories, watches and jewellery"
2000,101.2,"Leather clothing accessories"
2000,101.1,"Other clothing accessories"
2000,98.4,"Watches"
2000,98,"Jewellery"
2000,95,"Clothing material, notions and services"
2000,99,"Clothing material and notions"
2000,93.2,"Laundry services"
2000,95.5,"Dry cleaning services"
2000,92.5,"Other clothing services"
2000,97.2,"Transportation"
2000,97.7,"Private transportation"
2000,100.4,"Purchase, leasing and rental of passenger vehicles"
2000,100.5,"Purchase and leasing of passenger vehicles"
2000,100.5,"Purchase of passenger vehicles"
2000,100.3,"Leasing of passenger vehicles"
2000,93.4,"Rental of passenger vehicles"
2000,96.1,"Operation of passenger vehicles"
2000,103.5,"Gasoline"
2000,93.5,"Passenger vehicle parts, maintenance and repairs"
2000,92.6,"Passenger vehicle parts, accessories and supplies"
2000,93.9,"Passenger vehicle maintenance and repair services"
2000,89.8,"Other passenger vehicle operating expenses"
2000,88.7,"Passenger vehicle insurance premiums"
2000,97.9,"Passenger vehicle registration fees"
2000,97.3,"Drivers' licences"
2000,92.9,"Parking fees"
2000,94.2,"All other passenger vehicle operating expenses"
2000,92.8,"Public transportation"
2000,93.9,"Local and commuter transportation"
2000,93.3,"City bus and subway transportation"
2000,95.4,"Taxi and other local and commuter transportation services"
2000,92.1,"Inter-city transportation"
2000,92.1,"Air transportation"
2000,92.5,"Rail, highway bus and other inter-city transportation"
2000,97,"Health and personal care"
2000,95.7,"Health care"
2000,97.3,"Health care goods"
2000,96.5,"Medicinal and pharmaceutical products"
2000,95.3,"Prescribed medicines (excluding medicinal cannabis)"
2000,98.9,"Non-prescribed medicines"
2000,98.5,"Eye care goods"
2000,99.8,"Other health care goods"
2000,93.6,"Health care services"
2000,93.7,"Dental care services"
2000,93.3,"Other health care services"
2000,98.1,"Personal care"
2000,99.5,"Personal care supplies and equipment"
2000,101,"Personal soap"
2000,100.4,"Toiletry items and cosmetics"
2000,102.9,"Oral-hygiene products"
2000,96.4,"Other personal care supplies and equipment"
2000,95.9,"Personal care services"
2000,97,"Recreation, education and reading"
2000,98.3,"Recreation"
2000,108.7,"Recreational equipment and services (excluding recreational vehicles)"
2000,101.3,"Sporting and exercise equipment"
2000,101.7,"Toys, games (excluding video games) and hobby supplies"
2000,146.7,"Digital computing equipment and devices"
2000,111.7,"Photographic equipment and supplies"
2000,105.4,"Other recreational equipment"
2000,100.3,"Recreational services"
2000,95.6,"Purchase and operation of recreational vehicles"
2000,96.6,"Purchase of recreational vehicles and outboard motors"
2000,94.1,"Operation of recreational vehicles"
2000,97.2,"Fuel, parts and accessories for recreational vehicles"
2000,91.3,"Insurance, licences and other services for recreational vehicles"
2000,101.1,"Home entertainment equipment, parts and services"
2000,107.7,"Audio equipment"
2000,111.4,"Video equipment"
2000,93.8,"Rental of digital media"
2000,100,"Other home entertainment equipment, parts and services"
2000,98.3,"Travel services"
2000,107,"Traveller accommodation"
2000,87.5,"Travel tours"
2000,91.8,"Other cultural and recreational services"
2000,89.3,"Spectator entertainment (excluding video and audio subscription services)"
2000,92.2,"Video and audio subscription services"
2000,93.2,"Use of recreational facilities and services"
2000,93.1,"Education and reading"
2000,93.1,"Education"
2000,93.2,"Tuition fees"
2000,91.7,"School textbooks and supplies"
2000,94.4,"Other lessons, courses and education services"
2000,93.1,"Reading material (excluding textbooks)"
2000,93.6,"Newspapers"
2000,92,"Magazines and periodicals"
2000,93.2,"Books and reading material (excluding textbooks)"
2000,79,"Alcoholic beverages, tobacco products and recreational cannabis"
2000,95.2,"Alcoholic beverages"
2000,94,"Alcoholic beverages served in licensed establishments"
2000,93.7,"Beer served in licensed establishments"
2000,95.6,"Wine served in licensed establishments"
2000,93.6,"Liquor served in licensed establishments"
2000,95.7,"Alcoholic beverages purchased from stores"
2000,94,"Beer purchased from stores"
2000,96.8,"Wine purchased from stores"
2000,97.9,"Liquor purchased from stores"
2000,67.1,"Tobacco products and smokers' supplies"
2000,67.1,"Cigarettes"
2000,67,"Other tobacco products and smokers' supplies"
2000,95.7,"All-items excluding eight of the most volatile components as defined by the Bank of Canada and excluding the effect of changes in indirect taxes"
2000,95.7,"All-items excluding eight of the most volatile components as defined by the Bank of Canada"
2000,95.8,"All-items excluding food"
2000,95.5,"All-items excluding food and energy"
2000,95.2,"All-items excluding mortgage interest cost"
2000,96.1,"All-items excluding alcoholic beverages, tobacco products and smokers' supplies and recreational cannabis"
2000,95.4,"All-items excluding alcoholic beverages and recreational cannabis"
2000,96.1,"All-items excluding tobacco products and smokers' supplies and recreational cannabis"
2000,95.3,"All-items excluding shelter"
2000,95,"All-items excluding energy"
2000,95,"All-items excluding gasoline"
2000,95.6,"All-items excluding shelter, insurance and financial services"
2000,95.8,"Private transportation excluding gasoline"
2000,95.2,"Food and energy"
2000,85.6,"Fresh fruit and vegetables"
2000,98.8,"Energy"
2000,96.2,"Housing (1986 definition)"
2000,96.1,"Shelter (1986 definition)"
2000,95.4,"Goods and services"
2000,96,"Goods"
2000,100.8,"Durable goods"
2000,99.6,"Semi-durable goods"
2000,93.3,"Non-durable goods"
2000,93.6,"Non-durable goods excluding food purchased from stores"
2000,88,"Non-durable goods excluding food purchased from stores and energy"
2000,97.1,"Goods excluding food purchased from stores"
2000,96.5,"Goods excluding food purchased from stores and energy"
2000,94.8,"Services"
2000,93.9,"Services excluding shelter services"
2001,97.8,"All-items"
2001,97.4,"Food"
2001,97.5,"Food purchased from stores"
2001,98.6,"Meat"
2001,97.9,"Fresh or frozen meat (excluding poultry)"
2001,96.5,"Fresh or frozen beef"
2001,103,"Fresh or frozen pork"
2001,96.2,"Other fresh or frozen meat (excluding poultry)"
2001,99.2,"Fresh or frozen poultry"
2001,99.5,"Fresh or frozen chicken"
2001,97.7,"Other fresh or frozen poultry"
2001,99.2,"Processed meat"
2001,101.2,"Ham and bacon"
2001,98,"Other processed meat"
2001,99.5,"Fish, seafood and other marine products"
2001,100.2,"Fish"
2001,98.7,"Fresh or frozen fish (including portions and fish sticks)"
2001,103.4,"Canned and other preserved fish"
2001,97.8,"Seafood and other marine products"
2001,97.1,"Dairy products and eggs"
2001,97.1,"Dairy products"
2001,96.9,"Fresh milk"
2001,96.4,"Butter"
2001,97.6,"Cheese"
2001,97.2,"Ice cream and related products"
2001,97.1,"Other dairy products"
2001,96.5,"Eggs"
2001,97.3,"Bakery and cereal products (excluding baby food)"
2001,96.9,"Bakery products"
2001,96,"Bread, rolls and buns"
2001,98.6,"Cookies and crackers"
2001,97.3,"Other bakery products"
2001,97.9,"Cereal products (excluding baby food)"
2001,102.1,"Rice and rice-based mixes"
2001,96.2,"Breakfast cereal and other cereal products (excluding baby food)"
2001,98.2,"Pasta products"
2001,98.5,"Flour and flour-based mixes"
2001,97.2,"Fruit, fruit preparations and nuts"
2001,95.8,"Fresh fruit"
2001,89.5,"Apples"
2001,91.8,"Oranges"
2001,104.6,"Bananas"
2001,98.4,"Other fresh fruit"
2001,99.4,"Preserved fruit and fruit preparations"
2001,99.4,"Fruit juices"
2001,99.4,"Other preserved fruit and fruit preparations"
2001,98.3,"Nuts and seeds"
2001,93.3,"Vegetables and vegetable preparations"
2001,91.7,"Fresh vegetables"
2001,78.2,"Potatoes"
2001,90.6,"Tomatoes"
2001,84.7,"Lettuce"
2001,97.4,"Other fresh vegetables"
2001,99.1,"Preserved vegetables and vegetable preparations"
2001,96.5,"Frozen and dried vegetables"
2001,100.5,"Canned vegetables and other vegetable preparations"
2001,99,"Other food products and non-alcoholic beverages"
2001,98.2,"Sugar and confectionery"
2001,100.3,"Sugar and syrup"
2001,97.5,"Confectionery"
2001,97.9,"Edible fats and oils"
2001,99.4,"Margarine"
2001,95.9,"Other edible fats and oils"
2001,103.9,"Coffee and tea"
2001,105.2,"Coffee"
2001,100.8,"Tea"
2001,99.4,"Condiments, spices and vinegars"
2001,97.9,"Other food preparations"
2001,99.7,"Soup"
2001,98.3,"Baby foods"
2001,98.1,"Frozen food preparations"
2001,97.3,"All other food preparations"
2001,100.4,"Non-alcoholic beverages"
2001,96.9,"Food purchased from restaurants"
2001,96.6,"Food purchased from table-service restaurants"
2001,97.7,"Food purchased from fast food and take-out restaurants"
2001,96.9,"Food purchased from cafeterias and other restaurants"
2001,99.1,"Shelter"
2001,98.1,"Rented accommodation"
2001,98.1,"Rent"
2001,96.3,"Tenants' insurance premiums"
2001,95.4,"Tenants' maintenance, repairs and other expenses"
2001,98.3,"Owned accommodation"
2001,102.9,"Mortgage interest cost"
2001,95.3,"Homeowners' replacement cost"
2001,98.3,"Property taxes and other special charges"
2001,93.7,"Homeowners' home and mortgage insurance"
2001,95.5,"Homeowners' maintenance and repairs"
2001,96.4,"Other owned accommodation expenses"
2001,102.7,"Water, fuel and electricity"
2001,92.9,"Electricity"
2001,95.2,"Water"
2001,122.1,"Natural gas"
2001,108.8,"Fuel oil and other fuels"
2001,98.6,"Household operations, furnishings and equipment"
2001,98.3,"Household operations"
2001,98.3,"Communications"
2001,98.8,"Telephone services"
2001,91.8,"Postal and other communications services"
2001,99.8,"Child care and housekeeping services"
2001,100.5,"Child care services"
2001,97.6,"Housekeeping services"
2001,98.3,"Household cleaning products"
2001,99.3,"Detergents and soaps (other than personal care)"
2001,97.3,"Other household cleaning products"
2001,98.3,"Paper, plastic and aluminum foil supplies"
2001,98.2,"Paper supplies"
2001,98.9,"Plastic and aluminum foil supplies"
2001,97.3,"Other household goods and services"
2001,97.2,"Pet food and supplies"
2001,97.5,"Seeds, plants and cut flowers"
2001,97.1,"Other horticultural goods"
2001,100.6,"Other household supplies"
2001,96,"Other household services"
2001,99.1,"Household furnishings and equipment"
2001,98.6,"Furniture and household textiles"
2001,99.1,"Furniture"
2001,99.4,"Upholstered furniture"
2001,97.4,"Wooden furniture"
2001,100.8,"Other furniture"
2001,97.4,"Household textiles"
2001,96.1,"Window coverings"
2001,99.3,"Bedding and other household textiles"
2001,93.3,"Area rugs and mats"
2001,100,"Household equipment"
2001,99.9,"Household appliances"
2001,100.1,"Cooking appliances"
2001,100,"Refrigerators and freezers"
2001,98.9,"Laundry and dishwashing appliances"
2001,100.3,"Other household appliances"
2001,101.2,"Non-electric kitchen utensils, tableware and cookware"
2001,99.9,"Tools and other household equipment"
2001,99.8,"Household tools (including lawn, garden and snow removal equipment)"
2001,100,"Other household equipment"
2001,97.7,"Services related to household furnishings and equipment"
2001,100.7,"Clothing and footwear"
2001,101.3,"Clothing"
2001,101.3,"Women's clothing"
2001,101,"Men's clothing"
2001,101.9,"Children's clothing"
2001,101.2,"Footwear"
2001,100.3,"Women's footwear (excluding athletic)"
2001,100.4,"Men's footwear (excluding athletic)"
2001,97,"Children's footwear (excluding athletic)"
2001,105,"Athletic footwear"
2001,99.9,"Clothing accessories, watches and jewellery"
2001,100.3,"Leather clothing accessories"
2001,101.3,"Other clothing accessories"
2001,99.6,"Watches"
2001,98.7,"Jewellery"
2001,97.3,"Clothing material, notions and services"
2001,98,"Clothing material and notions"
2001,96.6,"Laundry services"
2001,98.9,"Dry cleaning services"
2001,94.8,"Other clothing services"
2001,97.3,"Transportation"
2001,97.5,"Private transportation"
2001,100.6,"Purchase, leasing and rental of passenger vehicles"
2001,100.7,"Purchase and leasing of passenger vehicles"
2001,100.4,"Purchase of passenger vehicles"
2001,103.5,"Leasing of passenger vehicles"
2001,96,"Rental of passenger vehicles"
2001,95.7,"Operation of passenger vehicles"
2001,100.8,"Gasoline"
2001,96.7,"Passenger vehicle parts, maintenance and repairs"
2001,95.5,"Passenger vehicle parts, accessories and supplies"
2001,97.3,"Passenger vehicle maintenance and repair services"
2001,89.7,"Other passenger vehicle operating expenses"
2001,88.4,"Passenger vehicle insurance premiums"
2001,98.1,"Passenger vehicle registration fees"
2001,98.5,"Drivers' licences"
2001,95.1,"Parking fees"
2001,97.7,"All other passenger vehicle operating expenses"
2001,94.7,"Public transportation"
2001,97.4,"Local and commuter transportation"
2001,96.8,"City bus and subway transportation"
2001,98.9,"Taxi and other local and commuter transportation services"
2001,93.1,"Inter-city transportation"
2001,92.6,"Air transportation"
2001,97,"Rail, highway bus and other inter-city transportation"
2001,98.9,"Health and personal care"
2001,98.2,"Health care"
2001,99.5,"Health care goods"
2001,99.4,"Medicinal and pharmaceutical products"
2001,99.1,"Prescribed medicines (excluding medicinal cannabis)"
2001,100.1,"Non-prescribed medicines"
2001,99.3,"Eye care goods"
2001,101.6,"Other health care goods"
2001,96.6,"Health care services"
2001,96.6,"Dental care services"
2001,96.8,"Other health care services"
2001,99.5,"Personal care"
2001,100.5,"Personal care supplies and equipment"
2001,99.2,"Personal soap"
2001,101.2,"Toiletry items and cosmetics"
2001,102.1,"Oral-hygiene products"
2001,98.8,"Other personal care supplies and equipment"
2001,98,"Personal care services"
2001,98.4,"Recreation, education and reading"
2001,99.1,"Recreation"
2001,104.4,"Recreational equipment and services (excluding recreational vehicles)"
2001,99.7,"Sporting and exercise equipment"
2001,102.3,"Toys, games (excluding video games) and hobby supplies"
2001,122.6,"Digital computing equipment and devices"
2001,106.7,"Photographic equipment and supplies"
2001,103.5,"Other recreational equipment"
2001,100.2,"Recreational services"
2001,96.8,"Purchase and operation of recreational vehicles"
2001,97.6,"Purchase of recreational vehicles and outboard motors"
2001,95.6,"Operation of recreational vehicles"
2001,97.9,"Fuel, parts and accessories for recreational vehicles"
2001,93.4,"Insurance, licences and other services for recreational vehicles"
2001,100,"Home entertainment equipment, parts and services"
2001,103.7,"Audio equipment"
2001,103.9,"Video equipment"
2001,97.5,"Rental of digital media"
2001,99.9,"Other home entertainment equipment, parts and services"
2001,100.3,"Travel services"
2001,105.9,"Traveller accommodation"
2001,93.4,"Travel tours"
2001,95.6,"Other cultural and recreational services"
2001,94.1,"Spectator entertainment (excluding video and audio subscription services)"
2001,95.6,"Video and audio subscription services"
2001,96.7,"Use of recreational facilities and services"
2001,96.3,"Education and reading"
2001,96.3,"Education"
2001,96.2,"Tuition fees"
2001,95.3,"School textbooks and supplies"
2001,97.6,"Other lessons, courses and education services"
2001,96.3,"Reading material (excluding textbooks)"
2001,96.3,"Newspapers"
2001,95,"Magazines and periodicals"
2001,97.1,"Books and reading material (excluding textbooks)"
2001,85,"Alcoholic beverages, tobacco products and recreational cannabis"
2001,97.5,"Alcoholic beverages"
2001,96.9,"Alcoholic beverages served in licensed establishments"
2001,96.8,"Beer served in licensed establishments"
2001,98,"Wine served in licensed establishments"
2001,96,"Liquor served in licensed establishments"
2001,97.8,"Alcoholic beverages purchased from stores"
2001,97.4,"Beer purchased from stores"
2001,97.6,"Wine purchased from stores"
2001,98.8,"Liquor purchased from stores"
2001,75.9,"Tobacco products and smokers' supplies"
2001,75.8,"Cigarettes"
2001,76.2,"Other tobacco products and smokers' supplies"
2001,97.7,"All-items excluding eight of the most volatile components as defined by the Bank of Canada and excluding the effect of changes in indirect taxes"
2001,97.7,"All-items excluding eight of the most volatile components as defined by the Bank of Canada"
2001,97.9,"All-items excluding food"
2001,97.3,"All-items excluding food and energy"
2001,97.5,"All-items excluding mortgage interest cost"
2001,98.4,"All-items excluding alcoholic beverages, tobacco products and smokers' supplies and recreational cannabis"
2001,97.8,"All-items excluding alcoholic beverages and recreational cannabis"
2001,98.3,"All-items excluding tobacco products and smokers' supplies and recreational cannabis"
2001,97.3,"All-items excluding shelter"
2001,97.3,"All-items excluding energy"
2001,97.6,"All-items excluding gasoline"
2001,97.7,"All-items excluding shelter, insurance and financial services"
2001,96.4,"Private transportation excluding gasoline"
2001,98.9,"Food and energy"
2001,93.6,"Fresh fruit and vegetables"
2001,102,"Energy"
2001,99.1,"Housing (1986 definition)"
2001,99.4,"Shelter (1986 definition)"
2001,97.8,"Goods and services"
2001,98.4,"Goods"
2001,100.1,"Durable goods"
2001,100.3,"Semi-durable goods"
2001,97.4,"Non-durable goods"
2001,97.2,"Non-durable goods excluding food purchased from stores"
2001,92.1,"Non-durable goods excluding food purchased from stores and energy"
2001,98.8,"Goods excluding food purchased from stores"
2001,97.6,"Goods excluding food purchased from stores and energy"
2001,97.1,"Services"
2001,96.3,"Services excluding shelter services"
2002,100,"All-items"
2002,100,"Food"
2002,100,"Food purchased from stores"
2002,100,"Meat"
2002,100,"Fresh or frozen meat (excluding poultry)"
2002,100,"Fresh or frozen beef"
2002,100,"Fresh or frozen pork"
2002,100,"Other fresh or frozen meat (excluding poultry)"
2002,100,"Fresh or frozen poultry"
2002,100,"Fresh or frozen chicken"
2002,100,"Other fresh or frozen poultry"
2002,100,"Processed meat"
2002,100,"Ham and bacon"
2002,100,"Other processed meat"
2002,100,"Fish, seafood and other marine products"
2002,100,"Fish"
2002,100,"Fresh or frozen fish (including portions and fish sticks)"
2002,100,"Canned and other preserved fish"
2002,100,"Seafood and other marine products"
2002,100,"Dairy products and eggs"
2002,100,"Dairy products"
2002,100,"Fresh milk"
2002,100,"Butter"
2002,100,"Cheese"
2002,100,"Ice cream and related products"
2002,100,"Other dairy products"
2002,100,"Eggs"
2002,100,"Bakery and cereal products (excluding baby food)"
2002,100,"Bakery products"
2002,100,"Bread, rolls and buns"
2002,100,"Cookies and crackers"
2002,100,"Other bakery products"
2002,100,"Cereal products (excluding baby food)"
2002,100,"Rice and rice-based mixes"
2002,100,"Breakfast cereal and other cereal products (excluding baby food)"
2002,100,"Pasta products"
2002,100,"Flour and flour-based mixes"
2002,100,"Fruit, fruit preparations and nuts"
2002,100,"Fresh fruit"
2002,100,"Apples"
2002,100,"Oranges"
2002,100,"Bananas"
2002,100,"Other fresh fruit"
2002,100,"Preserved fruit and fruit preparations"
2002,100,"Fruit juices"
2002,100,"Other preserved fruit and fruit preparations"
2002,100,"Nuts and seeds"
2002,100,"Vegetables and vegetable preparations"
2002,100,"Fresh vegetables"
2002,100,"Potatoes"
2002,100,"Tomatoes"
2002,100,"Lettuce"
2002,100,"Other fresh vegetables"
2002,100,"Preserved vegetables and vegetable preparations"
2002,100,"Frozen and dried vegetables"
2002,100,"Canned vegetables and other vegetable preparations"
2002,100,"Other food products and non-alcoholic beverages"
2002,100,"Sugar and confectionery"
2002,100,"Sugar and syrup"
2002,100,"Confectionery"
2002,100,"Edible fats and oils"
2002,100,"Margarine"
2002,100,"Other edible fats and oils"
2002,100,"Coffee and tea"
2002,100,"Coffee"
2002,100,"Tea"
2002,100,"Condiments, spices and vinegars"
2002,100,"Other food preparations"
2002,100,"Soup"
2002,100,"Baby foods"
2002,100,"Frozen food preparations"
2002,100,"All other food preparations"
2002,100,"Non-alcoholic beverages"
2002,100,"Food purchased from restaurants"
2002,100,"Food purchased from table-service restaurants"
2002,100,"Food purchased from fast food and take-out restaurants"
2002,100,"Food purchased from cafeterias and other restaurants"
2002,100,"Shelter"
2002,100,"Rented accommodation"
2002,100,"Rent"
2002,100,"Tenants' insurance premiums"
2002,100,"Tenants' maintenance, repairs and other expenses"
2002,100,"Owned accommodation"
2002,100,"Mortgage interest cost"
2002,100,"Homeowners' replacement cost"
2002,100,"Property taxes and other special charges"
2002,100,"Homeowners' home and mortgage insurance"
2002,100,"Homeowners' maintenance and repairs"
2002,100,"Other owned accommodation expenses"
2002,100,"Water, fuel and electricity"
2002,100,"Electricity"
2002,100,"Water"
2002,100,"Natural gas"
2002,100,"Fuel oil and other fuels"
2002,100,"Household operations, furnishings and equipment"
2002,100,"Household operations"
2002,100,"Communications"
2002,100,"Telephone services"
2002,100,"Postal and other communications services"
2002,100,"Child care and housekeeping services"
2002,100,"Child care services"
2002,100,"Housekeeping services"
2002,100,"Household cleaning products"
2002,100,"Detergents and soaps (other than personal care)"
2002,100,"Other household cleaning products"
2002,100,"Paper, plastic and aluminum foil supplies"
2002,100,"Paper supplies"
2002,100,"Plastic and aluminum foil supplies"
2002,100,"Other household goods and services"
2002,100,"Pet food and supplies"
2002,100,"Seeds, plants and cut flowers"
2002,100,"Other horticultural goods"
2002,100,"Other household supplies"
2002,100,"Other household services"
2002,100,"Household furnishings and equipment"
2002,100,"Furniture and household textiles"
2002,100,"Furniture"
2002,100,"Upholstered furniture"
2002,100,"Wooden furniture"
2002,100,"Other furniture"
2002,100,"Household textiles"
2002,100,"Window coverings"
2002,100,"Bedding and other household textiles"
2002,100,"Area rugs and mats"
2002,100,"Household equipment"
2002,100,"Household appliances"
2002,100,"Cooking appliances"
2002,100,"Refrigerators and freezers"
2002,100,"Laundry and dishwashing appliances"
2002,100,"Other household appliances"
2002,100,"Non-electric kitchen utensils, tableware and cookware"
2002,100,"Tools and other household equipment"
2002,100,"Household tools (including lawn, garden and snow removal equipment)"
2002,100,"Other household equipment"
2002,100,"Services related to household furnishings and equipment"
2002,100,"Clothing and footwear"
2002,100,"Clothing"
2002,100,"Women's clothing"
2002,100,"Men's clothing"
2002,100,"Children's clothing"
2002,100,"Footwear"
2002,100,"Women's footwear (excluding athletic)"
2002,100,"Men's footwear (excluding athletic)"
2002,100,"Children's footwear (excluding athletic)"
2002,100,"Athletic footwear"
2002,100,"Clothing accessories, watches and jewellery"
2002,100,"Leather clothing accessories"
2002,100,"Other clothing accessories"
2002,100,"Watches"
2002,100,"Jewellery"
2002,100,"Clothing material, notions and services"
2002,100,"Clothing material and notions"
2002,100,"Laundry services"
2002,100,"Dry cleaning services"
2002,100,"Other clothing services"
2002,100,"Transportation"
2002,100,"Private transportation"
2002,100,"Purchase, leasing and rental of passenger vehicles"
2002,100,"Purchase and leasing of passenger vehicles"
2002,100,"Purchase of passenger vehicles"
2002,100,"Leasing of passenger vehicles"
2002,100,"Rental of passenger vehicles"
2002,100,"Operation of passenger vehicles"
2002,100,"Gasoline"
2002,100,"Passenger vehicle parts, maintenance and repairs"
2002,100,"Passenger vehicle parts, accessories and supplies"
2002,100,"Passenger vehicle maintenance and repair services"
2002,100,"Other passenger vehicle operating expenses"
2002,100,"Passenger vehicle insurance premiums"
2002,100,"Passenger vehicle registration fees"
2002,100,"Drivers' licences"
2002,100,"Parking fees"
2002,100,"All other passenger vehicle operating expenses"
2002,100,"Public transportation"
2002,100,"Local and commuter transportation"
2002,100,"City bus and subway transportation"
2002,100,"Taxi and other local and commuter transportation services"
2002,100,"Inter-city transportation"
2002,100,"Air transportation"
2002,100,"Rail, highway bus and other inter-city transportation"
2002,100,"Health and personal care"
2002,100,"Health care"
2002,100,"Health care goods"
2002,100,"Medicinal and pharmaceutical products"
2002,100,"Prescribed medicines (excluding medicinal cannabis)"
2002,100,"Non-prescribed medicines"
2002,100,"Eye care goods"
2002,100,"Other health care goods"
2002,100,"Health care services"
2002,100,"Dental care services"
2002,100,"Other health care services"
2002,100,"Personal care"
2002,100,"Personal care supplies and equipment"
2002,100,"Personal soap"
2002,100,"Toiletry items and cosmetics"
2002,100,"Oral-hygiene products"
2002,100,"Other personal care supplies and equipment"
2002,100,"Personal care services"
2002,100,"Recreation, education and reading"
2002,100,"Recreation"
2002,100,"Recreational equipment and services (excluding recreational vehicles)"
2002,100,"Sporting and exercise equipment"
2002,100,"Toys, games (excluding video games) and hobby supplies"
2002,100,"Digital computing equipment and devices"
2002,100,"Photographic equipment and supplies"
2002,100,"Other recreational equipment"
2002,100,"Recreational services"
2002,100,"Purchase and operation of recreational vehicles"
2002,100,"Purchase of recreational vehicles and outboard motors"
2002,100,"Operation of recreational vehicles"
2002,100,"Fuel, parts and accessories for recreational vehicles"
2002,100,"Insurance, licences and other services for recreational vehicles"
2002,100,"Home entertainment equipment, parts and services"
2002,100,"Audio equipment"
2002,100,"Video equipment"
2002,100,"Rental of digital media"
2002,100,"Purchase of digital media"
2002,100,"Other home entertainment equipment, parts and services"
2002,100,"Travel services"
2002,100,"Traveller accommodation"
2002,100,"Travel tours"
2002,100,"Other cultural and recreational services"
2002,100,"Spectator entertainment (excluding video and audio subscription services)"
2002,100,"Video and audio subscription services"
2002,100,"Use of recreational facilities and services"
2002,100,"Education and reading"
2002,100,"Education"
2002,100,"Tuition fees"
2002,100,"School textbooks and supplies"
2002,100,"Other lessons, courses and education services"
2002,100,"Reading material (excluding textbooks)"
2002,100,"Newspapers"
2002,100,"Magazines and periodicals"
2002,100,"Books and reading material (excluding textbooks)"
2002,100,"Alcoholic beverages, tobacco products and recreational cannabis"
2002,100,"Alcoholic beverages"
2002,100,"Alcoholic beverages served in licensed establishments"
2002,100,"Beer served in licensed establishments"
2002,100,"Wine served in licensed establishments"
2002,100,"Liquor served in licensed establishments"
2002,100,"Alcoholic beverages purchased from stores"
2002,100,"Beer purchased from stores"
2002,100,"Wine purchased from stores"
2002,100,"Liquor purchased from stores"
2002,100,"Tobacco products and smokers' supplies"
2002,100,"Cigarettes"
2002,100,"Other tobacco products and smokers' supplies"
2002,100,"All-items excluding eight of the most volatile components as defined by the Bank of Canada and excluding the effect of changes in indirect taxes"
2002,100,"All-items excluding eight of the most volatile components as defined by the Bank of Canada"
2002,100,"All-items excluding food"
2002,100,"All-items excluding food and energy"
2002,100,"All-items excluding mortgage interest cost"
2002,100,"All-items excluding alcoholic beverages, tobacco products and smokers' supplies and recreational cannabis"
2002,100,"All-items excluding alcoholic beverages and recreational cannabis"
2002,100,"All-items excluding tobacco products and smokers' supplies and recreational cannabis"
2002,100,"All-items excluding shelter"
2002,100,"All-items excluding energy"
2002,100,"All-items excluding gasoline"
2002,100,"All-items excluding shelter, insurance and financial services"
2002,100,"Private transportation excluding gasoline"
2002,100,"Food and energy"
2002,100,"Fresh fruit and vegetables"
2002,100,"Energy"
2002,100,"Housing (1986 definition)"
2002,100,"Shelter (1986 definition)"
2002,100,"Goods and services"
2002,100,"Goods"
2002,100,"Durable goods"
2002,100,"Semi-durable goods"
2002,100,"Non-durable goods"
2002,100,"Non-durable goods excluding food purchased from stores"
2002,100,"Non-durable goods excluding food purchased from stores and energy"
2002,100,"Goods excluding food purchased from stores"
2002,100,"Goods excluding food purchased from stores and energy"
2002,100,"Services"
2002,100,"Services excluding shelter services"
2003,102.8,"All-items"
2003,101.7,"Food"
2003,101.4,"Food purchased from stores"
2003,101.8,"Meat"
2003,100.9,"Fresh or frozen meat (excluding poultry)"
2003,100.7,"Fresh or frozen beef"
2003,100,"Fresh or frozen pork"
2003,103.7,"Other fresh or frozen meat (excluding poultry)"
2003,104.8,"Fresh or frozen poultry"
2003,105.9,"Fresh or frozen chicken"
2003,100.2,"Other fresh or frozen poultry"
2003,100.7,"Processed meat"
2003,101.3,"Ham and bacon"
2003,100.8,"Other processed meat"
2003,99.7,"Fish, seafood and other marine products"
2003,99.5,"Fish"
2003,100.7,"Fresh or frozen fish (including portions and fish sticks)"
2003,96.9,"Canned and other preserved fish"
2003,100.2,"Seafood and other marine products"
2003,103.1,"Dairy products and eggs"
2003,102.9,"Dairy products"
2003,103.1,"Fresh milk"
2003,104.1,"Butter"
2003,103,"Cheese"
2003,102.2,"Ice cream and related products"
2003,102.5,"Other dairy products"
2003,104.9,"Eggs"
2003,104.3,"Bakery and cereal products (excluding baby food)"
2003,105.8,"Bakery products"
2003,107.6,"Bread, rolls and buns"
2003,103.6,"Cookies and crackers"
2003,104.3,"Other bakery products"
2003,101.6,"Cereal products (excluding baby food)"
2003,96.4,"Rice and rice-based mixes"
2003,101.5,"Breakfast cereal and other cereal products (excluding baby food)"
2003,102.1,"Pasta products"
2003,102.6,"Flour and flour-based mixes"
2003,98.2,"Fruit, fruit preparations and nuts"
2003,96.5,"Fresh fruit"
2003,98.6,"Apples"
2003,90.9,"Oranges"
2003,102.5,"Bananas"
2003,97.2,"Other fresh fruit"
2003,100.9,"Preserved fruit and fruit preparations"
2003,100.8,"Fruit juices"
2003,101.1,"Other preserved fruit and fruit preparations"
2003,99.4,"Nuts and seeds"
2003,94.3,"Vegetables and vegetable preparations"
2003,92.1,"Fresh vegetables"
2003,73.1,"Potatoes"
2003,101.6,"Tomatoes"
2003,89.5,"Lettuce"
2003,98.5,"Other fresh vegetables"
2003,101.8,"Preserved vegetables and vegetable preparations"
2003,101.5,"Frozen and dried vegetables"
2003,101.9,"Canned vegetables and other vegetable preparations"
2003,103.3,"Other food products and non-alcoholic beverages"
2003,106,"Sugar and confectionery"
2003,100,"Sugar and syrup"
2003,107.2,"Confectionery"
2003,103.8,"Edible fats and oils"
2003,104,"Margarine"
2003,103.5,"Other edible fats and oils"
2003,100.8,"Coffee and tea"
2003,100.9,"Coffee"
2003,100.5,"Tea"
2003,100.6,"Condiments, spices and vinegars"
2003,104.7,"Other food preparations"
2003,100.8,"Soup"
2003,99.9,"Baby foods"
2003,104.8,"Frozen food preparations"
2003,106.2,"All other food preparations"
2003,99.4,"Non-alcoholic beverages"
2003,102.5,"Food purchased from restaurants"
2003,102.5,"Food purchased from table-service restaurants"
2003,102.4,"Food purchased from fast food and take-out restaurants"
2003,102.5,"Food purchased from cafeterias and other restaurants"
2003,103.2,"Shelter"
2003,101.5,"Rented accommodation"
2003,101.5,"Rent"
2003,104.4,"Tenants' insurance premiums"
2003,99.7,"Tenants' maintenance, repairs and other expenses"
2003,103,"Owned accommodation"
2003,99.8,"Mortgage interest cost"
2003,106.4,"Homeowners' replacement cost"
2003,102.3,"Property taxes and other special charges"
2003,111.2,"Homeowners' home and mortgage insurance"
2003,103.4,"Homeowners' maintenance and repairs"
2003,104.5,"Other owned accommodation expenses"
2003,108.9,"Water, fuel and electricity"
2003,98,"Electricity"
2003,104.3,"Water"
2003,130.1,"Natural gas"
2003,114.9,"Fuel oil and other fuels"
2003,100.7,"Household operations, furnishings and equipment"
2003,101,"Household operations"
2003,100.1,"Communications"
2003,100.2,"Telephone services"
2003,100.8,"Postal and other communications services"
2003,101,"Child care and housekeeping services"
2003,100.2,"Child care services"
2003,103.2,"Housekeeping services"
2003,100.6,"Household cleaning products"
2003,99.1,"Detergents and soaps (other than personal care)"
2003,102,"Other household cleaning products"
2003,100.2,"Paper, plastic and aluminum foil supplies"
2003,99.7,"Paper supplies"
2003,101.8,"Plastic and aluminum foil supplies"
2003,102.6,"Other household goods and services"
2003,100.5,"Pet food and supplies"
2003,105.3,"Seeds, plants and cut flowers"
2003,97.3,"Other horticultural goods"
2003,99.1,"Other household supplies"
2003,103.8,"Other household services"
2003,100.2,"Household furnishings and equipment"
2003,100.4,"Furniture and household textiles"
2003,100.2,"Furniture"
2003,100.5,"Upholstered furniture"
2003,101.1,"Wooden furniture"
2003,99.3,"Other furniture"
2003,101,"Household textiles"
2003,99.1,"Window coverings"
2003,100.9,"Bedding and other household textiles"
2003,105.3,"Area rugs and mats"
2003,99.5,"Household equipment"
2003,99.1,"Household appliances"
2003,100.2,"Cooking appliances"
2003,98.1,"Refrigerators and freezers"
2003,100.7,"Laundry and dishwashing appliances"
2003,98.2,"Other household appliances"
2003,100.9,"Non-electric kitchen utensils, tableware and cookware"
2003,99.5,"Tools and other household equipment"
2003,99.4,"Household tools (including lawn, garden and snow removal equipment)"
2003,99.6,"Other household equipment"
2003,103,"Services related to household furnishings and equipment"
2003,98.2,"Clothing and footwear"
2003,97.2,"Clothing"
2003,97.8,"Women's clothing"
2003,98,"Men's clothing"
2003,94.1,"Children's clothing"
2003,98.5,"Footwear"
2003,99.5,"Women's footwear (excluding athletic)"
2003,101.2,"Men's footwear (excluding athletic)"
2003,97.5,"Children's footwear (excluding athletic)"
2003,95.3,"Athletic footwear"
2003,99.6,"Clothing accessories, watches and jewellery"
2003,97.4,"Leather clothing accessories"
2003,96.2,"Other clothing accessories"
2003,98.9,"Watches"
2003,103.1,"Jewellery"
2003,102.8,"Clothing material, notions and services"
2003,100.4,"Clothing material and notions"
2003,101.6,"Laundry services"
2003,103.4,"Dry cleaning services"
2003,105,"Other clothing services"
2003,105.2,"Transportation"
2003,105.4,"Private transportation"
2003,99.2,"Purchase, leasing and rental of passenger vehicles"
2003,99.3,"Purchase and leasing of passenger vehicles"
2003,99.2,"Purchase of passenger vehicles"
2003,99.3,"Leasing of passenger vehicles"
2003,97.9,"Rental of passenger vehicles"
2003,110.5,"Operation of passenger vehicles"
2003,106.4,"Gasoline"
2003,103.5,"Passenger vehicle parts, maintenance and repairs"
2003,102.2,"Passenger vehicle parts, accessories and supplies"
2003,104.1,"Passenger vehicle maintenance and repair services"
2003,118.9,"Other passenger vehicle operating expenses"
2003,122.1,"Passenger vehicle insurance premiums"
2003,101.4,"Passenger vehicle registration fees"
2003,104.3,"Drivers' licences"
2003,105.1,"Parking fees"
2003,102.9,"All other passenger vehicle operating expenses"
2003,102.9,"Public transportation"
2003,103.9,"Local and commuter transportation"
2003,104.2,"City bus and subway transportation"
2003,103.3,"Taxi and other local and commuter transportation services"
2003,102.3,"Inter-city transportation"
2003,102,"Air transportation"
2003,102.7,"Rail, highway bus and other inter-city transportation"
2003,101.4,"Health and personal care"
2003,101.8,"Health care"
2003,100.7,"Health care goods"
2003,100.7,"Medicinal and pharmaceutical products"
2003,100.3,"Prescribed medicines (excluding medicinal cannabis)"
2003,101.2,"Non-prescribed medicines"
2003,101.1,"Eye care goods"
2003,98.5,"Other health care goods"
2003,103.3,"Health care services"
2003,103.3,"Dental care services"
2003,103.4,"Other health care services"
2003,100.9,"Personal care"
2003,99.7,"Personal care supplies and equipment"
2003,100.4,"Personal soap"
2003,99.4,"Toiletry items and cosmetics"
2003,98.9,"Oral-hygiene products"
2003,100.9,"Other personal care supplies and equipment"
2003,102.7,"Personal care services"
2003,100.8,"Recreation, education and reading"
2003,99.6,"Recreation"
2003,96.3,"Recreational equipment and services (excluding recreational vehicles)"
2003,97.7,"Sporting and exercise equipment"
2003,101.2,"Toys, games (excluding video games) and hobby supplies"
2003,90.2,"Digital computing equipment and devices"
2003,96.8,"Photographic equipment and supplies"
2003,96.8,"Other recreational equipment"
2003,100.2,"Recreational services"
2003,104.7,"Purchase and operation of recreational vehicles"
2003,102.6,"Purchase of recreational vehicles and outboard motors"
2003,107.9,"Operation of recreational vehicles"
2003,104.3,"Fuel, parts and accessories for recreational vehicles"
2003,111.1,"Insurance, licences and other services for recreational vehicles"
2003,98.9,"Home entertainment equipment, parts and services"
2003,96.9,"Audio equipment"
2003,94.9,"Video equipment"
2003,101.3,"Rental of digital media"
2003,101.1,"Purchase of digital media"
2003,99.3,"Other home entertainment equipment, parts and services"
2003,95,"Travel services"
2003,89.9,"Traveller accommodation"
2003,101.6,"Travel tours"
2003,104.5,"Other cultural and recreational services"
2003,104.8,"Spectator entertainment (excluding video and audio subscription services)"
2003,104.8,"Video and audio subscription services"
2003,103.9,"Use of recreational facilities and services"
2003,104.1,"Education and reading"
2003,105,"Education"
2003,106,"Tuition fees"
2003,102.4,"School textbooks and supplies"
2003,102.6,"Other lessons, courses and education services"
2003,101.8,"Reading material (excluding textbooks)"
2003,102.1,"Newspapers"
2003,103.4,"Magazines and periodicals"
2003,100.2,"Books and reading material (excluding textbooks)"
2003,110.1,"Alcoholic beverages, tobacco products and recreational cannabis"
2003,102.1,"Alcoholic beverages"
2003,102.8,"Alcoholic beverages served in licensed establishments"
2003,103.4,"Beer served in licensed establishments"
2003,101.7,"Wine served in licensed establishments"
2003,102.5,"Liquor served in licensed establishments"
2003,101.8,"Alcoholic beverages purchased from stores"
2003,103.2,"Beer purchased from stores"
2003,100.1,"Wine purchased from stores"
2003,100.5,"Liquor purchased from stores"
2003,116.2,"Tobacco products and smokers' supplies"
2003,116.2,"Cigarettes"
2003,116.4,"Other tobacco products and smokers' supplies"
2003,102.2,"All-items excluding eight of the most volatile components as defined by the Bank of Canada and excluding the effect of changes in indirect taxes"
2003,102.2,"All-items excluding eight of the most volatile components as defined by the Bank of Canada"
2003,103,"All-items excluding food"
2003,102.5,"All-items excluding food and energy"
2003,102.9,"All-items excluding mortgage interest cost"
2003,102.4,"All-items excluding alcoholic beverages, tobacco products and smokers' supplies and recreational cannabis"
2003,102.8,"All-items excluding alcoholic beverages and recreational cannabis"
2003,102.4,"All-items excluding tobacco products and smokers' supplies and recreational cannabis"
2003,102.5,"All-items excluding shelter"
2003,102.4,"All-items excluding energy"
2003,102.6,"All-items excluding gasoline"
2003,101.6,"All-items excluding shelter, insurance and financial services"
2003,105.3,"Private transportation excluding gasoline"
2003,103.6,"Food and energy"
2003,94.1,"Fresh fruit and vegetables"
2003,107.9,"Energy"
2003,102.2,"Housing (1986 definition)"
2003,102.7,"Shelter (1986 definition)"
2003,102.8,"Goods and services"
2003,101.9,"Goods"
2003,99.2,"Durable goods"
2003,98.6,"Semi-durable goods"
2003,104.3,"Non-durable goods"
2003,106.4,"Non-durable goods excluding food purchased from stores"
2003,105.1,"Non-durable goods excluding food purchased from stores and energy"
2003,102.1,"Goods excluding food purchased from stores"
2003,100.7,"Goods excluding food purchased from stores and energy"
2003,103.6,"Services"
2003,104.4,"Services excluding shelter services"
2004,104.7,"All-items"
2004,103.8,"Food"
2004,103.2,"Food purchased from stores"
2004,106.2,"Meat"
2004,105,"Fresh or frozen meat (excluding poultry)"
2004,104.2,"Fresh or frozen beef"
2004,105.8,"Fresh or frozen pork"
2004,108.6,"Other fresh or frozen meat (excluding poultry)"
2004,112.2,"Fresh or frozen poultry"
2004,114,"Fresh or frozen chicken"
2004,103.2,"Other fresh or frozen poultry"
2004,103.2,"Processed meat"
2004,104.9,"Ham and bacon"
2004,102.8,"Other processed meat"
2004,99.1,"Fish, seafood and other marine products"
2004,99.4,"Fish"
2004,100.8,"Fresh or frozen fish (including portions and fish sticks)"
2004,96.2,"Canned and other preserved fish"
2004,98.3,"Seafood and other marine products"
2004,105.7,"Dairy products and eggs"
2004,105.5,"Dairy products"
2004,104.2,"Fresh milk"
2004,106.7,"Butter"
2004,106.4,"Cheese"
2004,104.5,"Ice cream and related products"
2004,105.8,"Other dairy products"
2004,107.7,"Eggs"
2004,107,"Bakery and cereal products (excluding baby food)"
2004,109.3,"Bakery products"
2004,112.5,"Bread, rolls and buns"
2004,104.5,"Cookies and crackers"
2004,107.7,"Other bakery products"
2004,102.8,"Cereal products (excluding baby food)"
2004,101.5,"Rice and rice-based mixes"
2004,103,"Breakfast cereal and other cereal products (excluding baby food)"
2004,101.3,"Pasta products"
2004,102.5,"Flour and flour-based mixes"
2004,99.3,"Fruit, fruit preparations and nuts"
2004,97.9,"Fresh fruit"
2004,102.6,"Apples"
2004,98.8,"Oranges"
2004,99.2,"Bananas"
2004,96.9,"Other fresh fruit"
2004,101.3,"Preserved fruit and fruit preparations"
2004,100.9,"Fruit juices"
2004,102.4,"Other preserved fruit and fruit preparations"
2004,101.6,"Nuts and seeds"
2004,92.1,"Vegetables and vegetable preparations"
2004,88.9,"Fresh vegetables"
2004,61.3,"Potatoes"
2004,108,"Tomatoes"
2004,79.1,"Lettuce"
2004,96.2,"Other fresh vegetables"
2004,103.4,"Preserved vegetables and vegetable preparations"
2004,104,"Frozen and dried vegetables"
2004,103.1,"Canned vegetables and other vegetable preparations"
2004,104.4,"Other food products and non-alcoholic beverages"
2004,107.5,"Sugar and confectionery"
2004,97.4,"Sugar and syrup"
2004,109.5,"Confectionery"
2004,106.9,"Edible fats and oils"
2004,106.7,"Margarine"
2004,107,"Other edible fats and oils"
2004,102.7,"Coffee and tea"
2004,102.3,"Coffee"
2004,104,"Tea"
2004,100.8,"Condiments, spices and vinegars"
2004,106.5,"Other food preparations"
2004,101.5,"Soup"
2004,97,"Baby foods"
2004,109.8,"Frozen food preparations"
2004,106.8,"All other food preparations"
2004,99.2,"Non-alcoholic beverages"
2004,105.2,"Food purchased from restaurants"
2004,105.4,"Food purchased from table-service restaurants"
2004,104.6,"Food purchased from fast food and take-out restaurants"
2004,105.2,"Food purchased from cafeterias and other restaurants"
2004,105.8,"Shelter"
2004,102.6,"Rented accommodation"
2004,102.5,"Rent"
2004,106.6,"Tenants' insurance premiums"
2004,100.8,"Tenants' maintenance, repairs and other expenses"
2004,105.9,"Owned accommodation"
2004,99.9,"Mortgage interest cost"
2004,113.2,"Homeowners' replacement cost"
2004,105.6,"Property taxes and other special charges"
2004,123.3,"Homeowners' home and mortgage insurance"
2004,105.4,"Homeowners' maintenance and repairs"
2004,110,"Other owned accommodation expenses"
2004,112.5,"Water, fuel and electricity"
2004,102,"Electricity"
2004,108.6,"Water"
2004,127.4,"Natural gas"
2004,126.5,"Fuel oil and other fuels"
2004,101.2,"Household operations, furnishings and equipment"
2004,102.2,"Household operations"
2004,100.8,"Communications"
2004,100.6,"Telephone services"
2004,110,"Postal and other communications services"
2004,103.7,"Child care and housekeeping services"
2004,103.1,"Child care services"
2004,105.2,"Housekeeping services"
2004,100.2,"Household cleaning products"
2004,97.7,"Detergents and soaps (other than personal care)"
2004,102.6,"Other household cleaning products"
2004,100.3,"Paper, plastic and aluminum foil supplies"
2004,99.8,"Paper supplies"
2004,101.8,"Plastic and aluminum foil supplies"
2004,104.4,"Other household goods and services"
2004,102,"Pet food and supplies"
2004,106.3,"Seeds, plants and cut flowers"
2004,95.3,"Other horticultural goods"
2004,97.2,"Other household supplies"
2004,108,"Other household services"
2004,99.5,"Household furnishings and equipment"
2004,100,"Furniture and household textiles"
2004,99.6,"Furniture"
2004,97.9,"Upholstered furniture"
2004,100.3,"Wooden furniture"
2004,101.3,"Other furniture"
2004,101.3,"Household textiles"
2004,99.4,"Window coverings"
2004,100.1,"Bedding and other household textiles"
2004,108.5,"Area rugs and mats"
2004,97.4,"Household equipment"
2004,97.2,"Household appliances"
2004,97,"Cooking appliances"
2004,96.9,"Refrigerators and freezers"
2004,98,"Laundry and dishwashing appliances"
2004,96.8,"Other household appliances"
2004,95,"Non-electric kitchen utensils, tableware and cookware"
2004,98,"Tools and other household equipment"
2004,97.9,"Household tools (including lawn, garden and snow removal equipment)"
2004,98.2,"Other household equipment"
2004,107.9,"Services related to household furnishings and equipment"
2004,98,"Clothing and footwear"
2004,96.7,"Clothing"
2004,97.2,"Women's clothing"
2004,98,"Men's clothing"
2004,91.4,"Children's clothing"
2004,98,"Footwear"
2004,99.2,"Women's footwear (excluding athletic)"
2004,102.1,"Men's footwear (excluding athletic)"
2004,98.1,"Children's footwear (excluding athletic)"
2004,93.4,"Athletic footwear"
2004,100.5,"Clothing accessories, watches and jewellery"
2004,99.6,"Leather clothing accessories"
2004,95.5,"Other clothing accessories"
2004,98.3,"Watches"
2004,104.6,"Jewellery"
2004,105.5,"Clothing material, notions and services"
2004,99.2,"Clothing material and notions"
2004,105.2,"Laundry services"
2004,107.2,"Dry cleaning services"
2004,108.5,"Other clothing services"
2004,107.7,"Transportation"
2004,108,"Private transportation"
2004,97.9,"Purchase, leasing and rental of passenger vehicles"
2004,97.9,"Purchase and leasing of passenger vehicles"
2004,98.7,"Purchase of passenger vehicles"
2004,93.6,"Leasing of passenger vehicles"
2004,98.9,"Rental of passenger vehicles"
2004,116.7,"Operation of passenger vehicles"
2004,117.6,"Gasoline"
2004,106.8,"Passenger vehicle parts, maintenance and repairs"
2004,104.2,"Passenger vehicle parts, accessories and supplies"
2004,108.1,"Passenger vehicle maintenance and repair services"
2004,120.8,"Other passenger vehicle operating expenses"
2004,123.9,"Passenger vehicle insurance premiums"
2004,102.6,"Passenger vehicle registration fees"
2004,112,"Drivers' licences"
2004,108.9,"Parking fees"
2004,104.8,"All other passenger vehicle operating expenses"
2004,105.3,"Public transportation"
2004,107.5,"Local and commuter transportation"
2004,107.2,"City bus and subway transportation"
2004,108,"Taxi and other local and commuter transportation services"
2004,104.1,"Inter-city transportation"
2004,102.8,"Air transportation"
2004,108.2,"Rail, highway bus and other inter-city transportation"
2004,102.8,"Health and personal care"
2004,103.7,"Health care"
2004,101.2,"Health care goods"
2004,100.8,"Medicinal and pharmaceutical products"
2004,99.7,"Prescribed medicines (excluding medicinal cannabis)"
2004,102.4,"Non-prescribed medicines"
2004,102.2,"Eye care goods"
2004,100.4,"Other health care goods"
2004,107.1,"Health care services"
2004,107.5,"Dental care services"
2004,106.4,"Other health care services"
2004,102,"Personal care"
2004,99.8,"Personal care supplies and equipment"
2004,100.7,"Personal soap"
2004,99.4,"Toiletry items and cosmetics"
2004,99.5,"Oral-hygiene products"
2004,101.1,"Other personal care supplies and equipment"
2004,105.2,"Personal care services"
2004,101.1,"Recreation, education and reading"
2004,98.5,"Recreation"
2004,89.7,"Recreational equipment and services (excluding recreational vehicles)"
2004,95.9,"Sporting and exercise equipment"
2004,98.2,"Toys, games (excluding video games) and hobby supplies"
2004,75.1,"Digital computing equipment and devices"
2004,88.8,"Photographic equipment and supplies"
2004,92.8,"Other recreational equipment"
2004,98.8,"Recreational services"
2004,106.3,"Purchase and operation of recreational vehicles"
2004,102.1,"Purchase of recreational vehicles and outboard motors"
2004,112.8,"Operation of recreational vehicles"
2004,111.4,"Fuel, parts and accessories for recreational vehicles"
2004,114.3,"Insurance, licences and other services for recreational vehicles"
2004,95.2,"Home entertainment equipment, parts and services"
2004,92.4,"Audio equipment"
2004,86.5,"Video equipment"
2004,102.6,"Rental of digital media"
2004,98.7,"Purchase of digital media"
2004,103.2,"Other home entertainment equipment, parts and services"
2004,93.8,"Travel services"
2004,84.1,"Traveller accommodation"
2004,105.6,"Travel tours"
2004,108,"Other cultural and recreational services"
2004,108.4,"Spectator entertainment (excluding video and audio subscription services)"
2004,108.8,"Video and audio subscription services"
2004,106.7,"Use of recreational facilities and services"
2004,109.2,"Education and reading"
2004,110.8,"Education"
2004,113.2,"Tuition fees"
2004,103.8,"School textbooks and supplies"
2004,106.6,"Other lessons, courses and education services"
2004,104.1,"Reading material (excluding textbooks)"
2004,105.6,"Newspapers"
2004,109.1,"Magazines and periodicals"
2004,99.3,"Books and reading material (excluding textbooks)"
2004,116,"Alcoholic beverages, tobacco products and recreational cannabis"
2004,104.9,"Alcoholic beverages"
2004,105.6,"Alcoholic beverages served in licensed establishments"
2004,106.4,"Beer served in licensed establishments"
2004,103.7,"Wine served in licensed establishments"
2004,105.9,"Liquor served in licensed establishments"
2004,104.6,"Alcoholic beverages purchased from stores"
2004,107,"Beer purchased from stores"
2004,101.9,"Wine purchased from stores"
2004,102,"Liquor purchased from stores"
2004,124.9,"Tobacco products and smokers' supplies"
2004,124.9,"Cigarettes"
2004,125.3,"Other tobacco products and smokers' supplies"
2004,103.8,"All-items excluding eight of the most volatile components as defined by the Bank of Canada and excluding the effect of changes in indirect taxes"
2004,103.8,"All-items excluding eight of the most volatile components as defined by the Bank of Canada"
2004,104.8,"All-items excluding food"
2004,103.9,"All-items excluding food and energy"
2004,105,"All-items excluding mortgage interest cost"
2004,104.2,"All-items excluding alcoholic beverages, tobacco products and smokers' supplies and recreational cannabis"
2004,104.7,"All-items excluding alcoholic beverages and recreational cannabis"
2004,104.2,"All-items excluding tobacco products and smokers' supplies and recreational cannabis"
2004,104.1,"All-items excluding shelter"
2004,103.8,"All-items excluding energy"
2004,104.2,"All-items excluding gasoline"
2004,103.2,"All-items excluding shelter, insurance and financial services"
2004,105.4,"Private transportation excluding gasoline"
2004,107.3,"Food and energy"
2004,92.9,"Fresh fruit and vegetables"
2004,115.2,"Energy"
2004,104,"Housing (1986 definition)"
2004,105,"Shelter (1986 definition)"
2004,104.7,"Goods and services"
2004,103.4,"Goods"
2004,97.5,"Durable goods"
2004,98.2,"Semi-durable goods"
2004,107.9,"Non-durable goods"
2004,111.4,"Non-durable goods excluding food purchased from stores"
2004,107.8,"Non-durable goods excluding food purchased from stores and energy"
2004,103.4,"Goods excluding food purchased from stores"
2004,100.4,"Goods excluding food purchased from stores and energy"
2004,105.9,"Services"
2004,106.5,"Services excluding shelter services"
2005,107,"All-items"
2005,106.4,"Food"
2005,105.6,"Food purchased from stores"
2005,108.2,"Meat"
2005,106.9,"Fresh or frozen meat (excluding poultry)"
2005,106.1,"Fresh or frozen beef"
2005,106.4,"Fresh or frozen pork"
2005,114.3,"Other fresh or frozen meat (excluding poultry)"
2005,113,"Fresh or frozen poultry"
2005,114.2,"Fresh or frozen chicken"
2005,108.6,"Other fresh or frozen poultry"
2005,106.4,"Processed meat"
2005,107.2,"Ham and bacon"
2005,106.6,"Other processed meat"
2005,99.1,"Fish, seafood and other marine products"
2005,100.4,"Fish"
2005,101.6,"Fresh or frozen fish (including portions and fish sticks)"
2005,97.6,"Canned and other preserved fish"
2005,95.8,"Seafood and other marine products"
2005,111,"Dairy products and eggs"
2005,111.1,"Dairy products"
2005,108.8,"Fresh milk"
2005,115.6,"Butter"
2005,112.3,"Cheese"
2005,109.3,"Ice cream and related products"
2005,111.6,"Other dairy products"
2005,109.1,"Eggs"
2005,109.8,"Bakery and cereal products (excluding baby food)"
2005,113.1,"Bakery products"
2005,117.7,"Bread, rolls and buns"
2005,106.2,"Cookies and crackers"
2005,110.9,"Other bakery products"
2005,103.9,"Cereal products (excluding baby food)"
2005,104.2,"Rice and rice-based mixes"
2005,104,"Breakfast cereal and other cereal products (excluding baby food)"
2005,102.6,"Pasta products"
2005,102.1,"Flour and flour-based mixes"
2005,98.8,"Fruit, fruit preparations and nuts"
2005,96.2,"Fresh fruit"
2005,93.9,"Apples"
2005,97.6,"Oranges"
2005,98.2,"Bananas"
2005,97.3,"Other fresh fruit"
2005,102.6,"Preserved fruit and fruit preparations"
2005,102.5,"Fruit juices"
2005,102.7,"Other preserved fruit and fruit preparations"
2005,103,"Nuts and seeds"
2005,93.6,"Vegetables and vegetable preparations"
2005,89.9,"Fresh vegetables"
2005,70.8,"Potatoes"
2005,99.1,"Tomatoes"
2005,82.5,"Lettuce"
2005,97,"Other fresh vegetables"
2005,106.8,"Preserved vegetables and vegetable preparations"
2005,106.6,"Frozen and dried vegetables"
2005,106.9,"Canned vegetables and other vegetable preparations"
2005,107,"Other food products and non-alcoholic beverages"
2005,107.8,"Sugar and confectionery"
2005,96.9,"Sugar and syrup"
2005,109.9,"Confectionery"
2005,108.6,"Edible fats and oils"
2005,107.8,"Margarine"
2005,109.5,"Other edible fats and oils"
2005,106.1,"Coffee and tea"
2005,106.6,"Coffee"
2005,104.7,"Tea"
2005,103,"Condiments, spices and vinegars"
2005,109,"Other food preparations"
2005,106.2,"Soup"
2005,99.5,"Baby foods"
2005,115.3,"Frozen food preparations"
2005,106.8,"All other food preparations"
2005,103.4,"Non-alcoholic beverages"
2005,108.2,"Food purchased from restaurants"
2005,108.6,"Food purchased from table-service restaurants"
2005,107.3,"Food purchased from fast food and take-out restaurants"
2005,108.2,"Food purchased from cafeterias and other restaurants"
2005,109.2,"Shelter"
2005,103.4,"Rented accommodation"
2005,103.3,"Rent"
2005,108.3,"Tenants' insurance premiums"
2005,101.1,"Tenants' maintenance, repairs and other expenses"
2005,109.2,"Owned accommodation"
2005,100.6,"Mortgage interest cost"
2005,119.1,"Homeowners' replacement cost"
2005,109.9,"Property taxes and other special charges"
2005,131.2,"Homeowners' home and mortgage insurance"
2005,107.5,"Homeowners' maintenance and repairs"
2005,115.3,"Other owned accommodation expenses"
2005,119.8,"Water, fuel and electricity"
2005,104.9,"Electricity"
2005,114.8,"Water"
2005,136.3,"Natural gas"
2005,158.7,"Fuel oil and other fuels"
2005,101.7,"Household operations, furnishings and equipment"
2005,103.5,"Household operations"
2005,101.1,"Communications"
2005,101,"Telephone services"
2005,113.9,"Postal and other communications services"
2005,105.1,"Child care and housekeeping services"
2005,104.2,"Child care services"
2005,107.6,"Housekeeping services"
2005,101.1,"Household cleaning products"
2005,97.7,"Detergents and soaps (other than personal care)"
2005,104.3,"Other household cleaning products"
2005,102.7,"Paper, plastic and aluminum foil supplies"
2005,102.6,"Paper supplies"
2005,103,"Plastic and aluminum foil supplies"
2005,106.6,"Other household goods and services"
2005,103.6,"Pet food and supplies"
2005,108.4,"Seeds, plants and cut flowers"
2005,94.4,"Other horticultural goods"
2005,98.9,"Other household supplies"
2005,112.7,"Other household services"
2005,98.7,"Household furnishings and equipment"
2005,100.3,"Furniture and household textiles"
2005,99.6,"Furniture"
2005,97.7,"Upholstered furniture"
2005,100.8,"Wooden furniture"
2005,100.8,"Other furniture"
2005,102.5,"Household textiles"
2005,104.1,"Window coverings"
2005,98.5,"Bedding and other household textiles"
2005,111.1,"Area rugs and mats"
2005,94.5,"Household equipment"
2005,94.6,"Household appliances"
2005,93.8,"Cooking appliances"
2005,94.1,"Refrigerators and freezers"
2005,98.3,"Laundry and dishwashing appliances"
2005,93.1,"Other household appliances"
2005,92.2,"Non-electric kitchen utensils, tableware and cookware"
2005,94.7,"Tools and other household equipment"
2005,94.6,"Household tools (including lawn, garden and snow removal equipment)"
2005,94.9,"Other household equipment"
2005,112.2,"Services related to household furnishings and equipment"
2005,97.6,"Clothing and footwear"
2005,95.4,"Clothing"
2005,96.1,"Women's clothing"
2005,96.9,"Men's clothing"
2005,89.4,"Children's clothing"
2005,98.2,"Footwear"
2005,100.2,"Women's footwear (excluding athletic)"
2005,100.5,"Men's footwear (excluding athletic)"
2005,97.8,"Children's footwear (excluding athletic)"
2005,94.1,"Athletic footwear"
2005,101.9,"Clothing accessories, watches and jewellery"
2005,101,"Leather clothing accessories"
2005,93.3,"Other clothing accessories"
2005,101,"Watches"
2005,106.7,"Jewellery"
2005,108.2,"Clothing material, notions and services"
2005,99.6,"Clothing material and notions"
2005,109.2,"Laundry services"
2005,110.4,"Dry cleaning services"
2005,110.7,"Other clothing services"
2005,112,"Transportation"
2005,112.4,"Private transportation"
2005,99.2,"Purchase, leasing and rental of passenger vehicles"
2005,99.2,"Purchase and leasing of passenger vehicles"
2005,100,"Purchase of passenger vehicles"
2005,94.1,"Leasing of passenger vehicles"
2005,100.3,"Rental of passenger vehicles"
2005,124.4,"Operation of passenger vehicles"
2005,132.6,"Gasoline"
2005,110.3,"Passenger vehicle parts, maintenance and repairs"
2005,107.6,"Passenger vehicle parts, accessories and supplies"
2005,111.6,"Passenger vehicle maintenance and repair services"
2005,122,"Other passenger vehicle operating expenses"
2005,123.4,"Passenger vehicle insurance premiums"
2005,106.2,"Passenger vehicle registration fees"
2005,142,"Drivers' licences"
2005,112.2,"Parking fees"
2005,107.1,"All other passenger vehicle operating expenses"
2005,108.6,"Public transportation"
2005,111.4,"Local and commuter transportation"
2005,111,"City bus and subway transportation"
2005,112.1,"Taxi and other local and commuter transportation services"
2005,107,"Inter-city transportation"
2005,105.7,"Air transportation"
2005,111.6,"Rail, highway bus and other inter-city transportation"
2005,104.6,"Health and personal care"
2005,106.4,"Health care"
2005,102.4,"Health care goods"
2005,101.8,"Medicinal and pharmaceutical products"
2005,101,"Prescribed medicines (excluding medicinal cannabis)"
2005,103,"Non-prescribed medicines"
2005,102.9,"Eye care goods"
2005,101.9,"Other health care goods"
2005,112,"Health care services"
2005,111.1,"Dental care services"
2005,114.7,"Other health care services"
2005,102.8,"Personal care"
2005,99.4,"Personal care supplies and equipment"
2005,101.8,"Personal soap"
2005,98.7,"Toiletry items and cosmetics"
2005,100.8,"Oral-hygiene products"
2005,100.5,"Other personal care supplies and equipment"
2005,107.7,"Personal care services"
2005,100.8,"Recreation, education and reading"
2005,97.1,"Recreation"
2005,83.5,"Recreational equipment and services (excluding recreational vehicles)"
2005,93.6,"Sporting and exercise equipment"
2005,96.9,"Toys, games (excluding video games) and hobby supplies"
2005,59.5,"Digital computing equipment and devices"
2005,81.7,"Photographic equipment and supplies"
2005,91.3,"Other recreational equipment"
2005,97.4,"Recreational services"
2005,107.9,"Purchase and operation of recreational vehicles"
2005,101.5,"Purchase of recreational vehicles and outboard motors"
2005,117.9,"Operation of recreational vehicles"
2005,120.6,"Fuel, parts and accessories for recreational vehicles"
2005,116.4,"Insurance, licences and other services for recreational vehicles"
2005,92.7,"Home entertainment equipment, parts and services"
2005,88.8,"Audio equipment"
2005,81.4,"Video equipment"
2005,104,"Rental of digital media"
2005,95.6,"Purchase of digital media"
2005,107.3,"Other home entertainment equipment, parts and services"
2005,90.8,"Travel services"
2005,80,"Traveller accommodation"
2005,103.7,"Travel tours"
2005,110.7,"Other cultural and recreational services"
2005,110.2,"Spectator entertainment (excluding video and audio subscription services)"
2005,112.5,"Video and audio subscription services"
2005,109,"Use of recreational facilities and services"
2005,112.3,"Education and reading"
2005,114,"Education"
2005,117,"Tuition fees"
2005,105.2,"School textbooks and supplies"
2005,108.1,"Other lessons, courses and education services"
2005,107.3,"Reading material (excluding textbooks)"
2005,109.2,"Newspapers"
2005,113.1,"Magazines and periodicals"
2005,101.5,"Books and reading material (excluding textbooks)"
2005,119.1,"Alcoholic beverages, tobacco products and recreational cannabis"
2005,107,"Alcoholic beverages"
2005,108.7,"Alcoholic beverages served in licensed establishments"
2005,109.3,"Beer served in licensed establishments"
2005,107.4,"Wine served in licensed establishments"
2005,108.8,"Liquor served in licensed establishments"
2005,106.1,"Alcoholic beverages purchased from stores"
2005,109,"Beer purchased from stores"
2005,103.2,"Wine purchased from stores"
2005,102.7,"Liquor purchased from stores"
2005,129,"Tobacco products and smokers' supplies"
2005,128.9,"Cigarettes"
2005,129.7,"Other tobacco products and smokers' supplies"
2005,105.5,"All-items excluding eight of the most volatile components as defined by the Bank of Canada and excluding the effect of changes in indirect taxes"
2005,105.5,"All-items excluding eight of the most volatile components as defined by the Bank of Canada"
2005,107.1,"All-items excluding food"
2005,105.3,"All-items excluding food and energy"
2005,107.4,"All-items excluding mortgage interest cost"
2005,106.5,"All-items excluding alcoholic beverages, tobacco products and smokers' supplies and recreational cannabis"
2005,107,"All-items excluding alcoholic beverages and recreational cannabis"
2005,106.5,"All-items excluding tobacco products and smokers' supplies and recreational cannabis"
2005,106.1,"All-items excluding shelter"
2005,105.4,"All-items excluding energy"
2005,106,"All-items excluding gasoline"
2005,105.3,"All-items excluding shelter, insurance and financial services"
2005,106.9,"Private transportation excluding gasoline"
2005,112.6,"Food and energy"
2005,92.6,"Fresh fruit and vegetables"
2005,126.3,"Energy"
2005,106.4,"Housing (1986 definition)"
2005,108.1,"Shelter (1986 definition)"
2005,107,"Goods and services"
2005,105.8,"Goods"
2005,96.9,"Durable goods"
2005,97.7,"Semi-durable goods"
2005,112.6,"Non-durable goods"
2005,118,"Non-durable goods excluding food purchased from stores"
2005,109.6,"Non-durable goods excluding food purchased from stores and energy"
2005,105.8,"Goods excluding food purchased from stores"
2005,100.5,"Goods excluding food purchased from stores and energy"
2005,108.2,"Services"
2005,108.5,"Services excluding shelter services"
2006,109.1,"All-items"
2006,108.9,"Food"
2006,108,"Food purchased from stores"
2006,107.9,"Meat"
2006,105.8,"Fresh or frozen meat (excluding poultry)"
2006,106.2,"Fresh or frozen beef"
2006,100.9,"Fresh or frozen pork"
2006,117.4,"Other fresh or frozen meat (excluding poultry)"
2006,113.4,"Fresh or frozen poultry"
2006,114.6,"Fresh or frozen chicken"
2006,108.3,"Other fresh or frozen poultry"
2006,106.7,"Processed meat"
2006,105,"Ham and bacon"
2006,108,"Other processed meat"
2006,98,"Fish, seafood and other marine products"
2006,100.3,"Fish"
2006,101.1,"Fresh or frozen fish (including portions and fish sticks)"
2006,98.7,"Canned and other preserved fish"
2006,92,"Seafood and other marine products"
2006,115.5,"Dairy products and eggs"
2006,115.7,"Dairy products"
2006,112,"Fresh milk"
2006,117.9,"Butter"
2006,118.6,"Cheese"
2006,113.1,"Ice cream and related products"
2006,117,"Other dairy products"
2006,111.9,"Eggs"
2006,113.6,"Bakery and cereal products (excluding baby food)"
2006,118.2,"Bakery products"
2006,126,"Bread, rolls and buns"
2006,110,"Cookies and crackers"
2006,111.8,"Other bakery products"
2006,105.3,"Cereal products (excluding baby food)"
2006,105.1,"Rice and rice-based mixes"
2006,106.2,"Breakfast cereal and other cereal products (excluding baby food)"
2006,103.2,"Pasta products"
2006,102.1,"Flour and flour-based mixes"
2006,101.3,"Fruit, fruit preparations and nuts"
2006,98.4,"Fresh fruit"
2006,101.7,"Apples"
2006,100,"Oranges"
2006,102.6,"Bananas"
2006,96.9,"Other fresh fruit"
2006,105.9,"Preserved fruit and fruit preparations"
2006,106.8,"Fruit juices"
2006,103.7,"Other preserved fruit and fruit preparations"
2006,103.5,"Nuts and seeds"
2006,98.4,"Vegetables and vegetable preparations"
2006,95.3,"Fresh vegetables"
2006,91,"Potatoes"
2006,106.7,"Tomatoes"
2006,86.4,"Lettuce"
2006,98.6,"Other fresh vegetables"
2006,109.2,"Preserved vegetables and vegetable preparations"
2006,108.2,"Frozen and dried vegetables"
2006,109.9,"Canned vegetables and other vegetable preparations"
2006,108.9,"Other food products and non-alcoholic beverages"
2006,112.1,"Sugar and confectionery"
2006,99.9,"Sugar and syrup"
2006,114.5,"Confectionery"
2006,110.3,"Edible fats and oils"
2006,110.6,"Margarine"
2006,110,"Other edible fats and oils"
2006,109.8,"Coffee and tea"
2006,111,"Coffee"
2006,106.3,"Tea"
2006,103.8,"Condiments, spices and vinegars"
2006,111.1,"Other food preparations"
2006,109.2,"Soup"
2006,100.7,"Baby foods"
2006,119.4,"Frozen food preparations"
2006,107.4,"All other food preparations"
2006,103.8,"Non-alcoholic beverages"
2006,111.1,"Food purchased from restaurants"
2006,111.8,"Food purchased from table-service restaurants"
2006,109.4,"Food purchased from fast food and take-out restaurants"
2006,111.1,"Food purchased from cafeterias and other restaurants"
2006,113.1,"Shelter"
2006,104.4,"Rented accommodation"
2006,104.3,"Rent"
2006,107.6,"Tenants' insurance premiums"
2006,105.3,"Tenants' maintenance, repairs and other expenses"
2006,113.7,"Owned accommodation"
2006,102.7,"Mortgage interest cost"
2006,127.8,"Homeowners' replacement cost"
2006,113.4,"Property taxes and other special charges"
2006,140.8,"Homeowners' home and mortgage insurance"
2006,110,"Homeowners' maintenance and repairs"
2006,122.7,"Other owned accommodation expenses"
2006,125.9,"Water, fuel and electricity"
2006,110.8,"Electricity"
2006,123,"Water"
2006,140.5,"Natural gas"
2006,165.9,"Fuel oil and other fuels"
2006,102.2,"Household operations, furnishings and equipment"
2006,104.8,"Household operations"
2006,101.2,"Communications"
2006,100.9,"Telephone services"
2006,116.9,"Postal and other communications services"
2006,108.6,"Child care and housekeeping services"
2006,107.3,"Child care services"
2006,111.8,"Housekeeping services"
2006,103,"Household cleaning products"
2006,98,"Detergents and soaps (other than personal care)"
2006,107.8,"Other household cleaning products"
2006,104.7,"Paper, plastic and aluminum foil supplies"
2006,104.3,"Paper supplies"
2006,106.2,"Plastic and aluminum foil supplies"
2006,108.3,"Other household goods and services"
2006,104.4,"Pet food and supplies"
2006,108.9,"Seeds, plants and cut flowers"
2006,97.1,"Other horticultural goods"
2006,97.8,"Other household supplies"
2006,117.8,"Other household services"
2006,97.4,"Household furnishings and equipment"
2006,99.3,"Furniture and household textiles"
2006,97.9,"Furniture"
2006,94.4,"Upholstered furniture"
2006,101.1,"Wooden furniture"
2006,98.6,"Other furniture"
2006,104,"Household textiles"
2006,107.8,"Window coverings"
2006,98.8,"Bedding and other household textiles"
2006,112.1,"Area rugs and mats"
2006,91.4,"Household equipment"
2006,92.2,"Household appliances"
2006,91.8,"Cooking appliances"
2006,90.7,"Refrigerators and freezers"
2006,95.8,"Laundry and dishwashing appliances"
2006,91.3,"Other household appliances"
2006,91.2,"Non-electric kitchen utensils, tableware and cookware"
2006,90.6,"Tools and other household equipment"
2006,90.5,"Household tools (including lawn, garden and snow removal equipment)"
2006,90.8,"Other household equipment"
2006,119.7,"Services related to household furnishings and equipment"
2006,95.8,"Clothing and footwear"
2006,92.9,"Clothing"
2006,93.8,"Women's clothing"
2006,94.2,"Men's clothing"
2006,87.2,"Children's clothing"
2006,96.6,"Footwear"
2006,99,"Women's footwear (excluding athletic)"
2006,99.6,"Men's footwear (excluding athletic)"
2006,96.1,"Children's footwear (excluding athletic)"
2006,91.6,"Athletic footwear"
2006,102.2,"Clothing accessories, watches and jewellery"
2006,99.2,"Leather clothing accessories"
2006,93.1,"Other clothing accessories"
2006,99.5,"Watches"
2006,108.4,"Jewellery"
2006,110.2,"Clothing material, notions and services"
2006,100.7,"Clothing material and notions"
2006,108.5,"Laundry services"
2006,114.2,"Dry cleaning services"
2006,113.3,"Other clothing services"
2006,115.2,"Transportation"
2006,115.3,"Private transportation"
2006,100.7,"Purchase, leasing and rental of passenger vehicles"
2006,100.7,"Purchase and leasing of passenger vehicles"
2006,101.6,"Purchase of passenger vehicles"
2006,95.6,"Leasing of passenger vehicles"
2006,99.9,"Rental of passenger vehicles"
2006,128.7,"Operation of passenger vehicles"
2006,139.8,"Gasoline"
2006,113.5,"Passenger vehicle parts, maintenance and repairs"
2006,110.1,"Passenger vehicle parts, accessories and supplies"
2006,115.2,"Passenger vehicle maintenance and repair services"
2006,123.5,"Other passenger vehicle operating expenses"
2006,124.7,"Passenger vehicle insurance premiums"
2006,106.4,"Passenger vehicle registration fees"
2006,142.3,"Drivers' licences"
2006,118.1,"Parking fees"
2006,110.3,"All other passenger vehicle operating expenses"
2006,113.6,"Public transportation"
2006,116.7,"Local and commuter transportation"
2006,115,"City bus and subway transportation"
2006,120.2,"Taxi and other local and commuter transportation services"
2006,111.7,"Inter-city transportation"
2006,110.4,"Air transportation"
2006,116.4,"Rail, highway bus and other inter-city transportation"
2006,105.9,"Health and personal care"
2006,108.7,"Health care"
2006,103.3,"Health care goods"
2006,102,"Medicinal and pharmaceutical products"
2006,101.2,"Prescribed medicines (excluding medicinal cannabis)"
2006,103.1,"Non-prescribed medicines"
2006,106.1,"Eye care goods"
2006,101.8,"Other health care goods"
2006,116.2,"Health care services"
2006,115,"Dental care services"
2006,119.4,"Other health care services"
2006,103.2,"Personal care"
2006,98.9,"Personal care supplies and equipment"
2006,97.9,"Personal soap"
2006,98.2,"Toiletry items and cosmetics"
2006,98.9,"Oral-hygiene products"
2006,101.1,"Other personal care supplies and equipment"
2006,109.3,"Personal care services"
2006,100.6,"Recreation, education and reading"
2006,96.1,"Recreation"
2006,78,"Recreational equipment and services (excluding recreational vehicles)"
2006,90.1,"Sporting and exercise equipment"
2006,92.8,"Toys, games (excluding video games) and hobby supplies"
2006,49.1,"Digital computing equipment and devices"
2006,74.4,"Photographic equipment and supplies"
2006,89.2,"Other recreational equipment"
2006,95.7,"Recreational services"
2006,109.3,"Purchase and operation of recreational vehicles"
2006,101.2,"Purchase of recreational vehicles and outboard motors"
2006,122.2,"Operation of recreational vehicles"
2006,126.8,"Fuel, parts and accessories for recreational vehicles"
2006,119.3,"Insurance, licences and other services for recreational vehicles"
2006,89,"Home entertainment equipment, parts and services"
2006,83.8,"Audio equipment"
2006,72.9,"Video equipment"
2006,104.7,"Rental of digital media"
2006,93.3,"Purchase of digital media"
2006,114.6,"Other home entertainment equipment, parts and services"
2006,89.1,"Travel services"
2006,77.8,"Traveller accommodation"
2006,102.7,"Travel tours"
2006,114.4,"Other cultural and recreational services"
2006,113.1,"Spectator entertainment (excluding video and audio subscription services)"
2006,116.8,"Video and audio subscription services"
2006,112.5,"Use of recreational facilities and services"
2006,114.4,"Education and reading"
2006,116.2,"Education"
2006,119.6,"Tuition fees"
2006,106.3,"School textbooks and supplies"
2006,109.8,"Other lessons, courses and education services"
2006,108.9,"Reading material (excluding textbooks)"
2006,111.9,"Newspapers"
2006,116.1,"Magazines and periodicals"
2006,101.3,"Books and reading material (excluding textbooks)"
2006,121.7,"Alcoholic beverages, tobacco products and recreational cannabis"
2006,108.4,"Alcoholic beverages"
2006,111.4,"Alcoholic beverages served in licensed establishments"
2006,111.8,"Beer served in licensed establishments"
2006,110.1,"Wine served in licensed establishments"
2006,111.7,"Liquor served in licensed establishments"
2006,106.9,"Alcoholic beverages purchased from stores"
2006,109.5,"Beer purchased from stores"
2006,103.8,"Wine purchased from stores"
2006,104.2,"Liquor purchased from stores"
2006,132.6,"Tobacco products and smokers' supplies"
2006,132.5,"Cigarettes"
2006,133.6,"Other tobacco products and smokers' supplies"
2006,107.5,"All-items excluding eight of the most volatile components as defined by the Bank of Canada and excluding the effect of changes in indirect taxes"
2006,107.2,"All-items excluding eight of the most volatile components as defined by the Bank of Canada"
2006,109.2,"All-items excluding food"
2006,106.9,"All-items excluding food and energy"
2006,109.6,"All-items excluding mortgage interest cost"
2006,108.6,"All-items excluding alcoholic beverages, tobacco products and smokers' supplies and recreational cannabis"
2006,109.1,"All-items excluding alcoholic beverages and recreational cannabis"
2006,108.6,"All-items excluding tobacco products and smokers' supplies and recreational cannabis"
2006,107.6,"All-items excluding shelter"
2006,107.2,"All-items excluding energy"
2006,107.9,"All-items excluding gasoline"
2006,106.8,"All-items excluding shelter, insurance and financial services"
2006,108.7,"Private transportation excluding gasoline"
2006,116.4,"Food and energy"
2006,96.6,"Fresh fruit and vegetables"
2006,132.8,"Energy"
2006,109.1,"Housing (1986 definition)"
2006,111.8,"Shelter (1986 definition)"
2006,109.1,"Goods and services"
2006,107.1,"Goods"
2006,96.2,"Durable goods"
2006,96.2,"Semi-durable goods"
2006,115.9,"Non-durable goods"
2006,121.9,"Non-durable goods excluding food purchased from stores"
2006,111,"Non-durable goods excluding food purchased from stores and energy"
2006,106.8,"Goods excluding food purchased from stores"
2006,100.1,"Goods excluding food purchased from stores and energy"
2006,111.1,"Services"
2006,110.8,"Services excluding shelter services"
2007,111.5,"All-items"
2007,111.8,"Food"
2007,110.9,"Food purchased from stores"
2007,111.1,"Meat"
2007,107.9,"Fresh or frozen meat (excluding poultry)"
2007,109.1,"Fresh or frozen beef"
2007,101.5,"Fresh or frozen pork"
2007,117.9,"Other fresh or frozen meat (excluding poultry)"
2007,120.9,"Fresh or frozen poultry"
2007,122.9,"Fresh or frozen chicken"
2007,111,"Other fresh or frozen poultry"
2007,108.1,"Processed meat"
2007,106.2,"Ham and bacon"
2007,109.5,"Other processed meat"
2007,100.1,"Fish, seafood and other marine products"
2007,103,"Fish"
2007,103.5,"Fresh or frozen fish (including portions and fish sticks)"
2007,101.7,"Canned and other preserved fish"
2007,92.7,"Seafood and other marine products"
2007,119.8,"Dairy products and eggs"
2007,119.9,"Dairy products"
2007,116.9,"Fresh milk"
2007,119.7,"Butter"
2007,123,"Cheese"
2007,116.7,"Ice cream and related products"
2007,120.6,"Other dairy products"
2007,118.4,"Eggs"
2007,118.1,"Bakery and cereal products (excluding baby food)"
2007,123.6,"Bakery products"
2007,135,"Bread, rolls and buns"
2007,112.3,"Cookies and crackers"
2007,114.1,"Other bakery products"
2007,108.4,"Cereal products (excluding baby food)"
2007,107.7,"Rice and rice-based mixes"
2007,108.1,"Breakfast cereal and other cereal products (excluding baby food)"
2007,109.8,"Pasta products"
2007,103.6,"Flour and flour-based mixes"
2007,105.7,"Fruit, fruit preparations and nuts"
2007,99.6,"Fresh fruit"
2007,103.3,"Apples"
2007,108,"Oranges"
2007,102.9,"Bananas"
2007,96.2,"Other fresh fruit"
2007,116.2,"Preserved fruit and fruit preparations"
2007,120.7,"Fruit juices"
2007,104.3,"Other preserved fruit and fruit preparations"
2007,104.9,"Nuts and seeds"
2007,98.6,"Vegetables and vegetable preparations"
2007,95.2,"Fresh vegetables"
2007,82.1,"Potatoes"
2007,94.2,"Tomatoes"
2007,84.6,"Lettuce"
2007,103.8,"Other fresh vegetables"
2007,111,"Preserved vegetables and vegetable preparations"
2007,110.5,"Frozen and dried vegetables"
2007,111.4,"Canned vegetables and other vegetable preparations"
2007,110.1,"Other food products and non-alcoholic beverages"
2007,112.9,"Sugar and confectionery"
2007,100,"Sugar and syrup"
2007,115.4,"Confectionery"
2007,114.2,"Edible fats and oils"
2007,114.5,"Margarine"
2007,113.8,"Other edible fats and oils"
2007,110.3,"Coffee and tea"
2007,111,"Coffee"
2007,108.5,"Tea"
2007,104.9,"Condiments, spices and vinegars"
2007,111.1,"Other food preparations"
2007,110.2,"Soup"
2007,101.9,"Baby foods"
2007,119.2,"Frozen food preparations"
2007,107.2,"All other food preparations"
2007,106.4,"Non-alcoholic beverages"
2007,114.1,"Food purchased from restaurants"
2007,114.7,"Food purchased from table-service restaurants"
2007,112.9,"Food purchased from fast food and take-out restaurants"
2007,114.1,"Food purchased from cafeterias and other restaurants"
2007,116.9,"Shelter"
2007,106,"Rented accommodation"
2007,106,"Rent"
2007,106.8,"Tenants' insurance premiums"
2007,108.2,"Tenants' maintenance, repairs and other expenses"
2007,119.3,"Owned accommodation"
2007,108.9,"Mortgage interest cost"
2007,135.4,"Homeowners' replacement cost"
2007,117,"Property taxes and other special charges"
2007,150.2,"Homeowners' home and mortgage insurance"
2007,110.4,"Homeowners' maintenance and repairs"
2007,129.8,"Other owned accommodation expenses"
2007,126.6,"Water, fuel and electricity"
2007,112.9,"Electricity"
2007,131.9,"Water"
2007,131.3,"Natural gas"
2007,172.5,"Fuel oil and other fuels"
2007,103.2,"Household operations, furnishings and equipment"
2007,106.6,"Household operations"
2007,102.1,"Communications"
2007,101.6,"Telephone services"
2007,120.7,"Postal and other communications services"
2007,113.4,"Child care and housekeeping services"
2007,112.6,"Child care services"
2007,115.9,"Housekeeping services"
2007,104.2,"Household cleaning products"
2007,97.8,"Detergents and soaps (other than personal care)"
2007,109.9,"Other household cleaning products"
2007,106.3,"Paper, plastic and aluminum foil supplies"
2007,106.2,"Paper supplies"
2007,106.7,"Plastic and aluminum foil supplies"
2007,109.9,"Other household goods and services"
2007,103.4,"Pet food and supplies"
2007,106.8,"Seeds, plants and cut flowers"
2007,98.4,"Other horticultural goods"
2007,97.2,"Other household supplies"
2007,122.4,"Other household services"
2007,97.3,"Household furnishings and equipment"
2007,99.2,"Furniture and household textiles"
2007,97.6,"Furniture"
2007,95.7,"Upholstered furniture"
2007,99.9,"Wooden furniture"
2007,98,"Other furniture"
2007,104.9,"Household textiles"
2007,112.1,"Window coverings"
2007,98.9,"Bedding and other household textiles"
2007,109.8,"Area rugs and mats"
2007,90.1,"Household equipment"
2007,90.2,"Household appliances"
2007,88.6,"Cooking appliances"
2007,87.1,"Refrigerators and freezers"
2007,95.3,"Laundry and dishwashing appliances"
2007,91,"Other household appliances"
2007,89.5,"Non-electric kitchen utensils, tableware and cookware"
2007,89.9,"Tools and other household equipment"
2007,89.8,"Household tools (including lawn, garden and snow removal equipment)"
2007,90,"Other household equipment"
2007,129.3,"Services related to household furnishings and equipment"
2007,95.7,"Clothing and footwear"
2007,92.2,"Clothing"
2007,93.3,"Women's clothing"
2007,93.2,"Men's clothing"
2007,86,"Children's clothing"
2007,95.9,"Footwear"
2007,98.5,"Women's footwear (excluding athletic)"
2007,98.8,"Men's footwear (excluding athletic)"
2007,95.4,"Children's footwear (excluding athletic)"
2007,90.9,"Athletic footwear"
2007,105.3,"Clothing accessories, watches and jewellery"
2007,99.8,"Leather clothing accessories"
2007,92.7,"Other clothing accessories"
2007,102.9,"Watches"
2007,113.4,"Jewellery"
2007,112.6,"Clothing material, notions and services"
2007,99.9,"Clothing material and notions"
2007,109.2,"Laundry services"
2007,118.3,"Dry cleaning services"
2007,118.5,"Other clothing services"
2007,117.1,"Transportation"
2007,117.3,"Private transportation"
2007,99.3,"Purchase, leasing and rental of passenger vehicles"
2007,99.3,"Purchase and leasing of passenger vehicles"
2007,100.1,"Purchase of passenger vehicles"
2007,94.4,"Leasing of passenger vehicles"
2007,103.2,"Rental of passenger vehicles"
2007,134,"Operation of passenger vehicles"
2007,146.1,"Gasoline"
2007,118.1,"Passenger vehicle parts, maintenance and repairs"
2007,114.1,"Passenger vehicle parts, accessories and supplies"
2007,120.1,"Passenger vehicle maintenance and repair services"
2007,127.8,"Other passenger vehicle operating expenses"
2007,129.7,"Passenger vehicle insurance premiums"
2007,106.4,"Passenger vehicle registration fees"
2007,142.3,"Drivers' licences"
2007,125.4,"Parking fees"
2007,113.7,"All other passenger vehicle operating expenses"
2007,114.6,"Public transportation"
2007,119.4,"Local and commuter transportation"
2007,118.1,"City bus and subway transportation"
2007,121.9,"Taxi and other local and commuter transportation services"
2007,111.9,"Inter-city transportation"
2007,110.1,"Air transportation"
2007,119.3,"Rail, highway bus and other inter-city transportation"
2007,107.3,"Health and personal care"
2007,110.8,"Health care"
2007,104.1,"Health care goods"
2007,102.2,"Medicinal and pharmaceutical products"
2007,101.4,"Prescribed medicines (excluding medicinal cannabis)"
2007,103.4,"Non-prescribed medicines"
2007,108.8,"Eye care goods"
2007,105,"Other health care goods"
2007,120.2,"Health care services"
2007,119.2,"Dental care services"
2007,123,"Other health care services"
2007,103.9,"Personal care"
2007,98.1,"Personal care supplies and equipment"
2007,94.6,"Personal soap"
2007,97.6,"Toiletry items and cosmetics"
2007,99.6,"Oral-hygiene products"
2007,99.9,"Other personal care supplies and equipment"
2007,112,"Personal care services"
2007,101.8,"Recreation, education and reading"
2007,96.7,"Recreation"
2007,72.8,"Recreational equipment and services (excluding recreational vehicles)"
2007,86.1,"Sporting and exercise equipment"
2007,89.8,"Toys, games (excluding video games) and hobby supplies"
2007,40.7,"Digital computing equipment and devices"
2007,67.2,"Photographic equipment and supplies"
2007,87.7,"Other recreational equipment"
2007,94.8,"Recreational services"
2007,111.8,"Purchase and operation of recreational vehicles"
2007,101.6,"Purchase of recreational vehicles and outboard motors"
2007,127.8,"Operation of recreational vehicles"
2007,133.4,"Fuel, parts and accessories for recreational vehicles"
2007,124.2,"Insurance, licences and other services for recreational vehicles"
2007,86.1,"Home entertainment equipment, parts and services"
2007,81.3,"Audio equipment"
2007,66.2,"Video equipment"
2007,107,"Rental of digital media"
2007,90.5,"Purchase of digital media"
2007,122.6,"Other home entertainment equipment, parts and services"
2007,92.3,"Travel services"
2007,79.8,"Traveller accommodation"
2007,106.3,"Travel tours"
2007,118.3,"Other cultural and recreational services"
2007,114,"Spectator entertainment (excluding video and audio subscription services)"
2007,122.7,"Video and audio subscription services"
2007,116.4,"Use of recreational facilities and services"
2007,117.4,"Education and reading"
2007,119.6,"Education"
2007,123.2,"Tuition fees"
2007,107.8,"School textbooks and supplies"
2007,114.5,"Other lessons, courses and education services"
2007,110.3,"Reading material (excluding textbooks)"
2007,116.2,"Newspapers"
2007,117.5,"Magazines and periodicals"
2007,99.7,"Books and reading material (excluding textbooks)"
2007,125.5,"Alcoholic beverages, tobacco products and recreational cannabis"
2007,110.4,"Alcoholic beverages"
2007,113.3,"Alcoholic beverages served in licensed establishments"
2007,113,"Beer served in licensed establishments"
2007,111.8,"Wine served in licensed establishments"
2007,115,"Liquor served in licensed establishments"
2007,108.9,"Alcoholic beverages purchased from stores"
2007,112.1,"Beer purchased from stores"
2007,104.5,"Wine purchased from stores"
2007,106.5,"Liquor purchased from stores"
2007,138.4,"Tobacco products and smokers' supplies"
2007,138.4,"Cigarettes"
2007,139.1,"Other tobacco products and smokers' supplies"
2007,109.8,"All-items excluding eight of the most volatile components as defined by the Bank of Canada and excluding the effect of changes in indirect taxes"
2007,109.2,"All-items excluding eight of the most volatile components as defined by the Bank of Canada"
2007,111.4,"All-items excluding food"
2007,109,"All-items excluding food and energy"
2007,111.7,"All-items excluding mortgage interest cost"
2007,110.9,"All-items excluding alcoholic beverages, tobacco products and smokers' supplies and recreational cannabis"
2007,111.5,"All-items excluding alcoholic beverages and recreational cannabis"
2007,110.9,"All-items excluding tobacco products and smokers' supplies and recreational cannabis"
2007,109.4,"All-items excluding shelter"
2007,109.5,"All-items excluding energy"
2007,110.1,"All-items excluding gasoline"
2007,108.4,"All-items excluding shelter, insurance and financial services"
2007,109.5,"Private transportation excluding gasoline"
2007,119.3,"Food and energy"
2007,97,"Fresh fruit and vegetables"
2007,135.9,"Energy"
2007,112.2,"Housing (1986 definition)"
2007,115.7,"Shelter (1986 definition)"
2007,111.5,"Goods and services"
2007,108,"Goods"
2007,94.7,"Durable goods"
2007,96,"Semi-durable goods"
2007,118.4,"Non-durable goods"
2007,124.2,"Non-durable goods excluding food purchased from stores"
2007,112.6,"Non-durable goods excluding food purchased from stores and energy"
2007,107.1,"Goods excluding food purchased from stores"
2007,99.6,"Goods excluding food purchased from stores and energy"
2007,114.8,"Services"
2007,113.8,"Services excluding shelter services"
2008,114.1,"All-items"
2008,115.7,"Food"
2008,115.2,"Food purchased from stores"
2008,113.4,"Meat"
2008,109.9,"Fresh or frozen meat (excluding poultry)"
2008,111.3,"Fresh or frozen beef"
2008,102.9,"Fresh or frozen pork"
2008,119.6,"Other fresh or frozen meat (excluding poultry)"
2008,125.1,"Fresh or frozen poultry"
2008,128,"Fresh or frozen chicken"
2008,109.7,"Other fresh or frozen poultry"
2008,109.2,"Processed meat"
2008,103,"Ham and bacon"
2008,112.6,"Other processed meat"
2008,101.2,"Fish, seafood and other marine products"
2008,105.3,"Fish"
2008,105.3,"Fresh or frozen fish (including portions and fish sticks)"
2008,105.3,"Canned and other preserved fish"
2008,90.8,"Seafood and other marine products"
2008,124.5,"Dairy products and eggs"
2008,124.6,"Dairy products"
2008,123,"Fresh milk"
2008,123.6,"Butter"
2008,125.8,"Cheese"
2008,121.9,"Ice cream and related products"
2008,126.4,"Other dairy products"
2008,123.3,"Eggs"
2008,132.4,"Bakery and cereal products (excluding baby food)"
2008,137.5,"Bakery products"
2008,155.4,"Bread, rolls and buns"
2008,116.5,"Cookies and crackers"
2008,125.5,"Other bakery products"
2008,123.4,"Cereal products (excluding baby food)"
2008,126.4,"Rice and rice-based mixes"
2008,110.2,"Breakfast cereal and other cereal products (excluding baby food)"
2008,144.8,"Pasta products"
2008,139.3,"Flour and flour-based mixes"
2008,107.4,"Fruit, fruit preparations and nuts"
2008,101.2,"Fresh fruit"
2008,111.8,"Apples"
2008,98.9,"Oranges"
2008,119,"Bananas"
2008,95.5,"Other fresh fruit"
2008,117.4,"Preserved fruit and fruit preparations"
2008,121.9,"Fruit juices"
2008,105.8,"Other preserved fruit and fruit preparations"
2008,109.8,"Nuts and seeds"
2008,100.6,"Vegetables and vegetable preparations"
2008,96.5,"Fresh vegetables"
2008,89.9,"Potatoes"
2008,99.3,"Tomatoes"
2008,85.8,"Lettuce"
2008,102.9,"Other fresh vegetables"
2008,115.3,"Preserved vegetables and vegetable preparations"
2008,114.6,"Frozen and dried vegetables"
2008,115.7,"Canned vegetables and other vegetable preparations"
2008,112.8,"Other food products and non-alcoholic beverages"
2008,115.6,"Sugar and confectionery"
2008,102.7,"Sugar and syrup"
2008,118.1,"Confectionery"
2008,129.7,"Edible fats and oils"
2008,127.5,"Margarine"
2008,132.3,"Other edible fats and oils"
2008,112.4,"Coffee and tea"
2008,112.8,"Coffee"
2008,111.3,"Tea"
2008,107.4,"Condiments, spices and vinegars"
2008,114.3,"Other food preparations"
2008,114.7,"Soup"
2008,107.9,"Baby foods"
2008,122.8,"Frozen food preparations"
2008,109.5,"All other food preparations"
2008,106.5,"Non-alcoholic beverages"
2008,117,"Food purchased from restaurants"
2008,117.8,"Food purchased from table-service restaurants"
2008,115.2,"Food purchased from fast food and take-out restaurants"
2008,117,"Food purchased from cafeterias and other restaurants"
2008,122,"Shelter"
2008,107.8,"Rented accommodation"
2008,107.8,"Rent"
2008,105.5,"Tenants' insurance premiums"
2008,108.3,"Tenants' maintenance, repairs and other expenses"
2008,124.6,"Owned accommodation"
2008,117.6,"Mortgage interest cost"
2008,139.4,"Homeowners' replacement cost"
2008,121.3,"Property taxes and other special charges"
2008,154.5,"Homeowners' home and mortgage insurance"
2008,109.5,"Homeowners' maintenance and repairs"
2008,133.7,"Other owned accommodation expenses"
2008,135.5,"Water, fuel and electricity"
2008,113.2,"Electricity"
2008,145.4,"Water"
2008,146.8,"Natural gas"
2008,225.4,"Fuel oil and other fuels"
2008,104.6,"Household operations, furnishings and equipment"
2008,109.7,"Household operations"
2008,105.2,"Communications"
2008,105.9,"Telephone services"
2008,122.2,"Postal and other communications services"
2008,120.3,"Child care and housekeeping services"
2008,119.3,"Child care services"
2008,123.1,"Housekeeping services"
2008,105.2,"Household cleaning products"
2008,98,"Detergents and soaps (other than personal care)"
2008,112.5,"Other household cleaning products"
2008,106.5,"Paper, plastic and aluminum foil supplies"
2008,106.7,"Paper supplies"
2008,106.1,"Plastic and aluminum foil supplies"
2008,112.7,"Other household goods and services"
2008,105.2,"Pet food and supplies"
2008,105.9,"Seeds, plants and cut flowers"
2008,101.9,"Other horticultural goods"
2008,96,"Other household supplies"
2008,128.2,"Other household services"
2008,95.9,"Household furnishings and equipment"
2008,97.5,"Furniture and household textiles"
2008,95.7,"Furniture"
2008,92.2,"Upholstered furniture"
2008,98.7,"Wooden furniture"
2008,97.5,"Other furniture"
2008,103.9,"Household textiles"
2008,113.5,"Window coverings"
2008,97.5,"Bedding and other household textiles"
2008,106.4,"Area rugs and mats"
2008,87.6,"Household equipment"
2008,87.4,"Household appliances"
2008,86.8,"Cooking appliances"
2008,84.8,"Refrigerators and freezers"
2008,90.8,"Laundry and dishwashing appliances"
2008,88.1,"Other household appliances"
2008,87.1,"Non-electric kitchen utensils, tableware and cookware"
2008,87.8,"Tools and other household equipment"
2008,87.8,"Household tools (including lawn, garden and snow removal equipment)"
2008,87.8,"Other household equipment"
2008,139.1,"Services related to household furnishings and equipment"
2008,93.8,"Clothing and footwear"
2008,89.2,"Clothing"
2008,89.2,"Women's clothing"
2008,91.6,"Men's clothing"
2008,83.4,"Children's clothing"
2008,93.8,"Footwear"
2008,96.4,"Women's footwear (excluding athletic)"
2008,96.7,"Men's footwear (excluding athletic)"
2008,93.5,"Children's footwear (excluding athletic)"
2008,88.9,"Athletic footwear"
2008,108.2,"Clothing accessories, watches and jewellery"
2008,100.1,"Leather clothing accessories"
2008,91.9,"Other clothing accessories"
2008,103.4,"Watches"
2008,119.7,"Jewellery"
2008,115.3,"Clothing material, notions and services"
2008,100.3,"Clothing material and notions"
2008,111.6,"Laundry services"
2008,121.5,"Dry cleaning services"
2008,123.6,"Other clothing services"
2008,119.5,"Transportation"
2008,119.3,"Private transportation"
2008,92.6,"Purchase, leasing and rental of passenger vehicles"
2008,92.4,"Purchase and leasing of passenger vehicles"
2008,93.2,"Purchase of passenger vehicles"
2008,88,"Leasing of passenger vehicles"
2008,102.6,"Rental of passenger vehicles"
2008,144.7,"Operation of passenger vehicles"
2008,164.7,"Gasoline"
2008,121,"Passenger vehicle parts, maintenance and repairs"
2008,117.2,"Passenger vehicle parts, accessories and supplies"
2008,122.9,"Passenger vehicle maintenance and repair services"
2008,133.6,"Other passenger vehicle operating expenses"
2008,135.8,"Passenger vehicle insurance premiums"
2008,107.1,"Passenger vehicle registration fees"
2008,149.2,"Drivers' licences"
2008,132.8,"Parking fees"
2008,119.9,"All other passenger vehicle operating expenses"
2008,121.4,"Public transportation"
2008,124.5,"Local and commuter transportation"
2008,123.9,"City bus and subway transportation"
2008,125.5,"Taxi and other local and commuter transportation services"
2008,119.5,"Inter-city transportation"
2008,118,"Air transportation"
2008,124.5,"Rail, highway bus and other inter-city transportation"
2008,108.8,"Health and personal care"
2008,112.8,"Health care"
2008,104.6,"Health care goods"
2008,102.4,"Medicinal and pharmaceutical products"
2008,101.1,"Prescribed medicines (excluding medicinal cannabis)"
2008,104.6,"Non-prescribed medicines"
2008,110,"Eye care goods"
2008,106.2,"Other health care goods"
2008,124.2,"Health care services"
2008,123.4,"Dental care services"
2008,126.9,"Other health care services"
2008,104.9,"Personal care"
2008,98.2,"Personal care supplies and equipment"
2008,96.8,"Personal soap"
2008,97.5,"Toiletry items and cosmetics"
2008,101,"Oral-hygiene products"
2008,98.6,"Other personal care supplies and equipment"
2008,114.4,"Personal care services"
2008,102.2,"Recreation, education and reading"
2008,96.5,"Recreation"
2008,68.9,"Recreational equipment and services (excluding recreational vehicles)"
2008,87.5,"Sporting and exercise equipment"
2008,92.5,"Toys, games (excluding video games) and hobby supplies"
2008,35.3,"Digital computing equipment and devices"
2008,57.1,"Photographic equipment and supplies"
2008,85.3,"Other recreational equipment"
2008,94.2,"Recreational services"
2008,110.8,"Purchase and operation of recreational vehicles"
2008,97.5,"Purchase of recreational vehicles and outboard motors"
2008,134.5,"Operation of recreational vehicles"
2008,143.5,"Fuel, parts and accessories for recreational vehicles"
2008,128.5,"Insurance, licences and other services for recreational vehicles"
2008,81.9,"Home entertainment equipment, parts and services"
2008,75.9,"Audio equipment"
2008,60.1,"Video equipment"
2008,108.6,"Rental of digital media"
2008,87.9,"Purchase of digital media"
2008,131.2,"Other home entertainment equipment, parts and services"
2008,94.8,"Travel services"
2008,81.8,"Traveller accommodation"
2008,109,"Travel tours"
2008,123,"Other cultural and recreational services"
2008,118.2,"Spectator entertainment (excluding video and audio subscription services)"
2008,128.7,"Video and audio subscription services"
2008,119.6,"Use of recreational facilities and services"
2008,119.6,"Education and reading"
2008,123.1,"Education"
2008,127.4,"Tuition fees"
2008,108.9,"School textbooks and supplies"
2008,117.1,"Other lessons, courses and education services"
2008,107.3,"Reading material (excluding textbooks)"
2008,119.4,"Newspapers"
2008,119,"Magazines and periodicals"
2008,90.3,"Books and reading material (excluding textbooks)"
2008,127.5,"Alcoholic beverages, tobacco products and recreational cannabis"
2008,111.8,"Alcoholic beverages"
2008,115.5,"Alcoholic beverages served in licensed establishments"
2008,116,"Beer served in licensed establishments"
2008,112.7,"Wine served in licensed establishments"
2008,117.1,"Liquor served in licensed establishments"
2008,109.9,"Alcoholic beverages purchased from stores"
2008,113.2,"Beer purchased from stores"
2008,104.6,"Wine purchased from stores"
2008,108.3,"Liquor purchased from stores"
2008,141.2,"Tobacco products and smokers' supplies"
2008,141.2,"Cigarettes"
2008,142,"Other tobacco products and smokers' supplies"
2008,111.7,"All-items excluding eight of the most volatile components as defined by the Bank of Canada and excluding the effect of changes in indirect taxes"
2008,110.4,"All-items excluding eight of the most volatile components as defined by the Bank of Canada"
2008,113.8,"All-items excluding food"
2008,110.3,"All-items excluding food and energy"
2008,113.9,"All-items excluding mortgage interest cost"
2008,113.5,"All-items excluding alcoholic beverages, tobacco products and smokers' supplies and recreational cannabis"
2008,114.1,"All-items excluding alcoholic beverages and recreational cannabis"
2008,113.5,"All-items excluding tobacco products and smokers' supplies and recreational cannabis"
2008,111.2,"All-items excluding shelter"
2008,111.3,"All-items excluding energy"
2008,112.1,"All-items excluding gasoline"
2008,110.1,"All-items excluding shelter, insurance and financial services"
2008,106.9,"Private transportation excluding gasoline"
2008,126.2,"Food and energy"
2008,98.5,"Fresh fruit and vegetables"
2008,149.3,"Energy"
2008,116.1,"Housing (1986 definition)"
2008,120.6,"Shelter (1986 definition)"
2008,114.1,"Goods and services"
2008,109.4,"Goods"
2008,89.7,"Durable goods"
2008,94.5,"Semi-durable goods"
2008,124.4,"Non-durable goods"
2008,131.5,"Non-durable goods excluding food purchased from stores"
2008,113.5,"Non-durable goods excluding food purchased from stores and energy"
2008,107.5,"Goods excluding food purchased from stores"
2008,96.9,"Goods excluding food purchased from stores and energy"
2008,118.7,"Services"
2008,117.3,"Services excluding shelter services"
2009,114.4,"All-items"
2009,121.4,"Food"
2009,121.5,"Food purchased from stores"
2009,118.4,"Meat"
2009,115.5,"Fresh or frozen meat (excluding poultry)"
2009,117.7,"Fresh or frozen beef"
2009,106.6,"Fresh or frozen pork"
2009,123.6,"Other fresh or frozen meat (excluding poultry)"
2009,130.3,"Fresh or frozen poultry"
2009,134,"Fresh or frozen chicken"
2009,109.9,"Other fresh or frozen poultry"
2009,113.4,"Processed meat"
2009,104.3,"Ham and bacon"
2009,118.2,"Other processed meat"
2009,108.6,"Fish, seafood and other marine products"
2009,114.3,"Fish"
2009,114.2,"Fresh or frozen fish (including portions and fish sticks)"
2009,114.6,"Canned and other preserved fish"
2009,93.7,"Seafood and other marine products"
2009,128.9,"Dairy products and eggs"
2009,129.1,"Dairy products"
2009,127.8,"Fresh milk"
2009,126.7,"Butter"
2009,129.2,"Cheese"
2009,128.9,"Ice cream and related products"
2009,132.3,"Other dairy products"
2009,125.4,"Eggs"
2009,137.9,"Bakery and cereal products (excluding baby food)"
2009,143.4,"Bakery products"
2009,160.2,"Bread, rolls and buns"
2009,122.8,"Cookies and crackers"
2009,133,"Other bakery products"
2009,127.9,"Cereal products (excluding baby food)"
2009,138.9,"Rice and rice-based mixes"
2009,114.8,"Breakfast cereal and other cereal products (excluding baby food)"
2009,148.2,"Pasta products"
2009,137.7,"Flour and flour-based mixes"
2009,113.1,"Fruit, fruit preparations and nuts"
2009,107.6,"Fresh fruit"
2009,111.2,"Apples"
2009,106.3,"Oranges"
2009,138.9,"Bananas"
2009,101,"Other fresh fruit"
2009,121.4,"Preserved fruit and fruit preparations"
2009,123.7,"Fruit juices"
2009,115.4,"Other preserved fruit and fruit preparations"
2009,118.7,"Nuts and seeds"
2009,110.2,"Vegetables and vegetable preparations"
2009,105.8,"Fresh vegetables"
2009,103.8,"Potatoes"
2009,101.6,"Tomatoes"
2009,97.4,"Lettuce"
2009,112.6,"Other fresh vegetables"
2009,126.2,"Preserved vegetables and vegetable preparations"
2009,123.4,"Frozen and dried vegetables"
2009,128,"Canned vegetables and other vegetable preparations"
2009,120.5,"Other food products and non-alcoholic beverages"
2009,124.2,"Sugar and confectionery"
2009,111.4,"Sugar and syrup"
2009,126.7,"Confectionery"
2009,140.6,"Edible fats and oils"
2009,142.3,"Margarine"
2009,138.7,"Other edible fats and oils"
2009,118.1,"Coffee and tea"
2009,117.9,"Coffee"
2009,118.8,"Tea"
2009,113.9,"Condiments, spices and vinegars"
2009,121.1,"Other food preparations"
2009,125.5,"Soup"
2009,122.3,"Baby foods"
2009,123.8,"Frozen food preparations"
2009,118.2,"All other food preparations"
2009,115.2,"Non-alcoholic beverages"
2009,121.1,"Food purchased from restaurants"
2009,121.8,"Food purchased from table-service restaurants"
2009,119.4,"Food purchased from fast food and take-out restaurants"
2009,121.1,"Food purchased from cafeterias and other restaurants"
2009,121.6,"Shelter"
2009,109.5,"Rented accommodation"
2009,109.5,"Rent"
2009,107.1,"Tenants' insurance premiums"
2009,111.7,"Tenants' maintenance, repairs and other expenses"
2009,125.9,"Owned accommodation"
2009,118,"Mortgage interest cost"
2009,135.8,"Homeowners' replacement cost"
2009,125.4,"Property taxes and other special charges"
2009,160.9,"Homeowners' home and mortgage insurance"
2009,115.9,"Homeowners' maintenance and repairs"
2009,133.1,"Other owned accommodation expenses"
2009,125.9,"Water, fuel and electricity"
2009,115.2,"Electricity"
2009,156.8,"Water"
2009,117.3,"Natural gas"
2009,158,"Fuel oil and other fuels"
2009,107.3,"Household operations, furnishings and equipment"
2009,113.2,"Household operations"
2009,105.7,"Communications"
2009,106.5,"Telephone services"
2009,126.5,"Postal and other communications services"
2009,125.7,"Child care and housekeeping services"
2009,124.1,"Child care services"
2009,129.5,"Housekeeping services"
2009,109.5,"Household cleaning products"
2009,101.3,"Detergents and soaps (other than personal care)"
2009,118.2,"Other household cleaning products"
2009,111.1,"Paper, plastic and aluminum foil supplies"
2009,111.5,"Paper supplies"
2009,110.1,"Plastic and aluminum foil supplies"
2009,119.5,"Other household goods and services"
2009,115.3,"Pet food and supplies"
2009,107.8,"Seeds, plants and cut flowers"
2009,105.6,"Other horticultural goods"
2009,97.6,"Other household supplies"
2009,137.6,"Other household services"
2009,97.2,"Household furnishings and equipment"
2009,98.6,"Furniture and household textiles"
2009,96.3,"Furniture"
2009,95.7,"Upholstered furniture"
2009,100.8,"Wooden furniture"
2009,93.8,"Other furniture"
2009,106.6,"Household textiles"
2009,116.3,"Window coverings"
2009,98.4,"Bedding and other household textiles"
2009,112.9,"Area rugs and mats"
2009,88.4,"Household equipment"
2009,87.4,"Household appliances"
2009,86.5,"Cooking appliances"
2009,86.2,"Refrigerators and freezers"
2009,90,"Laundry and dishwashing appliances"
2009,87.4,"Other household appliances"
2009,87,"Non-electric kitchen utensils, tableware and cookware"
2009,89.6,"Tools and other household equipment"
2009,89.5,"Household tools (including lawn, garden and snow removal equipment)"
2009,89.7,"Other household equipment"
2009,145.8,"Services related to household furnishings and equipment"
2009,93.4,"Clothing and footwear"
2009,87.6,"Clothing"
2009,86.7,"Women's clothing"
2009,90.8,"Men's clothing"
2009,82.9,"Children's clothing"
2009,94.3,"Footwear"
2009,95.1,"Women's footwear (excluding athletic)"
2009,96.1,"Men's footwear (excluding athletic)"
2009,98,"Children's footwear (excluding athletic)"
2009,91,"Athletic footwear"
2009,112.2,"Clothing accessories, watches and jewellery"
2009,96.2,"Leather clothing accessories"
2009,88.6,"Other clothing accessories"
2009,103.3,"Watches"
2009,130.7,"Jewellery"
2009,118.9,"Clothing material, notions and services"
2009,99.9,"Clothing material and notions"
2009,114.6,"Laundry services"
2009,127.7,"Dry cleaning services"
2009,126.1,"Other clothing services"
2009,113.1,"Transportation"
2009,112.1,"Private transportation"
2009,87.2,"Purchase, leasing and rental of passenger vehicles"
2009,87,"Purchase and leasing of passenger vehicles"
2009,87.7,"Purchase of passenger vehicles"
2009,82.8,"Leasing of passenger vehicles"
2009,103.1,"Rental of passenger vehicles"
2009,135.7,"Operation of passenger vehicles"
2009,135.8,"Gasoline"
2009,125,"Passenger vehicle parts, maintenance and repairs"
2009,122.8,"Passenger vehicle parts, accessories and supplies"
2009,126.1,"Passenger vehicle maintenance and repair services"
2009,140.7,"Other passenger vehicle operating expenses"
2009,143.6,"Passenger vehicle insurance premiums"
2009,107.3,"Passenger vehicle registration fees"
2009,149.5,"Drivers' licences"
2009,141,"Parking fees"
2009,126.9,"All other passenger vehicle operating expenses"
2009,122.3,"Public transportation"
2009,128.8,"Local and commuter transportation"
2009,126.4,"City bus and subway transportation"
2009,133.9,"Taxi and other local and commuter transportation services"
2009,118.6,"Inter-city transportation"
2009,117.2,"Air transportation"
2009,122.6,"Rail, highway bus and other inter-city transportation"
2009,112.1,"Health and personal care"
2009,115.9,"Health care"
2009,106.7,"Health care goods"
2009,105.2,"Medicinal and pharmaceutical products"
2009,103.4,"Prescribed medicines (excluding medicinal cannabis)"
2009,108.1,"Non-prescribed medicines"
2009,110.2,"Eye care goods"
2009,109.1,"Other health care goods"
2009,128.7,"Health care services"
2009,126.7,"Dental care services"
2009,134.9,"Other health care services"
2009,108.6,"Personal care"
2009,102.1,"Personal care supplies and equipment"
2009,103.5,"Personal soap"
2009,99.5,"Toiletry items and cosmetics"
2009,117.5,"Oral-hygiene products"
2009,100.1,"Other personal care supplies and equipment"
2009,117.7,"Personal care services"
2009,103.1,"Recreation, education and reading"
2009,96.4,"Recreation"
2009,65.3,"Recreational equipment and services (excluding recreational vehicles)"
2009,83.5,"Sporting and exercise equipment"
2009,91.3,"Toys, games (excluding video games) and hobby supplies"
2009,31.6,"Digital computing equipment and devices"
2009,51.9,"Photographic equipment and supplies"
2009,83.5,"Other recreational equipment"
2009,96.5,"Recreational services"
2009,112.7,"Purchase and operation of recreational vehicles"
2009,100.1,"Purchase of recreational vehicles and outboard motors"
2009,134.4,"Operation of recreational vehicles"
2009,135.7,"Fuel, parts and accessories for recreational vehicles"
2009,133.3,"Insurance, licences and other services for recreational vehicles"
2009,78.3,"Home entertainment equipment, parts and services"
2009,70.8,"Audio equipment"
2009,54.5,"Video equipment"
2009,107.7,"Rental of digital media"
2009,88.4,"Purchase of digital media"
2009,137.6,"Other home entertainment equipment, parts and services"
2009,94,"Travel services"
2009,79.7,"Traveller accommodation"
2009,110.5,"Travel tours"
2009,128.7,"Other cultural and recreational services"
2009,122.8,"Spectator entertainment (excluding video and audio subscription services)"
2009,135.8,"Video and audio subscription services"
2009,124.3,"Use of recreational facilities and services"
2009,124.1,"Education and reading"
2009,127.6,"Education"
2009,132.5,"Tuition fees"
2009,112.7,"School textbooks and supplies"
2009,119.6,"Other lessons, courses and education services"
2009,112.1,"Reading material (excluding textbooks)"
2009,125.8,"Newspapers"
2009,120.4,"Magazines and periodicals"
2009,95.5,"Books and reading material (excluding textbooks)"
2009,130.7,"Alcoholic beverages, tobacco products and recreational cannabis"
2009,114.2,"Alcoholic beverages"
2009,119.4,"Alcoholic beverages served in licensed establishments"
2009,120.8,"Beer served in licensed establishments"
2009,114.8,"Wine served in licensed establishments"
2009,120.5,"Liquor served in licensed establishments"
2009,111.7,"Alcoholic beverages purchased from stores"
2009,115.6,"Beer purchased from stores"
2009,104.7,"Wine purchased from stores"
2009,110.5,"Liquor purchased from stores"
2009,145.5,"Tobacco products and smokers' supplies"
2009,145.4,"Cigarettes"
2009,147,"Other tobacco products and smokers' supplies"
2009,113.6,"All-items excluding eight of the most volatile components as defined by the Bank of Canada and excluding the effect of changes in indirect taxes"
2009,112.3,"All-items excluding eight of the most volatile components as defined by the Bank of Canada"
2009,113,"All-items excluding food"
2009,111.5,"All-items excluding food and energy"
2009,114.3,"All-items excluding mortgage interest cost"
2009,113.8,"All-items excluding alcoholic beverages, tobacco products and smokers' supplies and recreational cannabis"
2009,114.4,"All-items excluding alcoholic beverages and recreational cannabis"
2009,113.8,"All-items excluding tobacco products and smokers' supplies and recreational cannabis"
2009,111.7,"All-items excluding shelter"
2009,113.3,"All-items excluding energy"
2009,113.6,"All-items excluding gasoline"
2009,110.4,"All-items excluding shelter, insurance and financial services"
2009,105.6,"Private transportation excluding gasoline"
2009,123.9,"Food and energy"
2009,106.5,"Fresh fruit and vegetables"
2009,129.2,"Energy"
2009,116.5,"Housing (1986 definition)"
2009,120.2,"Shelter (1986 definition)"
2009,114.4,"Goods and services"
2009,107.6,"Goods"
2009,86.9,"Durable goods"
2009,94.5,"Semi-durable goods"
2009,122.6,"Non-durable goods"
2009,123,"Non-durable goods excluding food purchased from stores"
2009,117.5,"Non-durable goods excluding food purchased from stores and energy"
2009,103.2,"Goods excluding food purchased from stores"
2009,96.4,"Goods excluding food purchased from stores and energy"
2009,121.2,"Services"
2009,120.4,"Services excluding shelter services"
2010,116.5,"All-items"
2010,123.1,"Food"
2010,122.7,"Food purchased from stores"
2010,119.1,"Meat"
2010,115.4,"Fresh or frozen meat (excluding poultry)"
2010,117.6,"Fresh or frozen beef"
2010,106.5,"Fresh or frozen pork"
2010,123.8,"Other fresh or frozen meat (excluding poultry)"
2010,130.6,"Fresh or frozen poultry"
2010,133.9,"Fresh or frozen chicken"
2010,112.9,"Other fresh or frozen poultry"
2010,115.5,"Processed meat"
2010,106,"Ham and bacon"
2010,120.5,"Other processed meat"
2010,108.7,"Fish, seafood and other marine products"
2010,114.5,"Fish"
2010,115.4,"Fresh or frozen fish (including portions and fish sticks)"
2010,112.4,"Canned and other preserved fish"
2010,93.8,"Seafood and other marine products"
2010,130.2,"Dairy products and eggs"
2010,130.3,"Dairy products"
2010,129.1,"Fresh milk"
2010,125,"Butter"
2010,129.7,"Cheese"
2010,131.7,"Ice cream and related products"
2010,134.6,"Other dairy products"
2010,127.9,"Eggs"
2010,138.8,"Bakery and cereal products (excluding baby food)"
2010,145.1,"Bakery products"
2010,161,"Bread, rolls and buns"
2010,124.5,"Cookies and crackers"
2010,136.1,"Other bakery products"
2010,127.4,"Cereal products (excluding baby food)"
2010,135.8,"Rice and rice-based mixes"
2010,117.4,"Breakfast cereal and other cereal products (excluding baby food)"
2010,142,"Pasta products"
2010,136,"Flour and flour-based mixes"
2010,112,"Fruit, fruit preparations and nuts"
2010,104.3,"Fresh fruit"
2010,110,"Apples"
2010,102.2,"Oranges"
2010,136.9,"Bananas"
2010,96.8,"Other fresh fruit"
2010,123.6,"Preserved fruit and fruit preparations"
2010,125.7,"Fruit juices"
2010,118,"Other preserved fruit and fruit preparations"
2010,120.5,"Nuts and seeds"
2010,109.3,"Vegetables and vegetable preparations"
2010,103.1,"Fresh vegetables"
2010,88.4,"Potatoes"
2010,104.5,"Tomatoes"
2010,92.3,"Lettuce"
2010,112,"Other fresh vegetables"
2010,131.7,"Preserved vegetables and vegetable preparations"
2010,125.4,"Frozen and dried vegetables"
2010,135.8,"Canned vegetables and other vegetable preparations"
2010,124.1,"Other food products and non-alcoholic beverages"
2010,134.2,"Sugar and confectionery"
2010,126,"Sugar and syrup"
2010,135.8,"Confectionery"
2010,140.7,"Edible fats and oils"
2010,145.4,"Margarine"
2010,135.2,"Other edible fats and oils"
2010,122.2,"Coffee and tea"
2010,122.7,"Coffee"
2010,121,"Tea"
2010,116,"Condiments, spices and vinegars"
2010,123,"Other food preparations"
2010,126.6,"Soup"
2010,126.6,"Baby foods"
2010,120.2,"Frozen food preparations"
2010,123.5,"All other food preparations"
2010,119,"Non-alcoholic beverages"
2010,124,"Food purchased from restaurants"
2010,124.9,"Food purchased from table-service restaurants"
2010,121.9,"Food purchased from fast food and take-out restaurants"
2010,124,"Food purchased from cafeterias and other restaurants"
2010,123.3,"Shelter"
2010,110.8,"Rented accommodation"
2010,110.8,"Rent"
2010,105.3,"Tenants' insurance premiums"
2010,114.1,"Tenants' maintenance, repairs and other expenses"
2010,126.8,"Owned accommodation"
2010,112.8,"Mortgage interest cost"
2010,140.8,"Homeowners' replacement cost"
2010,130.5,"Property taxes and other special charges"
2010,162.1,"Homeowners' home and mortgage insurance"
2010,118.4,"Homeowners' maintenance and repairs"
2010,139.7,"Other owned accommodation expenses"
2010,131.3,"Water, fuel and electricity"
2010,120.7,"Electricity"
2010,166.1,"Water"
2010,115.2,"Natural gas"
2010,183.4,"Fuel oil and other fuels"
2010,108.8,"Household operations, furnishings and equipment"
2010,116.8,"Household operations"
2010,109.8,"Communications"
2010,111.2,"Telephone services"
2010,134.9,"Postal and other communications services"
2010,131.6,"Child care and housekeeping services"
2010,130.2,"Child care services"
2010,135.3,"Housekeeping services"
2010,106.6,"Household cleaning products"
2010,95.5,"Detergents and soaps (other than personal care)"
2010,120.8,"Other household cleaning products"
2010,113.5,"Paper, plastic and aluminum foil supplies"
2010,114.3,"Paper supplies"
2010,111.6,"Plastic and aluminum foil supplies"
2010,123.1,"Other household goods and services"
2010,121.2,"Pet food and supplies"
2010,107.7,"Seeds, plants and cut flowers"
2010,107,"Other horticultural goods"
2010,101.1,"Other household supplies"
2010,148.3,"Other household services"
2010,95.5,"Household furnishings and equipment"
2010,96,"Furniture and household textiles"
2010,93.8,"Furniture"
2010,92.7,"Upholstered furniture"
2010,98.6,"Wooden furniture"
2010,91.3,"Other furniture"
2010,103.9,"Household textiles"
2010,118.4,"Window coverings"
2010,94.2,"Bedding and other household textiles"
2010,107.1,"Area rugs and mats"
2010,87.3,"Household equipment"
2010,85.7,"Household appliances"
2010,85.7,"Cooking appliances"
2010,83,"Refrigerators and freezers"
2010,89.2,"Laundry and dishwashing appliances"
2010,85.9,"Other household appliances"
2010,85.1,"Non-electric kitchen utensils, tableware and cookware"
2010,89.3,"Tools and other household equipment"
2010,89.3,"Household tools (including lawn, garden and snow removal equipment)"
2010,89.3,"Other household equipment"
2010,149.3,"Services related to household furnishings and equipment"
2010,91.6,"Clothing and footwear"
2010,84.1,"Clothing"
2010,81.9,"Women's clothing"
2010,89.8,"Men's clothing"
2010,77.7,"Children's clothing"
2010,93.3,"Footwear"
2010,92.4,"Women's footwear (excluding athletic)"
2010,94.8,"Men's footwear (excluding athletic)"
2010,95.2,"Children's footwear (excluding athletic)"
2010,92.1,"Athletic footwear"
2010,116.6,"Clothing accessories, watches and jewellery"
2010,97.4,"Leather clothing accessories"
2010,86.6,"Other clothing accessories"
2010,105.5,"Watches"
2010,139.6,"Jewellery"
2010,123.9,"Clothing material, notions and services"
2010,102.4,"Clothing material and notions"
2010,118.2,"Laundry services"
2010,135.4,"Dry cleaning services"
2010,130.3,"Other clothing services"
2010,118,"Transportation"
2010,117.6,"Private transportation"
2010,90.2,"Purchase, leasing and rental of passenger vehicles"
2010,90.1,"Purchase and leasing of passenger vehicles"
2010,90.8,"Purchase of passenger vehicles"
2010,85.8,"Leasing of passenger vehicles"
2010,101.7,"Rental of passenger vehicles"
2010,143.8,"Operation of passenger vehicles"
2010,148.2,"Gasoline"
2010,126,"Passenger vehicle parts, maintenance and repairs"
2010,123.8,"Passenger vehicle parts, accessories and supplies"
2010,127,"Passenger vehicle maintenance and repair services"
2010,147.6,"Other passenger vehicle operating expenses"
2010,151.2,"Passenger vehicle insurance premiums"
2010,107.6,"Passenger vehicle registration fees"
2010,150.3,"Drivers' licences"
2010,149.4,"Parking fees"
2010,134.4,"All other passenger vehicle operating expenses"
2010,121.1,"Public transportation"
2010,135.4,"Local and commuter transportation"
2010,134.7,"City bus and subway transportation"
2010,136.5,"Taxi and other local and commuter transportation services"
2010,113.2,"Inter-city transportation"
2010,110.2,"Air transportation"
2010,130,"Rail, highway bus and other inter-city transportation"
2010,115.1,"Health and personal care"
2010,118.5,"Health care"
2010,107,"Health care goods"
2010,105.3,"Medicinal and pharmaceutical products"
2010,101.2,"Prescribed medicines (excluding medicinal cannabis)"
2010,112.6,"Non-prescribed medicines"
2010,111.2,"Eye care goods"
2010,107.8,"Other health care goods"
2010,134.5,"Health care services"
2010,131.2,"Dental care services"
2010,144.9,"Other health care services"
2010,111.9,"Personal care"
2010,104.4,"Personal care supplies and equipment"
2010,105.3,"Personal soap"
2010,101.6,"Toiletry items and cosmetics"
2010,124.5,"Oral-hygiene products"
2010,100.6,"Other personal care supplies and equipment"
2010,122.3,"Personal care services"
2010,104,"Recreation, education and reading"
2010,96,"Recreation"
2010,62.2,"Recreational equipment and services (excluding recreational vehicles)"
2010,83.5,"Sporting and exercise equipment"
2010,91.4,"Toys, games (excluding video games) and hobby supplies"
2010,27.5,"Digital computing equipment and devices"
2010,48.7,"Photographic equipment and supplies"
2010,80.1,"Other recreational equipment"
2010,95.9,"Recreational services"
2010,114.2,"Purchase and operation of recreational vehicles"
2010,100.4,"Purchase of recreational vehicles and outboard motors"
2010,138.9,"Operation of recreational vehicles"
2010,142.4,"Fuel, parts and accessories for recreational vehicles"
2010,136.4,"Insurance, licences and other services for recreational vehicles"
2010,73.2,"Home entertainment equipment, parts and services"
2010,66.1,"Audio equipment"
2010,46.7,"Video equipment"
2010,108.5,"Rental of digital media"
2010,86.5,"Purchase of digital media"
2010,140.8,"Other home entertainment equipment, parts and services"
2010,92.9,"Travel services"
2010,81.3,"Traveller accommodation"
2010,105.1,"Travel tours"
2010,134.6,"Other cultural and recreational services"
2010,126.9,"Spectator entertainment (excluding video and audio subscription services)"
2010,143.4,"Video and audio subscription services"
2010,129.1,"Use of recreational facilities and services"
2010,129,"Education and reading"
2010,132.7,"Education"
2010,137.7,"Tuition fees"
2010,119.7,"School textbooks and supplies"
2010,122.3,"Other lessons, courses and education services"
2010,116,"Reading material (excluding textbooks)"
2010,131.6,"Newspapers"
2010,124.6,"Magazines and periodicals"
2010,97.6,"Books and reading material (excluding textbooks)"
2010,133.1,"Alcoholic beverages, tobacco products and recreational cannabis"
2010,114.8,"Alcoholic beverages"
2010,122.5,"Alcoholic beverages served in licensed establishments"
2010,124.7,"Beer served in licensed establishments"
2010,115.7,"Wine served in licensed establishments"
2010,124.1,"Liquor served in licensed establishments"
2010,111.2,"Alcoholic beverages purchased from stores"
2010,114.6,"Beer purchased from stores"
2010,104.4,"Wine purchased from stores"
2010,110.8,"Liquor purchased from stores"
2010,150.4,"Tobacco products and smokers' supplies"
2010,150.2,"Cigarettes"
2010,153,"Other tobacco products and smokers' supplies"
2010,115.6,"All-items excluding eight of the most volatile components as defined by the Bank of Canada and excluding the effect of changes in indirect taxes"
2010,114.5,"All-items excluding eight of the most volatile components as defined by the Bank of Canada"
2010,115.1,"All-items excluding food"
2010,112.9,"All-items excluding food and energy"
2010,116.7,"All-items excluding mortgage interest cost"
2010,115.8,"All-items excluding alcoholic beverages, tobacco products and smokers' supplies and recreational cannabis"
2010,116.5,"All-items excluding alcoholic beverages and recreational cannabis"
2010,115.8,"All-items excluding tobacco products and smokers' supplies and recreational cannabis"
2010,113.9,"All-items excluding shelter"
2010,114.8,"All-items excluding energy"
2010,115.2,"All-items excluding gasoline"
2010,112.4,"All-items excluding shelter, insurance and financial services"
2010,109.3,"Private transportation excluding gasoline"
2010,127.7,"Food and energy"
2010,103.6,"Fresh fruit and vegetables"
2010,137.8,"Energy"
2010,118.2,"Housing (1986 definition)"
2010,121.8,"Shelter (1986 definition)"
2010,116.5,"Goods and services"
2010,109.2,"Goods"
2010,87,"Durable goods"
2010,93.3,"Semi-durable goods"
2010,126,"Non-durable goods"
2010,128.3,"Non-durable goods excluding food purchased from stores"
2010,119.2,"Non-durable goods excluding food purchased from stores and energy"
2010,104.9,"Goods excluding food purchased from stores"
2010,96.5,"Goods excluding food purchased from stores and energy"
2010,123.7,"Services"
2010,123.9,"Services excluding shelter services"
2011,119.9,"All-items"
2011,127.7,"Food"
2011,127.9,"Food purchased from stores"
2011,125.4,"Meat"
2011,123.3,"Fresh or frozen meat (excluding poultry)"
2011,125.9,"Fresh or frozen beef"
2011,113.6,"Fresh or frozen pork"
2011,130.6,"Other fresh or frozen meat (excluding poultry)"
2011,134.5,"Fresh or frozen poultry"
2011,138.1,"Fresh or frozen chicken"
2011,114.7,"Other fresh or frozen poultry"
2011,121.1,"Processed meat"
2011,112.9,"Ham and bacon"
2011,126.3,"Other processed meat"
2011,109,"Fish, seafood and other marine products"
2011,114.3,"Fish"
2011,115.2,"Fresh or frozen fish (including portions and fish sticks)"
2011,112.4,"Canned and other preserved fish"
2011,95.2,"Seafood and other marine products"
2011,134,"Dairy products and eggs"
2011,133.6,"Dairy products"
2011,135,"Fresh milk"
2011,128.2,"Butter"
2011,132,"Cheese"
2011,134.1,"Ice cream and related products"
2011,135.9,"Other dairy products"
2011,137.7,"Eggs"
2011,146,"Bakery and cereal products (excluding baby food)"
2011,153.8,"Bakery products"
2011,174.7,"Bread, rolls and buns"
2011,129.3,"Cookies and crackers"
2011,139.9,"Other bakery products"
2011,131.9,"Cereal products (excluding baby food)"
2011,135.9,"Rice and rice-based mixes"
2011,120.4,"Breakfast cereal and other cereal products (excluding baby food)"
2011,149.2,"Pasta products"
2011,148.9,"Flour and flour-based mixes"
2011,115.9,"Fruit, fruit preparations and nuts"
2011,108.8,"Fresh fruit"
2011,113.7,"Apples"
2011,104.5,"Oranges"
2011,141.4,"Bananas"
2011,101.5,"Other fresh fruit"
2011,126,"Preserved fruit and fruit preparations"
2011,130.6,"Fruit juices"
2011,116.4,"Other preserved fruit and fruit preparations"
2011,126.4,"Nuts and seeds"
2011,117.1,"Vegetables and vegetable preparations"
2011,112.8,"Fresh vegetables"
2011,106.3,"Potatoes"
2011,106.7,"Tomatoes"
2011,106.2,"Lettuce"
2011,121.3,"Other fresh vegetables"
2011,132.9,"Preserved vegetables and vegetable preparations"
2011,128.3,"Frozen and dried vegetables"
2011,136,"Canned vegetables and other vegetable preparations"
2011,128.2,"Other food products and non-alcoholic beverages"
2011,141.2,"Sugar and confectionery"
2011,138.7,"Sugar and syrup"
2011,141.9,"Confectionery"
2011,146.6,"Edible fats and oils"
2011,153.4,"Margarine"
2011,139.4,"Other edible fats and oils"
2011,135,"Coffee and tea"
2011,138.2,"Coffee"
2011,125.4,"Tea"
2011,120.4,"Condiments, spices and vinegars"
2011,126.3,"Other food preparations"
2011,127.1,"Soup"
2011,128.1,"Baby foods"
2011,121.4,"Frozen food preparations"
2011,129.2,"All other food preparations"
2011,119.6,"Non-alcoholic beverages"
2011,127.5,"Food purchased from restaurants"
2011,128.4,"Food purchased from table-service restaurants"
2011,125.5,"Food purchased from fast food and take-out restaurants"
2011,127.6,"Food purchased from cafeterias and other restaurants"
2011,125.6,"Shelter"
2011,112,"Rented accommodation"
2011,112.1,"Rent"
2011,105.7,"Tenants' insurance premiums"
2011,116.6,"Tenants' maintenance, repairs and other expenses"
2011,128.6,"Owned accommodation"
2011,110.8,"Mortgage interest cost"
2011,144.2,"Homeowners' replacement cost"
2011,134.6,"Property taxes and other special charges"
2011,170.1,"Homeowners' home and mortgage insurance"
2011,120.2,"Homeowners' maintenance and repairs"
2011,146,"Other owned accommodation expenses"
2011,136.6,"Water, fuel and electricity"
2011,124.3,"Electricity"
2011,175.7,"Water"
2011,111.4,"Natural gas"
2011,229.6,"Fuel oil and other fuels"
2011,110.9,"Household operations, furnishings and equipment"
2011,120.2,"Household operations"
2011,111.9,"Communications"
2011,112.3,"Telephone services"
2011,142.7,"Postal and other communications services"
2011,136.9,"Child care and housekeeping services"
2011,135.3,"Child care services"
2011,140.9,"Housekeeping services"
2011,107.8,"Household cleaning products"
2011,95.2,"Detergents and soaps (other than personal care)"
2011,124.8,"Other household cleaning products"
2011,117.3,"Paper, plastic and aluminum foil supplies"
2011,118.5,"Paper supplies"
2011,113.6,"Plastic and aluminum foil supplies"
2011,128.1,"Other household goods and services"
2011,127,"Pet food and supplies"
2011,111,"Seeds, plants and cut flowers"
2011,108.6,"Other horticultural goods"
2011,103.2,"Other household supplies"
2011,154.4,"Other household services"
2011,95.2,"Household furnishings and equipment"
2011,94.6,"Furniture and household textiles"
2011,92,"Furniture"
2011,90.7,"Upholstered furniture"
2011,95.8,"Wooden furniture"
2011,90.9,"Other furniture"
2011,104.2,"Household textiles"
2011,121.9,"Window coverings"
2011,93.3,"Bedding and other household textiles"
2011,105,"Area rugs and mats"
2011,86.5,"Household equipment"
2011,84.7,"Household appliances"
2011,83.1,"Cooking appliances"
2011,82.1,"Refrigerators and freezers"
2011,89,"Laundry and dishwashing appliances"
2011,85.1,"Other household appliances"
2011,82.3,"Non-electric kitchen utensils, tableware and cookware"
2011,89.1,"Tools and other household equipment"
2011,89.1,"Household tools (including lawn, garden and snow removal equipment)"
2011,89.1,"Other household equipment"
2011,162.5,"Services related to household furnishings and equipment"
2011,91.9,"Clothing and footwear"
2011,83.6,"Clothing"
2011,80.2,"Women's clothing"
2011,91.1,"Men's clothing"
2011,77.3,"Children's clothing"
2011,92.8,"Footwear"
2011,92.6,"Women's footwear (excluding athletic)"
2011,94.1,"Men's footwear (excluding athletic)"
2011,92.9,"Children's footwear (excluding athletic)"
2011,91.1,"Athletic footwear"
2011,122.3,"Clothing accessories, watches and jewellery"
2011,95.3,"Leather clothing accessories"
2011,84.7,"Other clothing accessories"
2011,105.9,"Watches"
2011,154.1,"Jewellery"
2011,128.2,"Clothing material, notions and services"
2011,104.2,"Clothing material and notions"
2011,119.4,"Laundry services"
2011,143.5,"Dry cleaning services"
2011,134.6,"Other clothing services"
2011,125.6,"Transportation"
2011,125.4,"Private transportation"
2011,90.5,"Purchase, leasing and rental of passenger vehicles"
2011,90.3,"Purchase and leasing of passenger vehicles"
2011,91,"Purchase of passenger vehicles"
2011,86.1,"Leasing of passenger vehicles"
2011,104.7,"Rental of passenger vehicles"
2011,159,"Operation of passenger vehicles"
2011,177.8,"Gasoline"
2011,128.2,"Passenger vehicle parts, maintenance and repairs"
2011,126.3,"Passenger vehicle parts, accessories and supplies"
2011,129,"Passenger vehicle maintenance and repair services"
2011,153.8,"Other passenger vehicle operating expenses"
2011,157.9,"Passenger vehicle insurance premiums"
2011,109.5,"Passenger vehicle registration fees"
2011,153,"Drivers' licences"
2011,156.7,"Parking fees"
2011,140.3,"All other passenger vehicle operating expenses"
2011,127.9,"Public transportation"
2011,138.7,"Local and commuter transportation"
2011,137.8,"City bus and subway transportation"
2011,140.4,"Taxi and other local and commuter transportation services"
2011,121.9,"Inter-city transportation"
2011,119.2,"Air transportation"
2011,135.7,"Rail, highway bus and other inter-city transportation"
2011,117.1,"Health and personal care"
2011,120,"Health care"
2011,106.8,"Health care goods"
2011,104.6,"Medicinal and pharmaceutical products"
2011,97.6,"Prescribed medicines (excluding medicinal cannabis)"
2011,117.1,"Non-prescribed medicines"
2011,111.2,"Eye care goods"
2011,111.3,"Other health care goods"
2011,138.4,"Health care services"
2011,134.8,"Dental care services"
2011,149.6,"Other health care services"
2011,114.4,"Personal care"
2011,105.4,"Personal care supplies and equipment"
2011,109.1,"Personal soap"
2011,102.2,"Toiletry items and cosmetics"
2011,123.7,"Oral-hygiene products"
2011,102.1,"Other personal care supplies and equipment"
2011,127.2,"Personal care services"
2011,105.3,"Recreation, education and reading"
2011,96.5,"Recreation"
2011,59.3,"Recreational equipment and services (excluding recreational vehicles)"
2011,83.7,"Sporting and exercise equipment"
2011,91.9,"Toys, games (excluding video games) and hobby supplies"
2011,24.4,"Digital computing equipment and devices"
2011,43.6,"Photographic equipment and supplies"
2011,77.7,"Other recreational equipment"
2011,96.6,"Recreational services"
2011,116,"Purchase and operation of recreational vehicles"
2011,99.7,"Purchase of recreational vehicles and outboard motors"
2011,146.7,"Operation of recreational vehicles"
2011,157.5,"Fuel, parts and accessories for recreational vehicles"
2011,139.8,"Insurance, licences and other services for recreational vehicles"
2011,69.3,"Home entertainment equipment, parts and services"
2011,62.4,"Audio equipment"
2011,41.1,"Video equipment"
2011,109.2,"Rental of digital media"
2011,84.8,"Purchase of digital media"
2011,152,"Other home entertainment equipment, parts and services"
2011,93.7,"Travel services"
2011,81.5,"Traveller accommodation"
2011,106.2,"Travel tours"
2011,140.8,"Other cultural and recreational services"
2011,130.9,"Spectator entertainment (excluding video and audio subscription services)"
2011,151.4,"Video and audio subscription services"
2011,134.6,"Use of recreational facilities and services"
2011,133.4,"Education and reading"
2011,137.7,"Education"
2011,143.1,"Tuition fees"
2011,125.3,"School textbooks and supplies"
2011,124.4,"Other lessons, courses and education services"
2011,117.5,"Reading material (excluding textbooks)"
2011,138,"Newspapers"
2011,128.5,"Magazines and periodicals"
2011,94.8,"Books and reading material (excluding textbooks)"
2011,135.6,"Alcoholic beverages, tobacco products and recreational cannabis"
2011,115.2,"Alcoholic beverages"
2011,124.7,"Alcoholic beverages served in licensed establishments"
2011,128.1,"Beer served in licensed establishments"
2011,116.7,"Wine served in licensed establishments"
2011,125.4,"Liquor served in licensed establishments"
2011,110.6,"Alcoholic beverages purchased from stores"
2011,113.3,"Beer purchased from stores"
2011,104.2,"Wine purchased from stores"
2011,111.4,"Liquor purchased from stores"
2011,156,"Tobacco products and smokers' supplies"
2011,155.9,"Cigarettes"
2011,159.1,"Other tobacco products and smokers' supplies"
2011,117.5,"All-items excluding eight of the most volatile components as defined by the Bank of Canada and excluding the effect of changes in indirect taxes"
2011,116.9,"All-items excluding eight of the most volatile components as defined by the Bank of Canada"
2011,118.3,"All-items excluding food"
2011,114.7,"All-items excluding food and energy"
2011,120.5,"All-items excluding mortgage interest cost"
2011,119.2,"All-items excluding alcoholic beverages, tobacco products and smokers' supplies and recreational cannabis"
2011,119.9,"All-items excluding alcoholic beverages and recreational cannabis"
2011,119.2,"All-items excluding tobacco products and smokers' supplies and recreational cannabis"
2011,117.7,"All-items excluding shelter"
2011,117,"All-items excluding energy"
2011,117.6,"All-items excluding gasoline"
2011,116,"All-items excluding shelter, insurance and financial services"
2011,111,"Private transportation excluding gasoline"
2011,136.1,"Food and energy"
2011,111.1,"Fresh fruit and vegetables"
2011,154.7,"Energy"
2011,120.3,"Housing (1986 definition)"
2011,124,"Shelter (1986 definition)"
2011,119.9,"Goods and services"
2011,112.9,"Goods"
2011,86,"Durable goods"
2011,93.5,"Semi-durable goods"
2011,133.7,"Non-durable goods"
2011,138,"Non-durable goods excluding food purchased from stores"
2011,121.2,"Non-durable goods excluding food purchased from stores and energy"
2011,108.3,"Goods excluding food purchased from stores"
2011,96.4,"Goods excluding food purchased from stores and energy"
2011,126.7,"Services"
2011,127.9,"Services excluding shelter services"
2012,121.7,"All-items"
2012,130.8,"Food"
2012,130.9,"Food purchased from stores"
2012,132,"Meat"
2012,131.5,"Fresh or frozen meat (excluding poultry)"
2012,135.4,"Fresh or frozen beef"
2012,118.4,"Fresh or frozen pork"
2012,141,"Other fresh or frozen meat (excluding poultry)"
2012,141,"Fresh or frozen poultry"
2012,144.1,"Fresh or frozen chicken"
2012,123.4,"Other fresh or frozen poultry"
2012,125.7,"Processed meat"
2012,114.6,"Ham and bacon"
2012,132,"Other processed meat"
2012,111.8,"Fish, seafood and other marine products"
2012,117,"Fish"
2012,115.3,"Fresh or frozen fish (including portions and fish sticks)"
2012,121.8,"Canned and other preserved fish"
2012,98,"Seafood and other marine products"
2012,135.9,"Dairy products and eggs"
2012,134.8,"Dairy products"
2012,138.4,"Fresh milk"
2012,129.8,"Butter"
2012,131.9,"Cheese"
2012,137.3,"Ice cream and related products"
2012,135.2,"Other dairy products"
2012,149,"Eggs"
2012,150.4,"Bakery and cereal products (excluding baby food)"
2012,157,"Bakery products"
2012,179.4,"Bread, rolls and buns"
2012,131.9,"Cookies and crackers"
2012,141.2,"Other bakery products"
2012,137.9,"Cereal products (excluding baby food)"
2012,138.4,"Rice and rice-based mixes"
2012,126.4,"Breakfast cereal and other cereal products (excluding baby food)"
2012,154.5,"Pasta products"
2012,155.9,"Flour and flour-based mixes"
2012,119.5,"Fruit, fruit preparations and nuts"
2012,111.9,"Fresh fruit"
2012,122.5,"Apples"
2012,104.4,"Oranges"
2012,142.3,"Bananas"
2012,104,"Other fresh fruit"
2012,128.3,"Preserved fruit and fruit preparations"
2012,133.1,"Fruit juices"
2012,118.2,"Other preserved fruit and fruit preparations"
2012,139.1,"Nuts and seeds"
2012,113.3,"Vegetables and vegetable preparations"
2012,107.2,"Fresh vegetables"
2012,107.6,"Potatoes"
2012,92.2,"Tomatoes"
2012,98.6,"Lettuce"
2012,116.2,"Other fresh vegetables"
2012,136.4,"Preserved vegetables and vegetable preparations"
2012,135.1,"Frozen and dried vegetables"
2012,138.1,"Canned vegetables and other vegetable preparations"
2012,131,"Other food products and non-alcoholic beverages"
2012,142.4,"Sugar and confectionery"
2012,136.4,"Sugar and syrup"
2012,143.9,"Confectionery"
2012,147,"Edible fats and oils"
2012,159.1,"Margarine"
2012,135.9,"Other edible fats and oils"
2012,139.9,"Coffee and tea"
2012,144.5,"Coffee"
2012,125.7,"Tea"
2012,122.2,"Condiments, spices and vinegars"
2012,130,"Other food preparations"
2012,131.5,"Soup"
2012,128.7,"Baby foods"
2012,122.4,"Frozen food preparations"
2012,135.7,"All other food preparations"
2012,122.6,"Non-alcoholic beverages"
2012,130.6,"Food purchased from restaurants"
2012,131.7,"Food purchased from table-service restaurants"
2012,128,"Food purchased from fast food and take-out restaurants"
2012,130.7,"Food purchased from cafeterias and other restaurants"
2012,127.1,"Shelter"
2012,113.6,"Rented accommodation"
2012,113.6,"Rent"
2012,105.2,"Tenants' insurance premiums"
2012,121.7,"Tenants' maintenance, repairs and other expenses"
2012,130.1,"Owned accommodation"
2012,109.2,"Mortgage interest cost"
2012,147.6,"Homeowners' replacement cost"
2012,137.8,"Property taxes and other special charges"
2012,174.2,"Homeowners' home and mortgage insurance"
2012,124.5,"Homeowners' maintenance and repairs"
2012,149.4,"Other owned accommodation expenses"
2012,138.2,"Water, fuel and electricity"
2012,129.4,"Electricity"
2012,187,"Water"
2012,99.9,"Natural gas"
2012,239.9,"Fuel oil and other fuels"
2012,113,"Household operations, furnishings and equipment"
2012,123.8,"Household operations"
2012,114.7,"Communications"
2012,114.6,"Telephone services"
2012,147.3,"Postal and other communications services"
2012,141.2,"Child care and housekeeping services"
2012,139.9,"Child care services"
2012,144.4,"Housekeeping services"
2012,110.2,"Household cleaning products"
2012,96.1,"Detergents and soaps (other than personal care)"
2012,129.8,"Other household cleaning products"
2012,121.1,"Paper, plastic and aluminum foil supplies"
2012,122.7,"Paper supplies"
2012,116.5,"Plastic and aluminum foil supplies"
2012,132.6,"Other household goods and services"
2012,128.4,"Pet food and supplies"
2012,111.2,"Seeds, plants and cut flowers"
2012,109,"Other horticultural goods"
2012,109.1,"Other household supplies"
2012,157.7,"Other household services"
2012,94.6,"Household furnishings and equipment"
2012,93.3,"Furniture and household textiles"
2012,90.2,"Furniture"
2012,90.4,"Upholstered furniture"
2012,94.7,"Wooden furniture"
2012,86.8,"Other furniture"
2012,105.4,"Household textiles"
2012,124.1,"Window coverings"
2012,94.3,"Bedding and other household textiles"
2012,105,"Area rugs and mats"
2012,86.4,"Household equipment"
2012,85.8,"Household appliances"
2012,84.8,"Cooking appliances"
2012,83.3,"Refrigerators and freezers"
2012,90,"Laundry and dishwashing appliances"
2012,85.7,"Other household appliances"
2012,81.2,"Non-electric kitchen utensils, tableware and cookware"
2012,88.1,"Tools and other household equipment"
2012,88.1,"Household tools (including lawn, garden and snow removal equipment)"
2012,88,"Other household equipment"
2012,163.4,"Services related to household furnishings and equipment"
2012,92,"Clothing and footwear"
2012,82.8,"Clothing"
2012,78.7,"Women's clothing"
2012,91.6,"Men's clothing"
2012,75.8,"Children's clothing"
2012,92.7,"Footwear"
2012,93.2,"Women's footwear (excluding athletic)"
2012,95.2,"Men's footwear (excluding athletic)"
2012,92.8,"Children's footwear (excluding athletic)"
2012,90,"Athletic footwear"
2012,128.1,"Clothing accessories, watches and jewellery"
2012,93.6,"Leather clothing accessories"
2012,84.1,"Other clothing accessories"
2012,108,"Watches"
2012,169.3,"Jewellery"
2012,131.5,"Clothing material, notions and services"
2012,106.3,"Clothing material and notions"
2012,123.4,"Laundry services"
2012,146.2,"Dry cleaning services"
2012,139.2,"Other clothing services"
2012,128.1,"Transportation"
2012,127.8,"Private transportation"
2012,91.7,"Purchase, leasing and rental of passenger vehicles"
2012,91.5,"Purchase and leasing of passenger vehicles"
2012,92.3,"Purchase of passenger vehicles"
2012,87.3,"Leasing of passenger vehicles"
2012,105.1,"Rental of passenger vehicles"
2012,162.5,"Operation of passenger vehicles"
2012,182.3,"Gasoline"
2012,131.6,"Passenger vehicle parts, maintenance and repairs"
2012,129.8,"Passenger vehicle parts, accessories and supplies"
2012,132.3,"Passenger vehicle maintenance and repair services"
2012,156.6,"Other passenger vehicle operating expenses"
2012,160.9,"Passenger vehicle insurance premiums"
2012,110.8,"Passenger vehicle registration fees"
2012,155.8,"Drivers' licences"
2012,162.1,"Parking fees"
2012,140.5,"All other passenger vehicle operating expenses"
2012,130.9,"Public transportation"
2012,142.1,"Local and commuter transportation"
2012,141.5,"City bus and subway transportation"
2012,142.6,"Taxi and other local and commuter transportation services"
2012,124.7,"Inter-city transportation"
2012,121.9,"Air transportation"
2012,140,"Rail, highway bus and other inter-city transportation"
2012,118.7,"Health and personal care"
2012,120.7,"Health care"
2012,105.7,"Health care goods"
2012,103,"Medicinal and pharmaceutical products"
2012,94.8,"Prescribed medicines (excluding medicinal cannabis)"
2012,117.7,"Non-prescribed medicines"
2012,111.5,"Eye care goods"
2012,112.2,"Other health care goods"
2012,141.7,"Health care services"
2012,138.3,"Dental care services"
2012,152.6,"Other health care services"
2012,117,"Personal care"
2012,107.9,"Personal care supplies and equipment"
2012,112.6,"Personal soap"
2012,104.1,"Toiletry items and cosmetics"
2012,128.3,"Oral-hygiene products"
2012,105.2,"Other personal care supplies and equipment"
2012,129.9,"Personal care services"
2012,105.9,"Recreation, education and reading"
2012,96.1,"Recreation"
2012,57.2,"Recreational equipment and services (excluding recreational vehicles)"
2012,83.2,"Sporting and exercise equipment"
2012,93.6,"Toys, games (excluding video games) and hobby supplies"
2012,22.9,"Digital computing equipment and devices"
2012,36.7,"Photographic equipment and supplies"
2012,76.2,"Other recreational equipment"
2012,99.2,"Recreational services"
2012,116.5,"Purchase and operation of recreational vehicles"
2012,98.7,"Purchase of recreational vehicles and outboard motors"
2012,150.4,"Operation of recreational vehicles"
2012,162.2,"Fuel, parts and accessories for recreational vehicles"
2012,143,"Insurance, licences and other services for recreational vehicles"
2012,63.6,"Home entertainment equipment, parts and services"
2012,57.5,"Audio equipment"
2012,35.6,"Video equipment"
2012,109.2,"Rental of digital media"
2012,83.9,"Purchase of digital media"
2012,153.4,"Other home entertainment equipment, parts and services"
2012,94.8,"Travel services"
2012,83.1,"Traveller accommodation"
2012,106.3,"Travel tours"
2012,145.4,"Other cultural and recreational services"
2012,132.8,"Spectator entertainment (excluding video and audio subscription services)"
2012,159,"Video and audio subscription services"
2012,136.7,"Use of recreational facilities and services"
2012,137.7,"Education and reading"
2012,142.8,"Education"
2012,148.8,"Tuition fees"
2012,128.4,"School textbooks and supplies"
2012,127.2,"Other lessons, courses and education services"
2012,118.3,"Reading material (excluding textbooks)"
2012,143.6,"Newspapers"
2012,129.4,"Magazines and periodicals"
2012,92.7,"Books and reading material (excluding textbooks)"
2012,137.6,"Alcoholic beverages, tobacco products and recreational cannabis"
2012,116.9,"Alcoholic beverages"
2012,127.7,"Alcoholic beverages served in licensed establishments"
2012,132,"Beer served in licensed establishments"
2012,118.1,"Wine served in licensed establishments"
2012,128,"Liquor served in licensed establishments"
2012,111.8,"Alcoholic beverages purchased from stores"
2012,114.9,"Beer purchased from stores"
2012,104.9,"Wine purchased from stores"
2012,112.5,"Liquor purchased from stores"
2012,158.1,"Tobacco products and smokers' supplies"
2012,157.9,"Cigarettes"
2012,161.5,"Other tobacco products and smokers' supplies"
2012,119.5,"All-items excluding eight of the most volatile components as defined by the Bank of Canada and excluding the effect of changes in indirect taxes"
2012,119,"All-items excluding eight of the most volatile components as defined by the Bank of Canada"
2012,119.9,"All-items excluding food"
2012,116.2,"All-items excluding food and energy"
2012,122.5,"All-items excluding mortgage interest cost"
2012,121,"All-items excluding alcoholic beverages, tobacco products and smokers' supplies and recreational cannabis"
2012,121.8,"All-items excluding alcoholic beverages and recreational cannabis"
2012,121,"All-items excluding tobacco products and smokers' supplies and recreational cannabis"
2012,119.6,"All-items excluding shelter"
2012,118.8,"All-items excluding energy"
2012,119.3,"All-items excluding gasoline"
2012,117.8,"All-items excluding shelter, insurance and financial services"
2012,112.9,"Private transportation excluding gasoline"
2012,138.9,"Food and energy"
2012,109.6,"Fresh fruit and vegetables"
2012,157.3,"Energy"
2012,122.1,"Housing (1986 definition)"
2012,125.6,"Shelter (1986 definition)"
2012,121.7,"Goods and services"
2012,114,"Goods"
2012,85.5,"Durable goods"
2012,93.5,"Semi-durable goods"
2012,136.1,"Non-durable goods"
2012,140.1,"Non-durable goods excluding food purchased from stores"
2012,122.9,"Non-durable goods excluding food purchased from stores and energy"
2012,108.9,"Goods excluding food purchased from stores"
2012,96.5,"Goods excluding food purchased from stores and energy"
2012,129.3,"Services"
2012,131.2,"Services excluding shelter services"
2013,122.8,"All-items"
2013,132.4,"Food"
2013,132.3,"Food purchased from stores"
2013,134.8,"Meat"
2013,134.7,"Fresh or frozen meat (excluding poultry)"
2013,139.3,"Fresh or frozen beef"
2013,121.3,"Fresh or frozen pork"
2013,138.9,"Other fresh or frozen meat (excluding poultry)"
2013,143.8,"Fresh or frozen poultry"
2013,146.6,"Fresh or frozen chicken"
2013,126.7,"Other fresh or frozen poultry"
2013,128.1,"Processed meat"
2013,116.7,"Ham and bacon"
2013,134.7,"Other processed meat"
2013,114.3,"Fish, seafood and other marine products"
2013,120.2,"Fish"
2013,117.3,"Fresh or frozen fish (including portions and fish sticks)"
2013,128.1,"Canned and other preserved fish"
2013,99.1,"Seafood and other marine products"
2013,135.8,"Dairy products and eggs"
2013,134.3,"Dairy products"
2013,137.9,"Fresh milk"
2013,129.2,"Butter"
2013,131.3,"Cheese"
2013,136.2,"Ice cream and related products"
2013,135.1,"Other dairy products"
2013,153.4,"Eggs"
2013,152.2,"Bakery and cereal products (excluding baby food)"
2013,160.4,"Bakery products"
2013,185,"Bread, rolls and buns"
2013,132.9,"Cookies and crackers"
2013,143.5,"Other bakery products"
2013,137.3,"Cereal products (excluding baby food)"
2013,135.8,"Rice and rice-based mixes"
2013,127.6,"Breakfast cereal and other cereal products (excluding baby food)"
2013,149.4,"Pasta products"
2013,151.1,"Flour and flour-based mixes"
2013,122.3,"Fruit, fruit preparations and nuts"
2013,115.9,"Fresh fruit"
2013,132.7,"Apples"
2013,110.7,"Oranges"
2013,138.3,"Bananas"
2013,107.5,"Other fresh fruit"
2013,128.3,"Preserved fruit and fruit preparations"
2013,133.5,"Fruit juices"
2013,117.9,"Other preserved fruit and fruit preparations"
2013,143.2,"Nuts and seeds"
2013,117.4,"Vegetables and vegetable preparations"
2013,112.6,"Fresh vegetables"
2013,105.4,"Potatoes"
2013,103.4,"Tomatoes"
2013,106.3,"Lettuce"
2013,121.4,"Other fresh vegetables"
2013,135.8,"Preserved vegetables and vegetable preparations"
2013,136.6,"Frozen and dried vegetables"
2013,136.4,"Canned vegetables and other vegetable preparations"
2013,129.9,"Other food products and non-alcoholic beverages"
2013,139,"Sugar and confectionery"
2013,131,"Sugar and syrup"
2013,140.9,"Confectionery"
2013,146,"Edible fats and oils"
2013,159.2,"Margarine"
2013,134,"Other edible fats and oils"
2013,138.9,"Coffee and tea"
2013,142.9,"Coffee"
2013,126.6,"Tea"
2013,120.6,"Condiments, spices and vinegars"
2013,129.9,"Other food preparations"
2013,130,"Soup"
2013,130,"Baby foods"
2013,122.7,"Frozen food preparations"
2013,135.5,"All other food preparations"
2013,122.2,"Non-alcoholic beverages"
2013,132.6,"Food purchased from restaurants"
2013,133.7,"Food purchased from table-service restaurants"
2013,130.1,"Food purchased from fast food and take-out restaurants"
2013,132.7,"Food purchased from cafeterias and other restaurants"
2013,128.7,"Shelter"
2013,115.4,"Rented accommodation"
2013,115.4,"Rent"
2013,105,"Tenants' insurance premiums"
2013,127,"Tenants' maintenance, repairs and other expenses"
2013,130.8,"Owned accommodation"
2013,105.5,"Mortgage interest cost"
2013,150.4,"Homeowners' replacement cost"
2013,141.7,"Property taxes and other special charges"
2013,179.7,"Homeowners' home and mortgage insurance"
2013,127.1,"Homeowners' maintenance and repairs"
2013,151.3,"Other owned accommodation expenses"
2013,143,"Water, fuel and electricity"
2013,132.3,"Electricity"
2013,199.2,"Water"
2013,106.8,"Natural gas"
2013,240.4,"Fuel oil and other fuels"
2013,114.4,"Household operations, furnishings and equipment"
2013,126.2,"Household operations"
2013,117,"Communications"
2013,116.4,"Telephone services"
2013,151.1,"Postal and other communications services"
2013,144,"Child care and housekeeping services"
2013,143.2,"Child care services"
2013,146.1,"Housekeeping services"
2013,110.8,"Household cleaning products"
2013,96.3,"Detergents and soaps (other than personal care)"
2013,131.3,"Other household cleaning products"
2013,120.6,"Paper, plastic and aluminum foil supplies"
2013,121.8,"Paper supplies"
2013,117.7,"Plastic and aluminum foil supplies"
2013,135.7,"Other household goods and services"
2013,129.3,"Pet food and supplies"
2013,113.3,"Seeds, plants and cut flowers"
2013,107.4,"Other horticultural goods"
2013,113,"Other household supplies"
2013,162.7,"Other household services"
2013,94.2,"Household furnishings and equipment"
2013,94.3,"Furniture and household textiles"
2013,91.6,"Furniture"
2013,91.8,"Upholstered furniture"
2013,95.1,"Wooden furniture"
2013,88.9,"Other furniture"
2013,104.4,"Household textiles"
2013,125.5,"Window coverings"
2013,94.9,"Bedding and other household textiles"
2013,98.2,"Area rugs and mats"
2013,85,"Household equipment"
2013,83.4,"Household appliances"
2013,83,"Cooking appliances"
2013,80.8,"Refrigerators and freezers"
2013,86.1,"Laundry and dishwashing appliances"
2013,84.2,"Other household appliances"
2013,78.8,"Non-electric kitchen utensils, tableware and cookware"
2013,87.6,"Tools and other household equipment"
2013,87.7,"Household tools (including lawn, garden and snow removal equipment)"
2013,87.5,"Other household equipment"
2013,163.9,"Services related to household furnishings and equipment"
2013,92.1,"Clothing and footwear"
2013,82.2,"Clothing"
2013,78,"Women's clothing"
2013,91.2,"Men's clothing"
2013,75,"Children's clothing"
2013,92.6,"Footwear"
2013,90.1,"Women's footwear (excluding athletic)"
2013,97.8,"Men's footwear (excluding athletic)"
2013,94.4,"Children's footwear (excluding athletic)"
2013,90.8,"Athletic footwear"
2013,132.8,"Clothing accessories, watches and jewellery"
2013,95.9,"Leather clothing accessories"
2013,82,"Other clothing accessories"
2013,110.3,"Watches"
2013,180.2,"Jewellery"
2013,134.9,"Clothing material, notions and services"
2013,106.8,"Clothing material and notions"
2013,128.1,"Laundry services"
2013,149.3,"Dry cleaning services"
2013,143.4,"Other clothing services"
2013,129,"Transportation"
2013,128.5,"Private transportation"
2013,92.5,"Purchase, leasing and rental of passenger vehicles"
2013,92.3,"Purchase and leasing of passenger vehicles"
2013,93.1,"Purchase of passenger vehicles"
2013,88,"Leasing of passenger vehicles"
2013,108.7,"Rental of passenger vehicles"
2013,163.1,"Operation of passenger vehicles"
2013,183.4,"Gasoline"
2013,132.9,"Passenger vehicle parts, maintenance and repairs"
2013,130.1,"Passenger vehicle parts, accessories and supplies"
2013,134.4,"Passenger vehicle maintenance and repair services"
2013,157.4,"Other passenger vehicle operating expenses"
2013,160.9,"Passenger vehicle insurance premiums"
2013,117.1,"Passenger vehicle registration fees"
2013,160.1,"Drivers' licences"
2013,167.6,"Parking fees"
2013,137.7,"All other passenger vehicle operating expenses"
2013,133.4,"Public transportation"
2013,145.2,"Local and commuter transportation"
2013,145.3,"City bus and subway transportation"
2013,143.5,"Taxi and other local and commuter transportation services"
2013,126.8,"Inter-city transportation"
2013,124.4,"Air transportation"
2013,133.7,"Rail, highway bus and other inter-city transportation"
2013,118.3,"Health and personal care"
2013,120.5,"Health care"
2013,103.6,"Health care goods"
2013,100.4,"Medicinal and pharmaceutical products"
2013,91.2,"Prescribed medicines (excluding medicinal cannabis)"
2013,116.9,"Non-prescribed medicines"
2013,111.5,"Eye care goods"
2013,109.2,"Other health care goods"
2013,145.7,"Health care services"
2013,142.2,"Dental care services"
2013,157,"Other health care services"
2013,116.2,"Personal care"
2013,105.8,"Personal care supplies and equipment"
2013,110.3,"Personal soap"
2013,102.2,"Toiletry items and cosmetics"
2013,124.3,"Oral-hygiene products"
2013,103.3,"Other personal care supplies and equipment"
2013,131.4,"Personal care services"
2013,106.2,"Recreation, education and reading"
2013,95.4,"Recreation"
2013,55.4,"Recreational equipment and services (excluding recreational vehicles)"
2013,80.7,"Sporting and exercise equipment"
2013,93.9,"Toys, games (excluding video games) and hobby supplies"
2013,22.1,"Digital computing equipment and devices"
2013,32.2,"Photographic equipment and supplies"
2013,73.9,"Other recreational equipment"
2013,104.5,"Recreational services"
2013,116.6,"Purchase and operation of recreational vehicles"
2013,98.4,"Purchase of recreational vehicles and outboard motors"
2013,150.9,"Operation of recreational vehicles"
2013,162.6,"Fuel, parts and accessories for recreational vehicles"
2013,144.5,"Insurance, licences and other services for recreational vehicles"
2013,60,"Home entertainment equipment, parts and services"
2013,53.9,"Audio equipment"
2013,32.5,"Video equipment"
2013,109.4,"Rental of digital media"
2013,82.4,"Purchase of digital media"
2013,153.8,"Other home entertainment equipment, parts and services"
2013,93.7,"Travel services"
2013,84.2,"Traveller accommodation"
2013,100.9,"Travel tours"
2013,148.2,"Other cultural and recreational services"
2013,134.3,"Spectator entertainment (excluding video and audio subscription services)"
2013,162.8,"Video and audio subscription services"
2013,138.8,"Use of recreational facilities and services"
2013,141.6,"Education and reading"
2013,147.4,"Education"
2013,154,"Tuition fees"
2013,131.3,"School textbooks and supplies"
2013,129.8,"Other lessons, courses and education services"
2013,119.2,"Reading material (excluding textbooks)"
2013,150.5,"Newspapers"
2013,128.9,"Magazines and periodicals"
2013,91.7,"Books and reading material (excluding textbooks)"
2013,140.4,"Alcoholic beverages, tobacco products and recreational cannabis"
2013,118.9,"Alcoholic beverages"
2013,131.3,"Alcoholic beverages served in licensed establishments"
2013,136.1,"Beer served in licensed establishments"
2013,119.7,"Wine served in licensed establishments"
2013,132,"Liquor served in licensed establishments"
2013,113.3,"Alcoholic beverages purchased from stores"
2013,116.7,"Beer purchased from stores"
2013,106.2,"Wine purchased from stores"
2013,113.9,"Liquor purchased from stores"
2013,162.3,"Tobacco products and smokers' supplies"
2013,162.1,"Cigarettes"
2013,165.9,"Other tobacco products and smokers' supplies"
2013,121,"All-items excluding eight of the most volatile components as defined by the Bank of Canada and excluding the effect of changes in indirect taxes"
2013,120.4,"All-items excluding eight of the most volatile components as defined by the Bank of Canada"
2013,120.9,"All-items excluding food"
2013,117.2,"All-items excluding food and energy"
2013,124,"All-items excluding mortgage interest cost"
2013,122.1,"All-items excluding alcoholic beverages, tobacco products and smokers' supplies and recreational cannabis"
2013,122.9,"All-items excluding alcoholic beverages and recreational cannabis"
2013,122.1,"All-items excluding tobacco products and smokers' supplies and recreational cannabis"
2013,120.5,"All-items excluding shelter"
2013,119.9,"All-items excluding energy"
2013,120.6,"All-items excluding gasoline"
2013,118.8,"All-items excluding shelter, insurance and financial services"
2013,113.8,"Private transportation excluding gasoline"
2013,140.6,"Food and energy"
2013,114.4,"Fresh fruit and vegetables"
2013,159.6,"Energy"
2013,123.6,"Housing (1986 definition)"
2013,127.2,"Shelter (1986 definition)"
2013,122.8,"Goods and services"
2013,114.6,"Goods"
2013,85.3,"Durable goods"
2013,93.6,"Semi-durable goods"
2013,137.3,"Non-durable goods"
2013,141.1,"Non-durable goods excluding food purchased from stores"
2013,123,"Non-durable goods excluding food purchased from stores and energy"
2013,109.2,"Goods excluding food purchased from stores"
2013,96.5,"Goods excluding food purchased from stores and energy"
2013,131,"Services"
2013,133.3,"Services excluding shelter services"
2014,125.2,"All-items"
2014,135.5,"Food"
2014,135.6,"Food purchased from stores"
2014,145.6,"Meat"
2014,151.6,"Fresh or frozen meat (excluding poultry)"
2014,158.2,"Fresh or frozen beef"
2014,136.7,"Fresh or frozen pork"
2014,141.1,"Other fresh or frozen meat (excluding poultry)"
2014,144.6,"Fresh or frozen poultry"
2014,148,"Fresh or frozen chicken"
2014,125.4,"Other fresh or frozen poultry"
2014,138,"Processed meat"
2014,132.9,"Ham and bacon"
2014,143.7,"Other processed meat"
2014,123.4,"Fish, seafood and other marine products"
2014,128.4,"Fish"
2014,126.7,"Fresh or frozen fish (including portions and fish sticks)"
2014,132.1,"Canned and other preserved fish"
2014,109.3,"Seafood and other marine products"
2014,135.5,"Dairy products and eggs"
2014,134,"Dairy products"
2014,137.5,"Fresh milk"
2014,131.7,"Butter"
2014,131.6,"Cheese"
2014,132.1,"Ice cream and related products"
2014,134.6,"Other dairy products"
2014,153.3,"Eggs"
2014,151.4,"Bakery and cereal products (excluding baby food)"
2014,160.4,"Bakery products"
2014,184.7,"Bread, rolls and buns"
2014,132.1,"Cookies and crackers"
2014,144.5,"Other bakery products"
2014,135.5,"Cereal products (excluding baby food)"
2014,135.6,"Rice and rice-based mixes"
2014,125.4,"Breakfast cereal and other cereal products (excluding baby food)"
2014,149,"Pasta products"
2014,149,"Flour and flour-based mixes"
2014,125.8,"Fruit, fruit preparations and nuts"
2014,121.8,"Fresh fruit"
2014,134.7,"Apples"
2014,123.4,"Oranges"
2014,139.1,"Bananas"
2014,113.6,"Other fresh fruit"
2014,126,"Preserved fruit and fruit preparations"
2014,129.3,"Fruit juices"
2014,118.2,"Other preserved fruit and fruit preparations"
2014,145.7,"Nuts and seeds"
2014,122.5,"Vegetables and vegetable preparations"
2014,118.6,"Fresh vegetables"
2014,107.6,"Potatoes"
2014,107.5,"Tomatoes"
2014,106.8,"Lettuce"
2014,129.5,"Other fresh vegetables"
2014,137.5,"Preserved vegetables and vegetable preparations"
2014,138.8,"Frozen and dried vegetables"
2014,138,"Canned vegetables and other vegetable preparations"
2014,129.9,"Other food products and non-alcoholic beverages"
2014,137.3,"Sugar and confectionery"
2014,123.5,"Sugar and syrup"
2014,140.4,"Confectionery"
2014,145.2,"Edible fats and oils"
2014,157.7,"Margarine"
2014,133.7,"Other edible fats and oils"
2014,133.6,"Coffee and tea"
2014,135.8,"Coffee"
2014,128.1,"Tea"
2014,121.2,"Condiments, spices and vinegars"
2014,131.7,"Other food preparations"
2014,129,"Soup"
2014,134.3,"Baby foods"
2014,123.6,"Frozen food preparations"
2014,138.1,"All other food preparations"
2014,122.3,"Non-alcoholic beverages"
2014,135.2,"Food purchased from restaurants"
2014,136.6,"Food purchased from table-service restaurants"
2014,132,"Food purchased from fast food and take-out restaurants"
2014,135.3,"Food purchased from cafeterias and other restaurants"
2014,132.2,"Shelter"
2014,117.1,"Rented accommodation"
2014,117.1,"Rent"
2014,104.5,"Tenants' insurance premiums"
2014,129.4,"Tenants' maintenance, repairs and other expenses"
2014,133.1,"Owned accommodation"
2014,105.3,"Mortgage interest cost"
2014,152.5,"Homeowners' replacement cost"
2014,145.9,"Property taxes and other special charges"
2014,192.6,"Homeowners' home and mortgage insurance"
2014,128.4,"Homeowners' maintenance and repairs"
2014,153.5,"Other owned accommodation expenses"
2014,153.9,"Water, fuel and electricity"
2014,138.4,"Electricity"
2014,211.4,"Water"
2014,124.7,"Natural gas"
2014,252.6,"Fuel oil and other fuels"
2014,116.6,"Household operations, furnishings and equipment"
2014,129.9,"Household operations"
2014,122.8,"Communications"
2014,120.4,"Telephone services"
2014,183.7,"Postal and other communications services"
2014,146.9,"Child care and housekeeping services"
2014,146,"Child care services"
2014,149.1,"Housekeeping services"
2014,111.2,"Household cleaning products"
2014,96.4,"Detergents and soaps (other than personal care)"
2014,131.9,"Other household cleaning products"
2014,121.8,"Paper, plastic and aluminum foil supplies"
2014,123.1,"Paper supplies"
2014,118.5,"Plastic and aluminum foil supplies"
2014,138.5,"Other household goods and services"
2014,130.1,"Pet food and supplies"
2014,115.5,"Seeds, plants and cut flowers"
2014,110.2,"Other horticultural goods"
2014,113.4,"Other household supplies"
2014,168.8,"Other household services"
2014,93.7,"Household furnishings and equipment"
2014,93.1,"Furniture and household textiles"
2014,90.3,"Furniture"
2014,91.9,"Upholstered furniture"
2014,94.9,"Wooden furniture"
2014,85.4,"Other furniture"
2014,103.4,"Household textiles"
2014,124.4,"Window coverings"
2014,93.1,"Bedding and other household textiles"
2014,98.7,"Area rugs and mats"
2014,84.5,"Household equipment"
2014,82.8,"Household appliances"
2014,82.5,"Cooking appliances"
2014,80.8,"Refrigerators and freezers"
2014,85,"Laundry and dishwashing appliances"
2014,83.9,"Other household appliances"
2014,77,"Non-electric kitchen utensils, tableware and cookware"
2014,87.7,"Tools and other household equipment"
2014,87.8,"Household tools (including lawn, garden and snow removal equipment)"
2014,87.6,"Other household equipment"
2014,169.1,"Services related to household furnishings and equipment"
2014,93.2,"Clothing and footwear"
2014,83.1,"Clothing"
2014,78.9,"Women's clothing"
2014,92,"Men's clothing"
2014,76.3,"Children's clothing"
2014,93.6,"Footwear"
2014,91.4,"Women's footwear (excluding athletic)"
2014,99,"Men's footwear (excluding athletic)"
2014,98.1,"Children's footwear (excluding athletic)"
2014,90.9,"Athletic footwear"
2014,133.6,"Clothing accessories, watches and jewellery"
2014,95.9,"Leather clothing accessories"
2014,82.3,"Other clothing accessories"
2014,111.3,"Watches"
2014,181.8,"Jewellery"
2014,138.6,"Clothing material, notions and services"
2014,108.5,"Clothing material and notions"
2014,133.9,"Laundry services"
2014,151.6,"Dry cleaning services"
2014,148.5,"Other clothing services"
2014,130.4,"Transportation"
2014,129.9,"Private transportation"
2014,93.7,"Purchase, leasing and rental of passenger vehicles"
2014,93.6,"Purchase and leasing of passenger vehicles"
2014,94.3,"Purchase of passenger vehicles"
2014,89.1,"Leasing of passenger vehicles"
2014,108.3,"Rental of passenger vehicles"
2014,164.5,"Operation of passenger vehicles"
2014,183.8,"Gasoline"
2014,133.6,"Passenger vehicle parts, maintenance and repairs"
2014,128.2,"Passenger vehicle parts, accessories and supplies"
2014,136.7,"Passenger vehicle maintenance and repair services"
2014,160.3,"Other passenger vehicle operating expenses"
2014,163.5,"Passenger vehicle insurance premiums"
2014,120.7,"Passenger vehicle registration fees"
2014,161.1,"Drivers' licences"
2014,173.3,"Parking fees"
2014,136.8,"All other passenger vehicle operating expenses"
2014,134.9,"Public transportation"
2014,148.9,"Local and commuter transportation"
2014,149.8,"City bus and subway transportation"
2014,145.1,"Taxi and other local and commuter transportation services"
2014,127.2,"Inter-city transportation"
2014,125.1,"Air transportation"
2014,129.6,"Rail, highway bus and other inter-city transportation"
2014,119,"Health and personal care"
2014,121.6,"Health care"
2014,102.8,"Health care goods"
2014,99.3,"Medicinal and pharmaceutical products"
2014,89.7,"Prescribed medicines (excluding medicinal cannabis)"
2014,116.6,"Non-prescribed medicines"
2014,112,"Eye care goods"
2014,108.7,"Other health care goods"
2014,150.7,"Health care services"
2014,147.1,"Dental care services"
2014,163.1,"Other health care services"
2014,116.5,"Personal care"
2014,105.2,"Personal care supplies and equipment"
2014,108.1,"Personal soap"
2014,101.7,"Toiletry items and cosmetics"
2014,121.8,"Oral-hygiene products"
2014,103.4,"Other personal care supplies and equipment"
2014,133.3,"Personal care services"
2014,107.4,"Recreation, education and reading"
2014,95.7,"Recreation"
2014,54.5,"Recreational equipment and services (excluding recreational vehicles)"
2014,81.3,"Sporting and exercise equipment"
2014,93,"Toys, games (excluding video games) and hobby supplies"
2014,21,"Digital computing equipment and devices"
2014,29.9,"Photographic equipment and supplies"
2014,74.2,"Other recreational equipment"
2014,112,"Recreational services"
2014,119.2,"Purchase and operation of recreational vehicles"
2014,100.9,"Purchase of recreational vehicles and outboard motors"
2014,153,"Operation of recreational vehicles"
2014,162.6,"Fuel, parts and accessories for recreational vehicles"
2014,147.4,"Insurance, licences and other services for recreational vehicles"
2014,57.3,"Home entertainment equipment, parts and services"
2014,51.6,"Audio equipment"
2014,30.5,"Video equipment"
2014,109.6,"Rental of digital media"
2014,80.1,"Purchase of digital media"
2014,159.2,"Other home entertainment equipment, parts and services"
2014,93.7,"Travel services"
2014,85.9,"Traveller accommodation"
2014,98,"Travel tours"
2014,151.4,"Other cultural and recreational services"
2014,137.1,"Spectator entertainment (excluding video and audio subscription services)"
2014,166.6,"Video and audio subscription services"
2014,141.3,"Use of recreational facilities and services"
2014,146.6,"Education and reading"
2014,151.8,"Education"
2014,158.9,"Tuition fees"
2014,135.5,"School textbooks and supplies"
2014,132.4,"Other lessons, courses and education services"
2014,127.7,"Reading material (excluding textbooks)"
2014,156.5,"Newspapers"
2014,133.1,"Magazines and periodicals"
2014,100,"Books and reading material (excluding textbooks)"
2014,146.6,"Alcoholic beverages, tobacco products and recreational cannabis"
2014,119.9,"Alcoholic beverages"
2014,133.1,"Alcoholic beverages served in licensed establishments"
2014,138.1,"Beer served in licensed establishments"
2014,121.1,"Wine served in licensed establishments"
2014,134,"Liquor served in licensed establishments"
2014,114.1,"Alcoholic beverages purchased from stores"
2014,118,"Beer purchased from stores"
2014,106,"Wine purchased from stores"
2014,115.1,"Liquor purchased from stores"
2014,177.1,"Tobacco products and smokers' supplies"
2014,176.9,"Cigarettes"
2014,180.7,"Other tobacco products and smokers' supplies"
2014,123.2,"All-items excluding eight of the most volatile components as defined by the Bank of Canada and excluding the effect of changes in indirect taxes"
2014,122.5,"All-items excluding eight of the most volatile components as defined by the Bank of Canada"
2014,123.1,"All-items excluding food"
2014,119,"All-items excluding food and energy"
2014,126.4,"All-items excluding mortgage interest cost"
2014,124.4,"All-items excluding alcoholic beverages, tobacco products and smokers' supplies and recreational cannabis"
2014,125.3,"All-items excluding alcoholic beverages and recreational cannabis"
2014,124.3,"All-items excluding tobacco products and smokers' supplies and recreational cannabis"
2014,122.5,"All-items excluding shelter"
2014,122,"All-items excluding energy"
2014,122.9,"All-items excluding gasoline"
2014,120.7,"All-items excluding shelter, insurance and financial services"
2014,115.4,"Private transportation excluding gasoline"
2014,144.5,"Food and energy"
2014,120.3,"Fresh fruit and vegetables"
2014,165.3,"Energy"
2014,126.6,"Housing (1986 definition)"
2014,130.5,"Shelter (1986 definition)"
2014,125.2,"Goods and services"
2014,116.5,"Goods"
2014,85.5,"Durable goods"
2014,94.6,"Semi-durable goods"
2014,140.8,"Non-durable goods"
2014,144.8,"Non-durable goods excluding food purchased from stores"
2014,124.9,"Non-durable goods excluding food purchased from stores and energy"
2014,110.8,"Goods excluding food purchased from stores"
2014,97.3,"Goods excluding food purchased from stores and energy"
2014,133.7,"Services"
2014,136.4,"Services excluding shelter services"
2015,126.6,"All-items"
2015,140.5,"Food"
2015,141.2,"Food purchased from stores"
2015,156.6,"Meat"
2015,169.6,"Fresh or frozen meat (excluding poultry)"
2015,182.1,"Fresh or frozen beef"
2015,143.9,"Fresh or frozen pork"
2015,150.7,"Other fresh or frozen meat (excluding poultry)"
2015,149.8,"Fresh or frozen poultry"
2015,154.8,"Fresh or frozen chicken"
2015,126.1,"Other fresh or frozen poultry"
2015,144.8,"Processed meat"
2015,139.3,"Ham and bacon"
2015,150.9,"Other processed meat"
2015,125.4,"Fish, seafood and other marine products"
2015,130.1,"Fish"
2015,128.2,"Fresh or frozen fish (including portions and fish sticks)"
2015,135,"Canned and other preserved fish"
2015,112,"Seafood and other marine products"
2015,136.8,"Dairy products and eggs"
2015,135.2,"Dairy products"
2015,137.6,"Fresh milk"
2015,133.9,"Butter"
2015,133.5,"Cheese"
2015,129.8,"Ice cream and related products"
2015,136.5,"Other dairy products"
2015,155.6,"Eggs"
2015,154.7,"Bakery and cereal products (excluding baby food)"
2015,163.3,"Bakery products"
2015,188.5,"Bread, rolls and buns"
2015,137.1,"Cookies and crackers"
2015,144.8,"Other bakery products"
2015,139.1,"Cereal products (excluding baby food)"
2015,140.2,"Rice and rice-based mixes"
2015,126.4,"Breakfast cereal and other cereal products (excluding baby food)"
2015,163.6,"Pasta products"
2015,151.4,"Flour and flour-based mixes"
2015,132.4,"Fruit, fruit preparations and nuts"
2015,129.5,"Fresh fruit"
2015,133.5,"Apples"
2015,131.4,"Oranges"
2015,142.4,"Bananas"
2015,123.7,"Other fresh fruit"
2015,130.3,"Preserved fruit and fruit preparations"
2015,134.2,"Fruit juices"
2015,121.9,"Other preserved fruit and fruit preparations"
2015,150,"Nuts and seeds"
2015,130.8,"Vegetables and vegetable preparations"
2015,128.2,"Fresh vegetables"
2015,103.4,"Potatoes"
2015,116.5,"Tomatoes"
2015,126.9,"Lettuce"
2015,141.2,"Other fresh vegetables"
2015,141.2,"Preserved vegetables and vegetable preparations"
2015,142.4,"Frozen and dried vegetables"
2015,141.8,"Canned vegetables and other vegetable preparations"
2015,133.7,"Other food products and non-alcoholic beverages"
2015,138.7,"Sugar and confectionery"
2015,121.5,"Sugar and syrup"
2015,142.4,"Confectionery"
2015,149.5,"Edible fats and oils"
2015,158.9,"Margarine"
2015,139.5,"Other edible fats and oils"
2015,136.7,"Coffee and tea"
2015,139.4,"Coffee"
2015,129.6,"Tea"
2015,125.5,"Condiments, spices and vinegars"
2015,137.8,"Other food preparations"
2015,138.1,"Soup"
2015,139.3,"Baby foods"
2015,126.9,"Frozen food preparations"
2015,145.3,"All other food preparations"
2015,123.5,"Non-alcoholic beverages"
2015,138.9,"Food purchased from restaurants"
2015,140.3,"Food purchased from table-service restaurants"
2015,135.7,"Food purchased from fast food and take-out restaurants"
2015,139,"Food purchased from cafeterias and other restaurants"
2015,133.7,"Shelter"
2015,118.5,"Rented accommodation"
2015,118.5,"Rent"
2015,107.3,"Tenants' insurance premiums"
2015,132.9,"Tenants' maintenance, repairs and other expenses"
2015,135.2,"Owned accommodation"
2015,104.2,"Mortgage interest cost"
2015,154,"Homeowners' replacement cost"
2015,149.4,"Property taxes and other special charges"
2015,209.5,"Homeowners' home and mortgage insurance"
2015,132,"Homeowners' maintenance and repairs"
2015,155.8,"Other owned accommodation expenses"
2015,153,"Water, fuel and electricity"
2015,142.9,"Electricity"
2015,220.9,"Water"
2015,116.7,"Natural gas"
2015,203.9,"Fuel oil and other fuels"
2015,119.7,"Household operations, furnishings and equipment"
2015,133.5,"Household operations"
2015,127.1,"Communications"
2015,123.7,"Telephone services"
2015,195.4,"Postal and other communications services"
2015,151.2,"Child care and housekeeping services"
2015,150.6,"Child care services"
2015,152.9,"Housekeeping services"
2015,112.5,"Household cleaning products"
2015,97.2,"Detergents and soaps (other than personal care)"
2015,133.5,"Other household cleaning products"
2015,124,"Paper, plastic and aluminum foil supplies"
2015,125.3,"Paper supplies"
2015,120.6,"Plastic and aluminum foil supplies"
2015,141.6,"Other household goods and services"
2015,134.5,"Pet food and supplies"
2015,120,"Seeds, plants and cut flowers"
2015,110.2,"Other horticultural goods"
2015,114.6,"Other household supplies"
2015,173.3,"Other household services"
2015,96.2,"Household furnishings and equipment"
2015,95.8,"Furniture and household textiles"
2015,93.1,"Furniture"
2015,95.5,"Upholstered furniture"
2015,96.8,"Wooden furniture"
2015,87.1,"Other furniture"
2015,105.9,"Household textiles"
2015,124.2,"Window coverings"
2015,95.9,"Bedding and other household textiles"
2015,104.1,"Area rugs and mats"
2015,86.5,"Household equipment"
2015,86.1,"Household appliances"
2015,86.3,"Cooking appliances"
2015,85.3,"Refrigerators and freezers"
2015,89.9,"Laundry and dishwashing appliances"
2015,85,"Other household appliances"
2015,77.9,"Non-electric kitchen utensils, tableware and cookware"
2015,88.7,"Tools and other household equipment"
2015,89,"Household tools (including lawn, garden and snow removal equipment)"
2015,88.3,"Other household equipment"
2015,175.7,"Services related to household furnishings and equipment"
2015,94.6,"Clothing and footwear"
2015,84.5,"Clothing"
2015,79.9,"Women's clothing"
2015,93.7,"Men's clothing"
2015,78.5,"Children's clothing"
2015,94.3,"Footwear"
2015,92.4,"Women's footwear (excluding athletic)"
2015,97,"Men's footwear (excluding athletic)"
2015,101.1,"Children's footwear (excluding athletic)"
2015,91.8,"Athletic footwear"
2015,135.6,"Clothing accessories, watches and jewellery"
2015,98.1,"Leather clothing accessories"
2015,83.5,"Other clothing accessories"
2015,111.9,"Watches"
2015,184.5,"Jewellery"
2015,141.2,"Clothing material, notions and services"
2015,112,"Clothing material and notions"
2015,135.8,"Laundry services"
2015,153.6,"Dry cleaning services"
2015,152.1,"Other clothing services"
2015,126.5,"Transportation"
2015,125.4,"Private transportation"
2015,95.1,"Purchase, leasing and rental of passenger vehicles"
2015,95,"Purchase and leasing of passenger vehicles"
2015,95.8,"Purchase of passenger vehicles"
2015,90.3,"Leasing of passenger vehicles"
2015,104.6,"Rental of passenger vehicles"
2015,152.9,"Operation of passenger vehicles"
2015,153.4,"Gasoline"
2015,135.6,"Passenger vehicle parts, maintenance and repairs"
2015,129,"Passenger vehicle parts, accessories and supplies"
2015,139.6,"Passenger vehicle maintenance and repair services"
2015,161.9,"Other passenger vehicle operating expenses"
2015,164.4,"Passenger vehicle insurance premiums"
2015,127.2,"Passenger vehicle registration fees"
2015,162.5,"Drivers' licences"
2015,176.4,"Parking fees"
2015,137.7,"All other passenger vehicle operating expenses"
2015,136.5,"Public transportation"
2015,151.8,"Local and commuter transportation"
2015,153.4,"City bus and subway transportation"
2015,146,"Taxi and other local and commuter transportation services"
2015,128.2,"Inter-city transportation"
2015,125.9,"Air transportation"
2015,133,"Rail, highway bus and other inter-city transportation"
2015,120.5,"Health and personal care"
2015,123.1,"Health care"
2015,103.1,"Health care goods"
2015,99.5,"Medicinal and pharmaceutical products"
2015,89.5,"Prescribed medicines (excluding medicinal cannabis)"
2015,117.7,"Non-prescribed medicines"
2015,112.2,"Eye care goods"
2015,111.4,"Other health care goods"
2015,154.7,"Health care services"
2015,151.3,"Dental care services"
2015,167,"Other health care services"
2015,118.1,"Personal care"
2015,105.8,"Personal care supplies and equipment"
2015,110,"Personal soap"
2015,101.9,"Toiletry items and cosmetics"
2015,121.3,"Oral-hygiene products"
2015,104.8,"Other personal care supplies and equipment"
2015,136.6,"Personal care services"
2015,109.4,"Recreation, education and reading"
2015,97,"Recreation"
2015,54.6,"Recreational equipment and services (excluding recreational vehicles)"
2015,83.1,"Sporting and exercise equipment"
2015,92.5,"Toys, games (excluding video games) and hobby supplies"
2015,20.9,"Digital computing equipment and devices"
2015,28.3,"Photographic equipment and supplies"
2015,75,"Other recreational equipment"
2015,114.3,"Recreational services"
2015,122.1,"Purchase and operation of recreational vehicles"
2015,104.6,"Purchase of recreational vehicles and outboard motors"
2015,151.3,"Operation of recreational vehicles"
2015,149.1,"Fuel, parts and accessories for recreational vehicles"
2015,150.4,"Insurance, licences and other services for recreational vehicles"
2015,55.4,"Home entertainment equipment, parts and services"
2015,51.6,"Audio equipment"
2015,28.9,"Video equipment"
2015,109.3,"Rental of digital media"
2015,77.6,"Purchase of digital media"
2015,165.8,"Other home entertainment equipment, parts and services"
2015,96.1,"Travel services"
2015,90.4,"Traveller accommodation"
2015,97.9,"Travel tours"
2015,154.7,"Other cultural and recreational services"
2015,139.2,"Spectator entertainment (excluding video and audio subscription services)"
2015,170.7,"Video and audio subscription services"
2015,144.4,"Use of recreational facilities and services"
2015,151.3,"Education and reading"
2015,156.4,"Education"
2015,163.7,"Tuition fees"
2015,139.9,"School textbooks and supplies"
2015,136,"Other lessons, courses and education services"
2015,133.8,"Reading material (excluding textbooks)"
2015,164,"Newspapers"
2015,135.5,"Magazines and periodicals"
2015,105.4,"Books and reading material (excluding textbooks)"
2015,152,"Alcoholic beverages, tobacco products and recreational cannabis"
2015,122.7,"Alcoholic beverages"
2015,135.1,"Alcoholic beverages served in licensed establishments"
2015,140.7,"Beer served in licensed establishments"
2015,122.8,"Wine served in licensed establishments"
2015,135.1,"Liquor served in licensed establishments"
2015,117.1,"Alcoholic beverages purchased from stores"
2015,123.8,"Beer purchased from stores"
2015,106.6,"Wine purchased from stores"
2015,116.1,"Liquor purchased from stores"
2015,187,"Tobacco products and smokers' supplies"
2015,186.8,"Cigarettes"
2015,190.7,"Other tobacco products and smokers' supplies"
2015,125.9,"All-items excluding eight of the most volatile components as defined by the Bank of Canada and excluding the effect of changes in indirect taxes"
2015,125.2,"All-items excluding eight of the most volatile components as defined by the Bank of Canada"
2015,123.9,"All-items excluding food"
2015,121.2,"All-items excluding food and energy"
2015,128,"All-items excluding mortgage interest cost"
2015,125.7,"All-items excluding alcoholic beverages, tobacco products and smokers' supplies and recreational cannabis"
2015,126.6,"All-items excluding alcoholic beverages and recreational cannabis"
2015,125.6,"All-items excluding tobacco products and smokers' supplies and recreational cannabis"
2015,123.9,"All-items excluding shelter"
2015,124.6,"All-items excluding energy"
2015,125.4,"All-items excluding gasoline"
2015,122.1,"All-items excluding shelter, insurance and financial services"
2015,116.9,"Private transportation excluding gasoline"
2015,143.1,"Food and energy"
2015,129.1,"Fresh fruit and vegetables"
2015,149.5,"Energy"
2015,128.8,"Housing (1986 definition)"
2015,132.2,"Shelter (1986 definition)"
2015,126.6,"Goods and services"
2015,116.8,"Goods"
2015,86.8,"Durable goods"
2015,96,"Semi-durable goods"
2015,139.8,"Non-durable goods"
2015,138.7,"Non-durable goods excluding food purchased from stores"
2015,127.7,"Non-durable goods excluding food purchased from stores and energy"
2015,109.6,"Goods excluding food purchased from stores"
2015,99,"Goods excluding food purchased from stores and energy"
2015,136.4,"Services"
2015,139.4,"Services excluding shelter services"
2016,128.4,"All-items"
2016,142.6,"Food"
2016,142.6,"Food purchased from stores"
2016,157.2,"Meat"
2016,167.8,"Fresh or frozen meat (excluding poultry)"
2016,180.1,"Fresh or frozen beef"
2016,141.6,"Fresh or frozen pork"
2016,152.6,"Other fresh or frozen meat (excluding poultry)"
2016,150.7,"Fresh or frozen poultry"
2016,155.4,"Fresh or frozen chicken"
2016,128.4,"Other fresh or frozen poultry"
2016,147.8,"Processed meat"
2016,140.4,"Ham and bacon"
2016,154.3,"Other processed meat"
2016,130.3,"Fish, seafood and other marine products"
2016,137.5,"Fish"
2016,136.4,"Fresh or frozen fish (including portions and fish sticks)"
2016,137.8,"Canned and other preserved fish"
2016,112.2,"Seafood and other marine products"
2016,135.7,"Dairy products and eggs"
2016,134.1,"Dairy products"
2016,138.9,"Fresh milk"
2016,137.8,"Butter"
2016,130.4,"Cheese"
2016,126.4,"Ice cream and related products"
2016,135.2,"Other dairy products"
2016,154.1,"Eggs"
2016,154.2,"Bakery and cereal products (excluding baby food)"
2016,164.1,"Bakery products"
2016,186.8,"Bread, rolls and buns"
2016,140.4,"Cookies and crackers"
2016,146.4,"Other bakery products"
2016,136.9,"Cereal products (excluding baby food)"
2016,143.1,"Rice and rice-based mixes"
2016,123.9,"Breakfast cereal and other cereal products (excluding baby food)"
2016,159.2,"Pasta products"
2016,149.5,"Flour and flour-based mixes"
2016,135.9,"Fruit, fruit preparations and nuts"
2016,133.7,"Fresh fruit"
2016,149,"Apples"
2016,132.4,"Oranges"
2016,139.6,"Bananas"
2016,127.6,"Other fresh fruit"
2016,131.2,"Preserved fruit and fruit preparations"
2016,133.2,"Fruit juices"
2016,125.7,"Other preserved fruit and fruit preparations"
2016,153.8,"Nuts and seeds"
2016,135.4,"Vegetables and vegetable preparations"
2016,134,"Fresh vegetables"
2016,103.7,"Potatoes"
2016,116.5,"Tomatoes"
2016,119.7,"Lettuce"
2016,150.8,"Other fresh vegetables"
2016,141.3,"Preserved vegetables and vegetable preparations"
2016,142.3,"Frozen and dried vegetables"
2016,141.8,"Canned vegetables and other vegetable preparations"
2016,134.8,"Other food products and non-alcoholic beverages"
2016,139.9,"Sugar and confectionery"
2016,120.4,"Sugar and syrup"
2016,144.1,"Confectionery"
2016,150.2,"Edible fats and oils"
2016,152.1,"Margarine"
2016,144.1,"Other edible fats and oils"
2016,135,"Coffee and tea"
2016,137.6,"Coffee"
2016,128.1,"Tea"
2016,124.3,"Condiments, spices and vinegars"
2016,140.4,"Other food preparations"
2016,142.2,"Soup"
2016,142.8,"Baby foods"
2016,126.3,"Frozen food preparations"
2016,149.5,"All other food preparations"
2016,125.2,"Non-alcoholic beverages"
2016,142.5,"Food purchased from restaurants"
2016,144.1,"Food purchased from table-service restaurants"
2016,138.8,"Food purchased from fast food and take-out restaurants"
2016,142.6,"Food purchased from cafeterias and other restaurants"
2016,135.8,"Shelter"
2016,119.3,"Rented accommodation"
2016,119.2,"Rent"
2016,110.1,"Tenants' insurance premiums"
2016,135.7,"Tenants' maintenance, repairs and other expenses"
2016,138.1,"Owned accommodation"
2016,103.2,"Mortgage interest cost"
2016,158.9,"Homeowners' replacement cost"
2016,153.8,"Property taxes and other special charges"
2016,219.1,"Homeowners' home and mortgage insurance"
2016,135.6,"Homeowners' maintenance and repairs"
2016,159.6,"Other owned accommodation expenses"
2016,154.4,"Water, fuel and electricity"
2016,151.1,"Electricity"
2016,231.4,"Water"
2016,104.4,"Natural gas"
2016,178.5,"Fuel oil and other fuels"
2016,121.7,"Household operations, furnishings and equipment"
2016,135.2,"Household operations"
2016,127,"Communications"
2016,123.4,"Telephone services"
2016,195.6,"Postal and other communications services"
2016,155.2,"Child care and housekeeping services"
2016,154.4,"Child care services"
2016,157.3,"Housekeeping services"
2016,112.6,"Household cleaning products"
2016,97.8,"Detergents and soaps (other than personal care)"
2016,133.1,"Other household cleaning products"
2016,125.5,"Paper, plastic and aluminum foil supplies"
2016,127.1,"Paper supplies"
2016,121.1,"Plastic and aluminum foil supplies"
2016,144.6,"Other household goods and services"
2016,139.1,"Pet food and supplies"
2016,122.9,"Seeds, plants and cut flowers"
2016,109.3,"Other horticultural goods"
2016,118.1,"Other household supplies"
2016,177.2,"Other household services"
2016,98.7,"Household furnishings and equipment"
2016,97.7,"Furniture and household textiles"
2016,94.3,"Furniture"
2016,95.8,"Upholstered furniture"
2016,98.3,"Wooden furniture"
2016,89.4,"Other furniture"
2016,110.4,"Household textiles"
2016,129.7,"Window coverings"
2016,100.2,"Bedding and other household textiles"
2016,107.8,"Area rugs and mats"
2016,88.9,"Household equipment"
2016,88.8,"Household appliances"
2016,89.1,"Cooking appliances"
2016,90,"Refrigerators and freezers"
2016,93.5,"Laundry and dishwashing appliances"
2016,86.4,"Other household appliances"
2016,80.8,"Non-electric kitchen utensils, tableware and cookware"
2016,90.5,"Tools and other household equipment"
2016,90.7,"Household tools (including lawn, garden and snow removal equipment)"
2016,90.3,"Other household equipment"
2016,183.7,"Services related to household furnishings and equipment"
2016,94.4,"Clothing and footwear"
2016,84.1,"Clothing"
2016,79.9,"Women's clothing"
2016,93.4,"Men's clothing"
2016,76.7,"Children's clothing"
2016,93.5,"Footwear"
2016,91.3,"Women's footwear (excluding athletic)"
2016,97,"Men's footwear (excluding athletic)"
2016,102.8,"Children's footwear (excluding athletic)"
2016,90.4,"Athletic footwear"
2016,137.6,"Clothing accessories, watches and jewellery"
2016,96.9,"Leather clothing accessories"
2016,82.6,"Other clothing accessories"
2016,112.5,"Watches"
2016,191.8,"Jewellery"
2016,144.3,"Clothing material, notions and services"
2016,117.3,"Clothing material and notions"
2016,136.8,"Laundry services"
2016,156.8,"Dry cleaning services"
2016,154,"Other clothing services"
2016,127.9,"Transportation"
2016,126.5,"Private transportation"
2016,99.3,"Purchase, leasing and rental of passenger vehicles"
2016,99.1,"Purchase and leasing of passenger vehicles"
2016,100,"Purchase of passenger vehicles"
2016,94.2,"Leasing of passenger vehicles"
2016,108.3,"Rental of passenger vehicles"
2016,150.2,"Operation of passenger vehicles"
2016,144.2,"Gasoline"
2016,138.3,"Passenger vehicle parts, maintenance and repairs"
2016,130,"Passenger vehicle parts, accessories and supplies"
2016,143.3,"Passenger vehicle maintenance and repair services"
2016,163,"Other passenger vehicle operating expenses"
2016,164.4,"Passenger vehicle insurance premiums"
2016,132,"Passenger vehicle registration fees"
2016,165.5,"Drivers' licences"
2016,182,"Parking fees"
2016,138,"All other passenger vehicle operating expenses"
2016,140.7,"Public transportation"
2016,154.1,"Local and commuter transportation"
2016,157.5,"City bus and subway transportation"
2016,143.9,"Taxi and other local and commuter transportation services"
2016,133.2,"Inter-city transportation"
2016,130.9,"Air transportation"
2016,137.1,"Rail, highway bus and other inter-city transportation"
2016,122.2,"Health and personal care"
2016,124.7,"Health care"
2016,103.6,"Health care goods"
2016,99.9,"Medicinal and pharmaceutical products"
2016,89.1,"Prescribed medicines (excluding medicinal cannabis)"
2016,119.7,"Non-prescribed medicines"
2016,113.3,"Eye care goods"
2016,113.8,"Other health care goods"
2016,158.3,"Health care services"
2016,154.7,"Dental care services"
2016,171.1,"Other health care services"
2016,119.9,"Personal care"
2016,106.9,"Personal care supplies and equipment"
2016,111.1,"Personal soap"
2016,102.5,"Toiletry items and cosmetics"
2016,123.4,"Oral-hygiene products"
2016,106.3,"Other personal care supplies and equipment"
2016,139.8,"Personal care services"
2016,111.3,"Recreation, education and reading"
2016,98.2,"Recreation"
2016,54.3,"Recreational equipment and services (excluding recreational vehicles)"
2016,83.3,"Sporting and exercise equipment"
2016,93.1,"Toys, games (excluding video games) and hobby supplies"
2016,20.6,"Digital computing equipment and devices"
2016,27.6,"Photographic equipment and supplies"
2016,78.9,"Other recreational equipment"
2016,109.4,"Recreational services"
2016,125.4,"Purchase and operation of recreational vehicles"
2016,108.3,"Purchase of recreational vehicles and outboard motors"
2016,151.4,"Operation of recreational vehicles"
2016,143.1,"Fuel, parts and accessories for recreational vehicles"
2016,152.2,"Insurance, licences and other services for recreational vehicles"
2016,54.5,"Home entertainment equipment, parts and services"
2016,53.2,"Audio equipment"
2016,27.6,"Video equipment"
2016,108.7,"Rental of digital media"
2016,77.7,"Purchase of digital media"
2016,172.3,"Other home entertainment equipment, parts and services"
2016,95.9,"Travel services"
2016,92.8,"Traveller accommodation"
2016,94.4,"Travel tours"
2016,159.6,"Other cultural and recreational services"
2016,141.8,"Spectator entertainment (excluding video and audio subscription services)"
2016,178.3,"Video and audio subscription services"
2016,146.9,"Use of recreational facilities and services"
2016,156.1,"Education and reading"
2016,160.8,"Education"
2016,168.3,"Tuition fees"
2016,143,"School textbooks and supplies"
2016,140.2,"Other lessons, courses and education services"
2016,142.3,"Reading material (excluding textbooks)"
2016,168.1,"Newspapers"
2016,138.4,"Magazines and periodicals"
2016,113.6,"Books and reading material (excluding textbooks)"
2016,156.8,"Alcoholic beverages, tobacco products and recreational cannabis"
2016,124.7,"Alcoholic beverages"
2016,137.5,"Alcoholic beverages served in licensed establishments"
2016,143.1,"Beer served in licensed establishments"
2016,125.1,"Wine served in licensed establishments"
2016,137.5,"Liquor served in licensed establishments"
2016,118.9,"Alcoholic beverages purchased from stores"
2016,125.9,"Beer purchased from stores"
2016,108.2,"Wine purchased from stores"
2016,117.6,"Liquor purchased from stores"
2016,196.8,"Tobacco products and smokers' supplies"
2016,196.6,"Cigarettes"
2016,200.6,"Other tobacco products and smokers' supplies"
2016,128.2,"All-items excluding eight of the most volatile components as defined by the Bank of Canada and excluding the effect of changes in indirect taxes"
2016,127.6,"All-items excluding eight of the most volatile components as defined by the Bank of Canada"
2016,125.6,"All-items excluding food"
2016,123.5,"All-items excluding food and energy"
2016,129.9,"All-items excluding mortgage interest cost"
2016,127.4,"All-items excluding alcoholic beverages, tobacco products and smokers' supplies and recreational cannabis"
2016,128.4,"All-items excluding alcoholic beverages and recreational cannabis"
2016,127.4,"All-items excluding tobacco products and smokers' supplies and recreational cannabis"
2016,125.6,"All-items excluding shelter"
2016,126.9,"All-items excluding energy"
2016,127.6,"All-items excluding gasoline"
2016,123.9,"All-items excluding shelter, insurance and financial services"
2016,120.3,"Private transportation excluding gasoline"
2016,143.2,"Food and energy"
2016,134.2,"Fresh fruit and vegetables"
2016,145,"Energy"
2016,130.9,"Housing (1986 definition)"
2016,134.3,"Shelter (1986 definition)"
2016,128.4,"Goods and services"
2016,117.9,"Goods"
2016,89.5,"Durable goods"
2016,96.2,"Semi-durable goods"
2016,139.9,"Non-durable goods"
2016,137.9,"Non-durable goods excluding food purchased from stores"
2016,130.3,"Non-durable goods excluding food purchased from stores and energy"
2016,110.7,"Goods excluding food purchased from stores"
2016,101,"Goods excluding food purchased from stores and energy"
2016,138.9,"Services"
2016,142,"Services excluding shelter services"
2017,130.4,"All-items"
2017,142.7,"Food"
2017,141.2,"Food purchased from stores"
2017,156.6,"Meat"
2017,165.6,"Fresh or frozen meat (excluding poultry)"
2017,176.8,"Fresh or frozen beef"
2017,140.2,"Fresh or frozen pork"
2017,155.3,"Other fresh or frozen meat (excluding poultry)"
2017,153,"Fresh or frozen poultry"
2017,158.3,"Fresh or frozen chicken"
2017,124.4,"Other fresh or frozen poultry"
2017,146.7,"Processed meat"
2017,141.3,"Ham and bacon"
2017,152.6,"Other processed meat"
2017,135.1,"Fish, seafood and other marine products"
2017,145.7,"Fish"
2017,145.2,"Fresh or frozen fish (including portions and fish sticks)"
2017,142.6,"Canned and other preserved fish"
2017,110.6,"Seafood and other marine products"
2017,133.8,"Dairy products and eggs"
2017,132.5,"Dairy products"
2017,139.2,"Fresh milk"
2017,137.8,"Butter"
2017,127.7,"Cheese"
2017,125.1,"Ice cream and related products"
2017,132.7,"Other dairy products"
2017,148.4,"Eggs"
2017,151.6,"Bakery and cereal products (excluding baby food)"
2017,162.1,"Bakery products"
2017,179.1,"Bread, rolls and buns"
2017,142.4,"Cookies and crackers"
2017,148.7,"Other bakery products"
2017,133.4,"Cereal products (excluding baby food)"
2017,142,"Rice and rice-based mixes"
2017,121.4,"Breakfast cereal and other cereal products (excluding baby food)"
2017,150.6,"Pasta products"
2017,146.1,"Flour and flour-based mixes"
2017,133.3,"Fruit, fruit preparations and nuts"
2017,129.6,"Fresh fruit"
2017,143.2,"Apples"
2017,140.8,"Oranges"
2017,133,"Bananas"
2017,121.4,"Other fresh fruit"
2017,131.7,"Preserved fruit and fruit preparations"
2017,134.8,"Fruit juices"
2017,124.5,"Other preserved fruit and fruit preparations"
2017,154.1,"Nuts and seeds"
2017,132.9,"Vegetables and vegetable preparations"
2017,131.4,"Fresh vegetables"
2017,113.6,"Potatoes"
2017,106.1,"Tomatoes"
2017,123.8,"Lettuce"
2017,146.6,"Other fresh vegetables"
2017,139,"Preserved vegetables and vegetable preparations"
2017,140.7,"Frozen and dried vegetables"
2017,139.3,"Canned vegetables and other vegetable preparations"
2017,134,"Other food products and non-alcoholic beverages"
2017,142.5,"Sugar and confectionery"
2017,120.9,"Sugar and syrup"
2017,147.6,"Confectionery"
2017,146.9,"Edible fats and oils"
2017,150,"Margarine"
2017,140.3,"Other edible fats and oils"
2017,133.6,"Coffee and tea"
2017,136.3,"Coffee"
2017,125.9,"Tea"
2017,121.8,"Condiments, spices and vinegars"
2017,138.6,"Other food preparations"
2017,142.2,"Soup"
2017,143.1,"Baby foods"
2017,123.9,"Frozen food preparations"
2017,147.4,"All other food preparations"
2017,124.8,"Non-alcoholic beverages"
2017,146.2,"Food purchased from restaurants"
2017,148.1,"Food purchased from table-service restaurants"
2017,141.8,"Food purchased from fast food and take-out restaurants"
2017,146.3,"Food purchased from cafeterias and other restaurants"
2017,138.1,"Shelter"
2017,120,"Rented accommodation"
2017,119.9,"Rent"
2017,109.7,"Tenants' insurance premiums"
2017,138.4,"Tenants' maintenance, repairs and other expenses"
2017,141.6,"Owned accommodation"
2017,103.4,"Mortgage interest cost"
2017,165.3,"Homeowners' replacement cost"
2017,158,"Property taxes and other special charges"
2017,225.8,"Homeowners' home and mortgage insurance"
2017,137,"Homeowners' maintenance and repairs"
2017,165.6,"Other owned accommodation expenses"
2017,154.3,"Water, fuel and electricity"
2017,142.7,"Electricity"
2017,240.2,"Water"
2017,114.1,"Natural gas"
2017,203,"Fuel oil and other fuels"
2017,121.9,"Household operations, furnishings and equipment"
2017,135.9,"Household operations"
2017,126.2,"Communications"
2017,122.8,"Telephone services"
2017,195.8,"Postal and other communications services"
2017,159.2,"Child care and housekeeping services"
2017,157.6,"Child care services"
2017,163.4,"Housekeeping services"
2017,112.9,"Household cleaning products"
2017,98.9,"Detergents and soaps (other than personal care)"
2017,132.3,"Other household cleaning products"
2017,125.4,"Paper, plastic and aluminum foil supplies"
2017,127.1,"Paper supplies"
2017,120.1,"Plastic and aluminum foil supplies"
2017,146.2,"Other household goods and services"
2017,140.3,"Pet food and supplies"
2017,124.6,"Seeds, plants and cut flowers"
2017,109.7,"Other horticultural goods"
2017,117.9,"Other household supplies"
2017,180.5,"Other household services"
2017,98.1,"Household furnishings and equipment"
2017,96.5,"Furniture and household textiles"
2017,92.8,"Furniture"
2017,93.4,"Upholstered furniture"
2017,96.1,"Wooden furniture"
2017,89.6,"Other furniture"
2017,110.6,"Household textiles"
2017,129.6,"Window coverings"
2017,100.4,"Bedding and other household textiles"
2017,108.8,"Area rugs and mats"
2017,88.9,"Household equipment"
2017,87.6,"Household appliances"
2017,87.5,"Cooking appliances"
2017,86.3,"Refrigerators and freezers"
2017,90.4,"Laundry and dishwashing appliances"
2017,87.6,"Other household appliances"
2017,79.5,"Non-electric kitchen utensils, tableware and cookware"
2017,92.3,"Tools and other household equipment"
2017,92.2,"Household tools (including lawn, garden and snow removal equipment)"
2017,92.4,"Other household equipment"
2017,184.9,"Services related to household furnishings and equipment"
2017,93.7,"Clothing and footwear"
2017,82.9,"Clothing"
2017,78.6,"Women's clothing"
2017,92.1,"Men's clothing"
2017,75.7,"Children's clothing"
2017,93.8,"Footwear"
2017,93.5,"Women's footwear (excluding athletic)"
2017,95.6,"Men's footwear (excluding athletic)"
2017,100.9,"Children's footwear (excluding athletic)"
2017,90.1,"Athletic footwear"
2017,137.4,"Clothing accessories, watches and jewellery"
2017,97.4,"Leather clothing accessories"
2017,85,"Other clothing accessories"
2017,112.1,"Watches"
2017,188.6,"Jewellery"
2017,147.2,"Clothing material, notions and services"
2017,121.3,"Clothing material and notions"
2017,138.7,"Laundry services"
2017,159.5,"Dry cleaning services"
2017,156.7,"Other clothing services"
2017,132.9,"Transportation"
2017,131.3,"Private transportation"
2017,101,"Purchase, leasing and rental of passenger vehicles"
2017,100.9,"Purchase and leasing of passenger vehicles"
2017,101.8,"Purchase of passenger vehicles"
2017,95.9,"Leasing of passenger vehicles"
2017,104.4,"Rental of passenger vehicles"
2017,158.5,"Operation of passenger vehicles"
2017,161.2,"Gasoline"
2017,140.7,"Passenger vehicle parts, maintenance and repairs"
2017,132,"Passenger vehicle parts, accessories and supplies"
2017,145.9,"Passenger vehicle maintenance and repair services"
2017,166.1,"Other passenger vehicle operating expenses"
2017,167.7,"Passenger vehicle insurance premiums"
2017,137.3,"Passenger vehicle registration fees"
2017,165.5,"Drivers' licences"
2017,186.1,"Parking fees"
2017,136.5,"All other passenger vehicle operating expenses"
2017,147.6,"Public transportation"
2017,156.5,"Local and commuter transportation"
2017,160.9,"City bus and subway transportation"
2017,144.2,"Taxi and other local and commuter transportation services"
2017,142,"Inter-city transportation"
2017,139.8,"Air transportation"
2017,142.2,"Rail, highway bus and other inter-city transportation"
2017,124.3,"Health and personal care"
2017,127,"Health care"
2017,104.8,"Health care goods"
2017,101,"Medicinal and pharmaceutical products"
2017,89.3,"Prescribed medicines (excluding medicinal cannabis)"
2017,122,"Non-prescribed medicines"
2017,114.6,"Eye care goods"
2017,116.6,"Other health care goods"
2017,163.1,"Health care services"
2017,158.2,"Dental care services"
2017,179,"Other health care services"
2017,121.6,"Personal care"
2017,107.5,"Personal care supplies and equipment"
2017,112.4,"Personal soap"
2017,103.5,"Toiletry items and cosmetics"
2017,124.6,"Oral-hygiene products"
2017,105.7,"Other personal care supplies and equipment"
2017,143.2,"Personal care services"
2017,114,"Recreation, education and reading"
2017,100.3,"Recreation"
2017,53.5,"Recreational equipment and services (excluding recreational vehicles)"
2017,83.1,"Sporting and exercise equipment"
2017,91,"Toys, games (excluding video games) and hobby supplies"
2017,19.9,"Digital computing equipment and devices"
2017,26.1,"Photographic equipment and supplies"
2017,75.9,"Other recreational equipment"
2017,121.2,"Recreational services"
2017,128.7,"Purchase and operation of recreational vehicles"
2017,110.8,"Purchase of recreational vehicles and outboard motors"
2017,156.9,"Operation of recreational vehicles"
2017,157.4,"Fuel, parts and accessories for recreational vehicles"
2017,155.1,"Insurance, licences and other services for recreational vehicles"
2017,51.6,"Home entertainment equipment, parts and services"
2017,50.2,"Audio equipment"
2017,25.5,"Video equipment"
2017,76.6,"Purchase of digital media"
2017,100,"Travel services"
2017,96.7,"Traveller accommodation"
2017,99.1,"Travel tours"
2017,164.1,"Other cultural and recreational services"
2017,145.5,"Spectator entertainment (excluding video and audio subscription services)"
2017,185.5,"Video and audio subscription services"
2017,148.4,"Use of recreational facilities and services"
2017,160.2,"Education and reading"
2017,164.6,"Education"
2017,173.1,"Tuition fees"
2017,144.5,"School textbooks and supplies"
2017,141,"Other lessons, courses and education services"
2017,149.1,"Reading material (excluding textbooks)"
2017,173.3,"Newspapers"
2017,145.6,"Magazines and periodicals"
2017,119.1,"Books and reading material (excluding textbooks)"
2017,161.1,"Alcoholic beverages, tobacco products and recreational cannabis"
2017,126.4,"Alcoholic beverages"
2017,139.6,"Alcoholic beverages served in licensed establishments"
2017,144.9,"Beer served in licensed establishments"
2017,126.8,"Wine served in licensed establishments"
2017,140.3,"Liquor served in licensed establishments"
2017,120.6,"Alcoholic beverages purchased from stores"
2017,129.2,"Beer purchased from stores"
2017,107.8,"Wine purchased from stores"
2017,119.5,"Liquor purchased from stores"
2017,206.2,"Tobacco products and smokers' supplies"
2017,206,"Cigarettes"
2017,210.7,"Other tobacco products and smokers' supplies"
2017,128,"All-items excluding food"
2017,125.5,"All-items excluding food and energy"
2017,132.1,"All-items excluding mortgage interest cost"
2017,129.4,"All-items excluding alcoholic beverages, tobacco products and smokers' supplies and recreational cannabis"
2017,130.5,"All-items excluding alcoholic beverages and recreational cannabis"
2017,129.4,"All-items excluding tobacco products and smokers' supplies and recreational cannabis"
2017,127.6,"All-items excluding shelter"
2017,128.5,"All-items excluding energy"
2017,129.2,"All-items excluding gasoline"
2017,125.8,"All-items excluding shelter, insurance and financial services"
2017,122.5,"Private transportation excluding gasoline"
2017,145.6,"Food and energy"
2017,130.8,"Fresh fruit and vegetables"
2017,152.7,"Energy"
2017,132.5,"Housing (1986 definition)"
2017,136.7,"Shelter (1986 definition)"
2017,130.4,"Goods and services"
2017,118.9,"Goods"
2017,90,"Durable goods"
2017,96,"Semi-durable goods"
2017,141.9,"Non-durable goods"
2017,142.6,"Non-durable goods excluding food purchased from stores"
2017,132.2,"Non-durable goods excluding food purchased from stores and energy"
2017,112.3,"Goods excluding food purchased from stores"
2017,101.5,"Goods excluding food purchased from stores and energy"
2017,142,"Services"
2017,145.4,"Services excluding shelter services"
2018,133.4,"All-items"
2018,145.3,"Food"
2018,142.3,"Food purchased from stores"
2018,157.8,"Meat"
2018,167,"Fresh or frozen meat (excluding poultry)"
2018,178,"Fresh or frozen beef"
2018,141.4,"Fresh or frozen pork"
2018,159.6,"Other fresh or frozen meat (excluding poultry)"
2018,154.8,"Fresh or frozen poultry"
2018,159.6,"Fresh or frozen chicken"
2018,128.4,"Other fresh or frozen poultry"
2018,147.1,"Processed meat"
2018,141.4,"Ham and bacon"
2018,153.1,"Other processed meat"
2018,137.3,"Fish, seafood and other marine products"
2018,148.2,"Fish"
2018,147.1,"Fresh or frozen fish (including portions and fish sticks)"
2018,147.1,"Canned and other preserved fish"
2018,111.8,"Seafood and other marine products"
2018,134.1,"Dairy products and eggs"
2018,132.5,"Dairy products"
2018,141.4,"Fresh milk"
2018,138.1,"Butter"
2018,125.9,"Cheese"
2018,123.7,"Ice cream and related products"
2018,133.1,"Other dairy products"
2018,153.3,"Eggs"
2018,151.6,"Bakery and cereal products (excluding baby food)"
2018,161.5,"Bakery products"
2018,174.4,"Bread, rolls and buns"
2018,144.8,"Cookies and crackers"
2018,150.6,"Other bakery products"
2018,134.2,"Cereal products (excluding baby food)"
2018,146.1,"Rice and rice-based mixes"
2018,122.5,"Breakfast cereal and other cereal products (excluding baby food)"
2018,146.4,"Pasta products"
2018,147.3,"Flour and flour-based mixes"
2018,133.4,"Fruit, fruit preparations and nuts"
2018,130.5,"Fresh fruit"
2018,148.9,"Apples"
2018,146.9,"Oranges"
2018,132.7,"Bananas"
2018,120.4,"Other fresh fruit"
2018,129.7,"Preserved fruit and fruit preparations"
2018,131.8,"Fruit juices"
2018,124,"Other preserved fruit and fruit preparations"
2018,154.4,"Nuts and seeds"
2018,138.9,"Vegetables and vegetable preparations"
2018,139.8,"Fresh vegetables"
2018,117.8,"Potatoes"
2018,118.4,"Tomatoes"
2018,134.3,"Lettuce"
2018,155,"Other fresh vegetables"
2018,137.3,"Preserved vegetables and vegetable preparations"
2018,139.4,"Frozen and dried vegetables"
2018,137.4,"Canned vegetables and other vegetable preparations"
2018,133.9,"Other food products and non-alcoholic beverages"
2018,143.4,"Sugar and confectionery"
2018,116.5,"Sugar and syrup"
2018,149.3,"Confectionery"
2018,146.3,"Edible fats and oils"
2018,152.2,"Margarine"
2018,138.5,"Other edible fats and oils"
2018,131.4,"Coffee and tea"
2018,133.9,"Coffee"
2018,124.3,"Tea"
2018,121.8,"Condiments, spices and vinegars"
2018,138.7,"Other food preparations"
2018,139.3,"Soup"
2018,143.1,"Baby foods"
2018,122.5,"Frozen food preparations"
2018,148.9,"All other food preparations"
2018,124.7,"Non-alcoholic beverages"
2018,152.4,"Food purchased from restaurants"
2018,153.8,"Food purchased from table-service restaurants"
2018,149.2,"Food purchased from fast food and take-out restaurants"
2018,152.4,"Food purchased from cafeterias and other restaurants"
2018,140.9,"Shelter"
2018,121.4,"Rented accommodation"
2018,121.3,"Rent"
2018,110.3,"Tenants' insurance premiums"
2018,141.2,"Tenants' maintenance, repairs and other expenses"
2018,145.3,"Owned accommodation"
2018,108.3,"Mortgage interest cost"
2018,168,"Homeowners' replacement cost"
2018,161.9,"Property taxes and other special charges"
2018,234.4,"Homeowners' home and mortgage insurance"
2018,139.6,"Homeowners' maintenance and repairs"
2018,168.2,"Other owned accommodation expenses"
2018,155.9,"Water, fuel and electricity"
2018,142.8,"Electricity"
2018,247.4,"Water"
2018,109.7,"Natural gas"
2018,240.5,"Fuel oil and other fuels"
2018,123.2,"Household operations, furnishings and equipment"
2018,138,"Household operations"
2018,126.2,"Communications"
2018,119.9,"Telephone services"
2018,195.9,"Postal and other communications services"
2018,168.8,"Child care and housekeeping services"
2018,163.9,"Child care services"
2018,182.3,"Housekeeping services"
2018,113.9,"Household cleaning products"
2018,99.7,"Detergents and soaps (other than personal care)"
2018,133.6,"Other household cleaning products"
2018,127.8,"Paper, plastic and aluminum foil supplies"
2018,129.8,"Paper supplies"
2018,121.6,"Plastic and aluminum foil supplies"
2018,148.8,"Other household goods and services"
2018,142.5,"Pet food and supplies"
2018,126.8,"Seeds, plants and cut flowers"
2018,109.3,"Other horticultural goods"
2018,118,"Other household supplies"
2018,185.4,"Other household services"
2018,97.7,"Household furnishings and equipment"
2018,95.3,"Furniture and household textiles"
2018,91.3,"Furniture"
2018,93.1,"Upholstered furniture"
2018,93.5,"Wooden furniture"
2018,87.2,"Other furniture"
2018,111.7,"Household textiles"
2018,131.9,"Window coverings"
2018,101.6,"Bedding and other household textiles"
2018,108.9,"Area rugs and mats"
2018,88.8,"Household equipment"
2018,87.1,"Household appliances"
2018,86.1,"Cooking appliances"
2018,86.4,"Refrigerators and freezers"
2018,89.1,"Laundry and dishwashing appliances"
2018,87.9,"Other household appliances"
2018,77.6,"Non-electric kitchen utensils, tableware and cookware"
2018,93.3,"Tools and other household equipment"
2018,93.3,"Household tools (including lawn, garden and snow removal equipment)"
2018,93.4,"Other household equipment"
2018,187.8,"Services related to household furnishings and equipment"
2018,94.5,"Clothing and footwear"
2018,83.9,"Clothing"
2018,79.4,"Women's clothing"
2018,93.2,"Men's clothing"
2018,76.7,"Children's clothing"
2018,93.9,"Footwear"
2018,94.2,"Women's footwear (excluding athletic)"
2018,95.9,"Men's footwear (excluding athletic)"
2018,102.4,"Children's footwear (excluding athletic)"
2018,89.3,"Athletic footwear"
2018,137.6,"Clothing accessories, watches and jewellery"
2018,97.4,"Leather clothing accessories"
2018,86.1,"Other clothing accessories"
2018,112.9,"Watches"
2018,187.2,"Jewellery"
2018,151.7,"Clothing material, notions and services"
2018,124.6,"Clothing material and notions"
2018,141.3,"Laundry services"
2018,165.6,"Dry cleaning services"
2018,162.9,"Other clothing services"
2018,139.1,"Transportation"
2018,136.5,"Private transportation"
2018,102.5,"Purchase, leasing and rental of passenger vehicles"
2018,102.4,"Purchase and leasing of passenger vehicles"
2018,103.3,"Purchase of passenger vehicles"
2018,97.3,"Leasing of passenger vehicles"
2018,107.9,"Rental of passenger vehicles"
2018,168.2,"Operation of passenger vehicles"
2018,181.5,"Gasoline"
2018,144,"Passenger vehicle parts, maintenance and repairs"
2018,134.5,"Passenger vehicle parts, accessories and supplies"
2018,149.7,"Passenger vehicle maintenance and repair services"
2018,170,"Other passenger vehicle operating expenses"
2018,172,"Passenger vehicle insurance premiums"
2018,137.8,"Passenger vehicle registration fees"
2018,170.2,"Drivers' licences"
2018,190.5,"Parking fees"
2018,138.1,"All other passenger vehicle operating expenses"
2018,162.6,"Public transportation"
2018,158.1,"Local and commuter transportation"
2018,163.1,"City bus and subway transportation"
2018,144.7,"Taxi and other local and commuter transportation services"
2018,162.3,"Inter-city transportation"
2018,161.2,"Air transportation"
2018,145.4,"Rail, highway bus and other inter-city transportation"
2018,125.9,"Health and personal care"
2018,128.1,"Health care"
2018,104.9,"Health care goods"
2018,100.7,"Medicinal and pharmaceutical products"
2018,87.3,"Prescribed medicines (excluding medicinal cannabis)"
2018,124.3,"Non-prescribed medicines"
2018,116.3,"Eye care goods"
2018,118.3,"Other health care goods"
2018,166.3,"Health care services"
2018,161.1,"Dental care services"
2018,182.8,"Other health care services"
2018,124,"Personal care"
2018,108,"Personal care supplies and equipment"
2018,110.6,"Personal soap"
2018,104.2,"Toiletry items and cosmetics"
2018,127,"Oral-hygiene products"
2018,105.7,"Other personal care supplies and equipment"
2018,149,"Personal care services"
2018,115.3,"Recreation, education and reading"
2018,100.8,"Recreation"
2018,52.5,"Recreational equipment and services (excluding recreational vehicles)"
2018,82.9,"Sporting and exercise equipment"
2018,90.8,"Toys, games (excluding video games) and hobby supplies"
2018,19,"Digital computing equipment and devices"
2018,25.1,"Photographic equipment and supplies"
2018,74.1,"Other recreational equipment"
2018,125.2,"Recreational services"
2018,131.3,"Purchase and operation of recreational vehicles"
2018,112.1,"Purchase of recreational vehicles and outboard motors"
2018,163.8,"Operation of recreational vehicles"
2018,175.2,"Fuel, parts and accessories for recreational vehicles"
2018,159,"Insurance, licences and other services for recreational vehicles"
2018,49.7,"Home entertainment equipment, parts and services"
2018,48.1,"Audio equipment"
2018,23.6,"Video equipment"
2018,78.4,"Purchase of digital media"
2018,98.4,"Travel services"
2018,93.6,"Traveller accommodation"
2018,99.1,"Travel tours"
2018,170.6,"Other cultural and recreational services"
2018,149.1,"Spectator entertainment (excluding video and audio subscription services)"
2018,195.4,"Video and audio subscription services"
2018,152.6,"Use of recreational facilities and services"
2018,164.8,"Education and reading"
2018,169.3,"Education"
2018,178.3,"Tuition fees"
2018,145.9,"School textbooks and supplies"
2018,145.1,"Other lessons, courses and education services"
2018,153.7,"Reading material (excluding textbooks)"
2018,180,"Newspapers"
2018,145.6,"Magazines and periodicals"
2018,123.5,"Books and reading material (excluding textbooks)"
2018,167.9,"Alcoholic beverages, tobacco products and recreational cannabis"
2018,129,"Alcoholic beverages"
2018,143.3,"Alcoholic beverages served in licensed establishments"
2018,149,"Beer served in licensed establishments"
2018,128.4,"Wine served in licensed establishments"
2018,145,"Liquor served in licensed establishments"
2018,122.6,"Alcoholic beverages purchased from stores"
2018,131.6,"Beer purchased from stores"
2018,109.8,"Wine purchased from stores"
2018,121,"Liquor purchased from stores"
2018,222.9,"Tobacco products and smokers' supplies"
2018,222.6,"Cigarettes"
2018,227.7,"Other tobacco products and smokers' supplies"
2018,131,"All-items excluding food"
2018,127.9,"All-items excluding food and energy"
2018,134.9,"All-items excluding mortgage interest cost"
2018,132.3,"All-items excluding alcoholic beverages, tobacco products and smokers' supplies and recreational cannabis"
2018,133.4,"All-items excluding alcoholic beverages and recreational cannabis"
2018,132.2,"All-items excluding tobacco products and smokers' supplies and recreational cannabis"
2018,130.5,"All-items excluding shelter"
2018,131,"All-items excluding energy"
2018,131.6,"All-items excluding gasoline"
2018,128.8,"All-items excluding shelter, insurance and financial services"
2018,124.8,"Private transportation excluding gasoline"
2018,150.4,"Food and energy"
2018,135.8,"Fresh fruit and vegetables"
2018,162.9,"Energy"
2018,134.6,"Housing (1986 definition)"
2018,139.2,"Shelter (1986 definition)"
2018,133.4,"Goods and services"
2018,121.1,"Goods"
2018,90.2,"Durable goods"
2018,97.1,"Semi-durable goods"
2018,145.9,"Non-durable goods"
2018,148.8,"Non-durable goods excluding food purchased from stores"
2018,134.7,"Non-durable goods excluding food purchased from stores and energy"
2018,114.7,"Goods excluding food purchased from stores"
2018,102.5,"Goods excluding food purchased from stores and energy"
2018,145.8,"Services"
2018,149.7,"Services excluding shelter services"
2019,136,"All-items"
2019,150.2,"Food"
2019,147.6,"Food purchased from stores"
2019,163.8,"Meat"
2019,171.7,"Fresh or frozen meat (excluding poultry)"
2019,184.3,"Fresh or frozen beef"
2019,142.3,"Fresh or frozen pork"
2019,165.6,"Other fresh or frozen meat (excluding poultry)"
2019,160,"Fresh or frozen poultry"
2019,164.5,"Fresh or frozen chicken"
2019,133.4,"Other fresh or frozen poultry"
2019,154.6,"Processed meat"
2019,148.8,"Ham and bacon"
2019,160.9,"Other processed meat"
2019,142.3,"Fish, seafood and other marine products"
2019,156.9,"Fish"
2019,154.4,"Fresh or frozen fish (including portions and fish sticks)"
2019,159.8,"Canned and other preserved fish"
2019,109.3,"Seafood and other marine products"
2019,137.1,"Dairy products and eggs"
2019,135.4,"Dairy products"
2019,144.2,"Fresh milk"
2019,144.2,"Butter"
2019,127.3,"Cheese"
2019,125.8,"Ice cream and related products"
2019,138,"Other dairy products"
2019,157.5,"Eggs"
2019,155.1,"Bakery and cereal products (excluding baby food)"
2019,165.1,"Bakery products"
2019,178.9,"Bread, rolls and buns"
2019,148.4,"Cookies and crackers"
2019,152.8,"Other bakery products"
2019,137.5,"Cereal products (excluding baby food)"
2019,149.8,"Rice and rice-based mixes"
2019,125.4,"Breakfast cereal and other cereal products (excluding baby food)"
2019,150.6,"Pasta products"
2019,148.7,"Flour and flour-based mixes"
2019,137.2,"Fruit, fruit preparations and nuts"
2019,135.6,"Fresh fruit"
2019,167.9,"Apples"
2019,149.3,"Oranges"
2019,130.5,"Bananas"
2019,124,"Other fresh fruit"
2019,131.5,"Preserved fruit and fruit preparations"
2019,133.2,"Fruit juices"
2019,126.1,"Other preserved fruit and fruit preparations"
2019,155.7,"Nuts and seeds"
2019,154.3,"Vegetables and vegetable preparations"
2019,157.5,"Fresh vegetables"
2019,133.7,"Potatoes"
2019,126.8,"Tomatoes"
2019,151.1,"Lettuce"
2019,175.9,"Other fresh vegetables"
2019,144.3,"Preserved vegetables and vegetable preparations"
2019,145.2,"Frozen and dried vegetables"
2019,145.4,"Canned vegetables and other vegetable preparations"
2019,136.5,"Other food products and non-alcoholic beverages"
2019,145.4,"Sugar and confectionery"
2019,112.9,"Sugar and syrup"
2019,152.3,"Confectionery"
2019,147.9,"Edible fats and oils"
2019,156.3,"Margarine"
2019,138.5,"Other edible fats and oils"
2019,132.8,"Coffee and tea"
2019,135.2,"Coffee"
2019,126.1,"Tea"
2019,122,"Condiments, spices and vinegars"
2019,142.8,"Other food preparations"
2019,150,"Soup"
2019,144,"Baby foods"
2019,124.9,"Frozen food preparations"
2019,152.9,"All other food preparations"
2019,127.5,"Non-alcoholic beverages"
2019,156.5,"Food purchased from restaurants"
2019,157.3,"Food purchased from table-service restaurants"
2019,154.8,"Food purchased from fast food and take-out restaurants"
2019,156.6,"Food purchased from cafeterias and other restaurants"
2019,144.5,"Shelter"
2019,124.7,"Rented accommodation"
2019,124.7,"Rent"
2019,110.3,"Tenants' insurance premiums"
2019,144.2,"Tenants' maintenance, repairs and other expenses"
2019,149,"Owned accommodation"
2019,116.5,"Mortgage interest cost"
2019,167.8,"Homeowners' replacement cost"
2019,164.5,"Property taxes and other special charges"
2019,248.2,"Homeowners' home and mortgage insurance"
2019,141.7,"Homeowners' maintenance and repairs"
2019,169.1,"Other owned accommodation expenses"
2019,159.5,"Water, fuel and electricity"
2019,145.8,"Electricity"
2019,253.6,"Water"
2019,114.4,"Natural gas"
2019,236.7,"Fuel oil and other fuels"
2019,123.6,"Household operations, furnishings and equipment"
2019,138.8,"Household operations"
2019,122.7,"Communications"
2019,118.9,"Telephone services"
2019,206.9,"Postal and other communications services"
2019,173.9,"Child care and housekeeping services"
2019,168.6,"Child care services"
2019,188.3,"Housekeeping services"
2019,118.5,"Household cleaning products"
2019,104.1,"Detergents and soaps (other than personal care)"
2019,138.5,"Other household cleaning products"
2019,135.5,"Paper, plastic and aluminum foil supplies"
2019,138.3,"Paper supplies"
2019,125.4,"Plastic and aluminum foil supplies"
2019,151.3,"Other household goods and services"
2019,150.1,"Pet food and supplies"
2019,126.3,"Seeds, plants and cut flowers"
2019,110.3,"Other horticultural goods"
2019,116.7,"Other household supplies"
2019,189,"Other household services"
2019,97.6,"Household furnishings and equipment"
2019,95.1,"Furniture and household textiles"
2019,90.8,"Furniture"
2019,94,"Upholstered furniture"
2019,94.7,"Wooden furniture"
2019,83.6,"Other furniture"
2019,113.8,"Household textiles"
2019,137,"Window coverings"
2019,103.2,"Bedding and other household textiles"
2019,88.5,"Household equipment"
2019,86.5,"Household appliances"
2019,85.7,"Cooking appliances"
2019,87.1,"Refrigerators and freezers"
2019,87.6,"Laundry and dishwashing appliances"
2019,86.8,"Other household appliances"
2019,76.6,"Non-electric kitchen utensils, tableware and cookware"
2019,93.3,"Tools and other household equipment"
2019,93.3,"Household tools (including lawn, garden and snow removal equipment)"
2019,93.4,"Other household equipment"
2019,190.2,"Services related to household furnishings and equipment"
2019,96.1,"Clothing and footwear"
2019,85.1,"Clothing"
2019,80.9,"Women's clothing"
2019,94.1,"Men's clothing"
2019,77.9,"Children's clothing"
2019,95.3,"Footwear"
2019,94.7,"Women's footwear (excluding athletic)"
2019,97.2,"Men's footwear (excluding athletic)"
2019,103.2,"Children's footwear (excluding athletic)"
2019,91.7,"Athletic footwear"
2019,140.3,"Clothing accessories, watches and jewellery"
2019,100.1,"Leather clothing accessories"
2019,87.1,"Other clothing accessories"
2019,113.3,"Watches"
2019,192.2,"Jewellery"
2019,154.4,"Clothing material, notions and services"
2019,125.9,"Clothing material and notions"
2019,142.9,"Laundry services"
2019,169.6,"Dry cleaning services"
2019,167.1,"Other clothing services"
2019,141.5,"Transportation"
2019,138.3,"Private transportation"
2019,105.2,"Purchase, leasing and rental of passenger vehicles"
2019,105,"Purchase and leasing of passenger vehicles"
2019,105.9,"Purchase of passenger vehicles"
2019,99.8,"Leasing of passenger vehicles"
2019,115.3,"Rental of passenger vehicles"
2019,168.8,"Operation of passenger vehicles"
2019,170.5,"Gasoline"
2019,147.1,"Passenger vehicle parts, maintenance and repairs"
2019,135.9,"Passenger vehicle parts, accessories and supplies"
2019,153.6,"Passenger vehicle maintenance and repair services"
2019,180.6,"Other passenger vehicle operating expenses"
2019,185,"Passenger vehicle insurance premiums"
2019,138.3,"Passenger vehicle registration fees"
2019,171.7,"Drivers' licences"
2019,196.9,"Parking fees"
2019,141.8,"All other passenger vehicle operating expenses"
2019,170.1,"Public transportation"
2019,160.6,"Local and commuter transportation"
2019,166.2,"City bus and subway transportation"
2019,146,"Taxi and other local and commuter transportation services"
2019,171.1,"Inter-city transportation"
2019,170.4,"Air transportation"
2019,148,"Rail, highway bus and other inter-city transportation"
2019,127.4,"Health and personal care"
2019,129.6,"Health care"
2019,105.2,"Health care goods"
2019,100.9,"Medicinal and pharmaceutical products"
2019,86.7,"Prescribed medicines (excluding medicinal cannabis)"
2019,127,"Non-prescribed medicines"
2019,116.3,"Eye care goods"
2019,120.6,"Other health care goods"
2019,170.4,"Health care services"
2019,165.6,"Dental care services"
2019,186,"Other health care services"
2019,125.3,"Personal care"
2019,107.2,"Personal care supplies and equipment"
2019,110.4,"Personal soap"
2019,103.2,"Toiletry items and cosmetics"
2019,130.9,"Oral-hygiene products"
2019,104.7,"Other personal care supplies and equipment"
2019,153.6,"Personal care services"
2019,116.8,"Recreation, education and reading"
2019,102.5,"Recreation"
2019,52.3,"Recreational equipment and services (excluding recreational vehicles)"
2019,83.3,"Sporting and exercise equipment"
2019,90.7,"Toys, games (excluding video games) and hobby supplies"
2019,18.5,"Digital computing equipment and devices"
2019,25.9,"Photographic equipment and supplies"
2019,76.4,"Other recreational equipment"
2019,128.4,"Recreational services"
2019,135.5,"Purchase and operation of recreational vehicles"
2019,115.5,"Purchase of recreational vehicles and outboard motors"
2019,169.7,"Operation of recreational vehicles"
2019,168.5,"Fuel, parts and accessories for recreational vehicles"
2019,167.8,"Insurance, licences and other services for recreational vehicles"
2019,47.2,"Home entertainment equipment, parts and services"
2019,46.4,"Audio equipment"
2019,21.9,"Video equipment"
2019,75.3,"Purchase of digital media"
2019,97.5,"Travel services"
2019,89.1,"Traveller accommodation"
2019,102.1,"Travel tours"
2019,179.5,"Other cultural and recreational services"
2019,152,"Spectator entertainment (excluding video and audio subscription services)"
2019,210.3,"Video and audio subscription services"
2019,156.8,"Use of recreational facilities and services"
2019,166.2,"Education and reading"
2019,170.8,"Education"
2019,179.7,"Tuition fees"
2019,147.3,"School textbooks and supplies"
2019,147.6,"Other lessons, courses and education services"
2019,153.7,"Reading material (excluding textbooks)"
2019,187.2,"Newspapers"
2019,151.3,"Magazines and periodicals"
2019,122,"Books and reading material (excluding textbooks)"
2019,171.1,"Alcoholic beverages, tobacco products and recreational cannabis"
2019,130.7,"Alcoholic beverages"
2019,145.9,"Alcoholic beverages served in licensed establishments"
2019,151.9,"Beer served in licensed establishments"
2019,129,"Wine served in licensed establishments"
2019,148.5,"Liquor served in licensed establishments"
2019,124.2,"Alcoholic beverages purchased from stores"
2019,133.3,"Beer purchased from stores"
2019,111,"Wine purchased from stores"
2019,122.6,"Liquor purchased from stores"
2019,232.3,"Tobacco products and smokers' supplies"
2019,232.1,"Cigarettes"
2019,237,"Other tobacco products and smokers' supplies"
2019,133.2,"All-items excluding food"
2019,130.5,"All-items excluding food and energy"
2019,137.3,"All-items excluding mortgage interest cost"
2019,134.9,"All-items excluding alcoholic beverages, tobacco products and smokers' supplies and recreational cannabis"
2019,136.1,"All-items excluding alcoholic beverages and recreational cannabis"
2019,134.8,"All-items excluding tobacco products and smokers' supplies and recreational cannabis"
2019,132.8,"All-items excluding shelter"
2019,134,"All-items excluding energy"
2019,134.6,"All-items excluding gasoline"
2019,129.1,"Private transportation excluding gasoline"
2019,152.8,"Food and energy"
2019,147.7,"Fresh fruit and vegetables"
2019,159.3,"Energy"
2019,122.7,"Goods"
2019,91.4,"Durable goods"
2019,98.3,"Semi-durable goods"
2019,147.8,"Non-durable goods"
2019,148.1,"Non-durable goods excluding food purchased from stores"
2019,137,"Non-durable goods excluding food purchased from stores and energy"
2019,115.4,"Goods excluding food purchased from stores"
2019,103.9,"Goods excluding food purchased from stores and energy"
2019,149.2,"Services"
2019,153.2,"Services excluding shelter services"
2020,137,"All-items"
2020,153.7,"Food"
2020,151.1,"Food purchased from stores"
2020,171.2,"Meat"
2020,181.3,"Fresh or frozen meat (excluding poultry)"
2020,196.3,"Fresh or frozen beef"
2020,149.2,"Fresh or frozen pork"
2020,166.8,"Other fresh or frozen meat (excluding poultry)"
2020,164,"Fresh or frozen poultry"
2020,169.8,"Fresh or frozen chicken"
2020,132.8,"Other fresh or frozen poultry"
2020,162.4,"Processed meat"
2020,152.8,"Ham and bacon"
2020,169.6,"Other processed meat"
2020,145.1,"Fish, seafood and other marine products"
2020,160,"Fish"
2020,156.1,"Fresh or frozen fish (including portions and fish sticks)"
2020,166.7,"Canned and other preserved fish"
2020,111.6,"Seafood and other marine products"
2020,141.3,"Dairy products and eggs"
2020,138.8,"Dairy products"
2020,146.7,"Fresh milk"
2020,150.3,"Butter"
2020,131.9,"Cheese"
2020,131.9,"Ice cream and related products"
2020,139,"Other dairy products"
2020,169.5,"Eggs"
2020,157.5,"Bakery and cereal products (excluding baby food)"
2020,167.3,"Bakery products"
2020,180,"Bread, rolls and buns"
2020,150.6,"Cookies and crackers"
2020,156.1,"Other bakery products"
2020,140.3,"Cereal products (excluding baby food)"
2020,155.3,"Rice and rice-based mixes"
2020,127.4,"Breakfast cereal and other cereal products (excluding baby food)"
2020,153.5,"Pasta products"
2020,153.4,"Flour and flour-based mixes"
2020,139.1,"Fruit, fruit preparations and nuts"
2020,136.3,"Fresh fruit"
2020,161.1,"Apples"
2020,155.2,"Oranges"
2020,130.4,"Bananas"
2020,125.3,"Other fresh fruit"
2020,137.1,"Preserved fruit and fruit preparations"
2020,140.6,"Fruit juices"
2020,129.4,"Other preserved fruit and fruit preparations"
2020,157.6,"Nuts and seeds"
2020,159,"Vegetables and vegetable preparations"
2020,162.3,"Fresh vegetables"
2020,133.7,"Potatoes"
2020,161.5,"Tomatoes"
2020,156.8,"Lettuce"
2020,175.7,"Other fresh vegetables"
2020,149,"Preserved vegetables and vegetable preparations"
2020,147.7,"Frozen and dried vegetables"
2020,151.2,"Canned vegetables and other vegetable preparations"
2020,138,"Other food products and non-alcoholic beverages"
2020,145.2,"Sugar and confectionery"
2020,107.8,"Sugar and syrup"
2020,153.1,"Confectionery"
2020,146.3,"Edible fats and oils"
2020,160.1,"Margarine"
2020,134.8,"Other edible fats and oils"
2020,131.8,"Coffee and tea"
2020,134,"Coffee"
2020,126.5,"Tea"
2020,124.4,"Condiments, spices and vinegars"
2020,145.2,"Other food preparations"
2020,154.3,"Soup"
2020,144.4,"Baby foods"
2020,126.8,"Frozen food preparations"
2020,155.5,"All other food preparations"
2020,130.3,"Non-alcoholic beverages"
2020,159.9,"Food purchased from restaurants"
2020,160.7,"Food purchased from table-service restaurants"
2020,158.1,"Food purchased from fast food and take-out restaurants"
2020,160,"Food purchased from cafeterias and other restaurants"
2020,147,"Shelter"
2020,126.8,"Rented accommodation"
2020,126.8,"Rent"
2020,111.5,"Tenants' insurance premiums"
2020,145.8,"Tenants' maintenance, repairs and other expenses"
2020,152.3,"Owned accommodation"
2020,118.5,"Mortgage interest cost"
2020,171.2,"Homeowners' replacement cost"
2020,168,"Property taxes and other special charges"
2020,262,"Homeowners' home and mortgage insurance"
2020,142.8,"Homeowners' maintenance and repairs"
2020,172.7,"Other owned accommodation expenses"
2020,158.9,"Water, fuel and electricity"
2020,145.7,"Electricity"
2020,260.4,"Water"
2020,117,"Natural gas"
2020,195.8,"Fuel oil and other fuels"
2020,123.8,"Household operations, furnishings and equipment"
2020,138.5,"Household operations"
2020,116.8,"Communications"
2020,109.2,"Telephone services"
2020,212.3,"Postal and other communications services"
2020,177.8,"Child care and housekeeping services"
2020,172.1,"Child care services"
2020,193.3,"Housekeeping services"
2020,123.3,"Household cleaning products"
2020,108.4,"Detergents and soaps (other than personal care)"
2020,144,"Other household cleaning products"
2020,139.4,"Paper, plastic and aluminum foil supplies"
2020,142.6,"Paper supplies"
2020,127.1,"Plastic and aluminum foil supplies"
2020,154.5,"Other household goods and services"
2020,154,"Pet food and supplies"
2020,129.1,"Seeds, plants and cut flowers"
2020,113,"Other horticultural goods"
2020,120.5,"Other household supplies"
2020,192.8,"Other household services"
2020,98.8,"Household furnishings and equipment"
2020,95.5,"Furniture and household textiles"
2020,90.7,"Furniture"
2020,93.8,"Upholstered furniture"
2020,96.1,"Wooden furniture"
2020,82.1,"Other furniture"
2020,118.4,"Household textiles"
2020,136.3,"Window coverings"
2020,108.5,"Bedding and other household textiles"
2020,90.1,"Household equipment"
2020,87,"Household appliances"
2020,86.4,"Cooking appliances"
2020,86.5,"Refrigerators and freezers"
2020,84.4,"Laundry and dishwashing appliances"
2020,90.2,"Other household appliances"
2020,80.6,"Non-electric kitchen utensils, tableware and cookware"
2020,95.6,"Tools and other household equipment"
2020,95.6,"Household tools (including lawn, garden and snow removal equipment)"
2020,95.5,"Other household equipment"
2020,193.7,"Services related to household furnishings and equipment"
2020,94.4,"Clothing and footwear"
2020,83.3,"Clothing"
2020,79.1,"Women's clothing"
2020,91.5,"Men's clothing"
2020,77.8,"Children's clothing"
2020,93,"Footwear"
2020,90.1,"Women's footwear (excluding athletic)"
2020,95.4,"Men's footwear (excluding athletic)"
2020,97.6,"Children's footwear (excluding athletic)"
2020,91.4,"Athletic footwear"
2020,142.2,"Clothing accessories, watches and jewellery"
2020,99,"Leather clothing accessories"
2020,86.4,"Other clothing accessories"
2020,113,"Watches"
2020,201.2,"Jewellery"
2020,156.7,"Clothing material, notions and services"
2020,127,"Clothing material and notions"
2020,144.7,"Laundry services"
2020,172.8,"Dry cleaning services"
2020,170.5,"Other clothing services"
2020,141.2,"Transportation"
2020,137.9,"Private transportation"
2020,107.5,"Purchase, leasing and rental of passenger vehicles"
2020,107.4,"Purchase and leasing of passenger vehicles"
2020,108.4,"Purchase of passenger vehicles"
2020,102.1,"Leasing of passenger vehicles"
2020,113.5,"Rental of passenger vehicles"
2020,164.4,"Operation of passenger vehicles"
2020,146.7,"Gasoline"
2020,149.7,"Passenger vehicle parts, maintenance and repairs"
2020,137.5,"Passenger vehicle parts, accessories and supplies"
2020,156.7,"Passenger vehicle maintenance and repair services"
2020,189.8,"Other passenger vehicle operating expenses"
2020,196.1,"Passenger vehicle insurance premiums"
2020,140.2,"Passenger vehicle registration fees"
2020,174.5,"Drivers' licences"
2020,201.7,"Parking fees"
2020,146.8,"All other passenger vehicle operating expenses"
2020,170.8,"Public transportation"
2020,166.2,"Local and commuter transportation"
2020,174.6,"City bus and subway transportation"
2020,146.6,"Taxi and other local and commuter transportation services"
2020,169.4,"Inter-city transportation"
2020,169.1,"Air transportation"
2020,141.4,"Rail, highway bus and other inter-city transportation"
2020,129.2,"Health and personal care"
2020,131.4,"Health care"
2020,105.8,"Health care goods"
2020,101.7,"Medicinal and pharmaceutical products"
2020,87.3,"Prescribed medicines (excluding medicinal cannabis)"
2020,129.5,"Non-prescribed medicines"
2020,117,"Eye care goods"
2020,120.3,"Other health care goods"
2020,174.7,"Health care services"
2020,169.8,"Dental care services"
2020,190,"Other health care services"
2020,127.2,"Personal care"
2020,106.4,"Personal care supplies and equipment"
2020,106.3,"Personal soap"
2020,102.2,"Toiletry items and cosmetics"
2020,132.6,"Oral-hygiene products"
2020,104.1,"Other personal care supplies and equipment"
2020,160,"Personal care services"
2020,115.7,"Recreation, education and reading"
2020,101.4,"Recreation"
2020,51.1,"Recreational equipment and services (excluding recreational vehicles)"
2020,84.9,"Sporting and exercise equipment"
2020,90.9,"Toys, games (excluding video games) and hobby supplies"
2020,17.4,"Digital computing equipment and devices"
2020,26.7,"Photographic equipment and supplies"
2020,75.8,"Other recreational equipment"
2020,129.1,"Recreational services"
2020,137.3,"Purchase and operation of recreational vehicles"
2020,117.5,"Purchase of recreational vehicles and outboard motors"
2020,170.2,"Operation of recreational vehicles"
2020,147.9,"Fuel, parts and accessories for recreational vehicles"
2020,175.6,"Insurance, licences and other services for recreational vehicles"
2020,44.9,"Home entertainment equipment, parts and services"
2020,43.9,"Audio equipment"
2020,20.7,"Video equipment"
2020,72.8,"Purchase of digital media"
2020,93.9,"Travel services"
2020,73.4,"Traveller accommodation"
2020,109.4,"Travel tours"
2020,182.9,"Other cultural and recreational services"
2020,151.9,"Spectator entertainment (excluding video and audio subscription services)"
2020,216.2,"Video and audio subscription services"
2020,158.9,"Use of recreational facilities and services"
2020,164.8,"Education and reading"
2020,168.7,"Education"
2020,176.5,"Tuition fees"
2020,148.6,"School textbooks and supplies"
2020,150,"Other lessons, courses and education services"
2020,159.1,"Reading material (excluding textbooks)"
2020,199.4,"Newspapers"
2020,155.7,"Magazines and periodicals"
2020,126,"Books and reading material (excluding textbooks)"
2020,171.9,"Alcoholic beverages, tobacco products and recreational cannabis"
2020,132,"Alcoholic beverages"
2020,147.9,"Alcoholic beverages served in licensed establishments"
2020,154.6,"Beer served in licensed establishments"
2020,129.8,"Wine served in licensed establishments"
2020,150.6,"Liquor served in licensed establishments"
2020,125.1,"Alcoholic beverages purchased from stores"
2020,134,"Beer purchased from stores"
2020,111.8,"Wine purchased from stores"
2020,124,"Liquor purchased from stores"
2020,245.4,"Tobacco products and smokers' supplies"
2020,245.2,"Cigarettes"
2020,250.6,"Other tobacco products and smokers' supplies"
2020,133.8,"All-items excluding food"
2020,132,"All-items excluding food and energy"
2020,138.2,"All-items excluding mortgage interest cost"
2020,135.8,"All-items excluding alcoholic beverages, tobacco products and smokers' supplies and recreational cannabis"
2020,137.2,"All-items excluding alcoholic beverages and recreational cannabis"
2020,135.8,"All-items excluding tobacco products and smokers' supplies and recreational cannabis"
2020,133.3,"All-items excluding shelter"
2020,135.8,"All-items excluding energy"
2020,136.3,"All-items excluding gasoline"
2020,132.8,"Private transportation excluding gasoline"
2020,151.9,"Food and energy"
2020,150.5,"Fresh fruit and vegetables"
2020,147.2,"Energy"
2020,122.5,"Goods"
2020,92.7,"Durable goods"
2020,97.2,"Semi-durable goods"
2020,146.7,"Non-durable goods"
2020,143.2,"Non-durable goods excluding food purchased from stores"
2020,138.2,"Non-durable goods excluding food purchased from stores and energy"
2020,114.1,"Goods excluding food purchased from stores"
2020,104.5,"Goods excluding food purchased from stores and energy"
2020,151.3,"Services"
2020,154.7,"Services excluding shelter services"
2021,141.6,"All-items"
2021,157.5,"Food"
2021,154.4,"Food purchased from stores"
2021,178.6,"Meat"
2021,187.1,"Fresh or frozen meat (excluding poultry)"
2021,202.4,"Fresh or frozen beef"
2021,153.5,"Fresh or frozen pork"
2021,174.9,"Other fresh or frozen meat (excluding poultry)"
2021,174.6,"Fresh or frozen poultry"
2021,179.2,"Fresh or frozen chicken"
2021,145.4,"Other fresh or frozen poultry"
2021,168.8,"Processed meat"
2021,168.2,"Ham and bacon"
2021,174.4,"Other processed meat"
2021,146.6,"Fish, seafood and other marine products"
2021,159.9,"Fish"
2021,156.4,"Fresh or frozen fish (including portions and fish sticks)"
2021,165.3,"Canned and other preserved fish"
2021,115.4,"Seafood and other marine products"
2021,145.8,"Dairy products and eggs"
2021,142.7,"Dairy products"
2021,151.2,"Fresh milk"
2021,159.8,"Butter"
2021,135.7,"Cheese"
2021,132.1,"Ice cream and related products"
2021,142.8,"Other dairy products"
2021,180.2,"Eggs"
2021,158.3,"Bakery and cereal products (excluding baby food)"
2021,168.4,"Bakery products"
2021,181.1,"Bread, rolls and buns"
2021,150.9,"Cookies and crackers"
2021,157.6,"Other bakery products"
2021,140.4,"Cereal products (excluding baby food)"
2021,150.2,"Rice and rice-based mixes"
2021,128.9,"Breakfast cereal and other cereal products (excluding baby food)"
2021,152.9,"Pasta products"
2021,152.5,"Flour and flour-based mixes"
2021,143,"Fruit, fruit preparations and nuts"
2021,139.8,"Fresh fruit"
2021,168.4,"Apples"
2021,157,"Oranges"
2021,131.7,"Bananas"
2021,129.1,"Other fresh fruit"
2021,141.4,"Preserved fruit and fruit preparations"
2021,145.5,"Fruit juices"
2021,133,"Other preserved fruit and fruit preparations"
2021,162,"Nuts and seeds"
2021,156.1,"Vegetables and vegetable preparations"
2021,158.1,"Fresh vegetables"
2021,131.3,"Potatoes"
2021,130,"Tomatoes"
2021,153.9,"Lettuce"
2021,176.8,"Other fresh vegetables"
2021,150.1,"Preserved vegetables and vegetable preparations"
2021,151.6,"Frozen and dried vegetables"
2021,151,"Canned vegetables and other vegetable preparations"
2021,142.2,"Other food products and non-alcoholic beverages"
2021,148.2,"Sugar and confectionery"
2021,112.8,"Sugar and syrup"
2021,155.6,"Confectionery"
2021,161.1,"Edible fats and oils"
2021,172,"Margarine"
2021,149.7,"Other edible fats and oils"
2021,132.7,"Coffee and tea"
2021,134.8,"Coffee"
2021,127.6,"Tea"
2021,130.8,"Condiments, spices and vinegars"
2021,148.2,"Other food preparations"
2021,154.6,"Soup"
2021,146.9,"Baby foods"
2021,128.6,"Frozen food preparations"
2021,159.6,"All other food preparations"
2021,135.9,"Non-alcoholic beverages"
2021,164.9,"Food purchased from restaurants"
2021,165.8,"Food purchased from table-service restaurants"
2021,163,"Food purchased from fast food and take-out restaurants"
2021,165,"Food purchased from cafeterias and other restaurants"
2021,152.7,"Shelter"
2021,128.9,"Rented accommodation"
2021,128.8,"Rent"
2021,116.7,"Tenants' insurance premiums"
2021,150.7,"Tenants' maintenance, repairs and other expenses"
2021,158.6,"Owned accommodation"
2021,109.4,"Mortgage interest cost"
2021,190.8,"Homeowners' replacement cost"
2021,170.9,"Property taxes and other special charges"
2021,275.3,"Homeowners' home and mortgage insurance"
2021,145.5,"Homeowners' maintenance and repairs"
2021,191.2,"Other owned accommodation expenses"
2021,169.3,"Water, fuel and electricity"
2021,149.2,"Electricity"
2021,266.2,"Water"
2021,135.8,"Natural gas"
2021,243.6,"Fuel oil and other fuels"
2021,125.2,"Household operations, furnishings and equipment"
2021,138,"Household operations"
2021,108.5,"Communications"
2021,95.4,"Telephone services"
2021,214.4,"Postal and other communications services"
2021,183.7,"Child care and housekeeping services"
2021,177.6,"Child care services"
2021,199.9,"Housekeeping services"
2021,123.9,"Household cleaning products"
2021,108.1,"Detergents and soaps (other than personal care)"
2021,145.6,"Other household cleaning products"
2021,141.6,"Paper, plastic and aluminum foil supplies"
2021,144.9,"Paper supplies"
2021,129.8,"Plastic and aluminum foil supplies"
2021,159.9,"Other household goods and services"
2021,159.9,"Pet food and supplies"
2021,133.6,"Seeds, plants and cut flowers"
2021,117.7,"Other horticultural goods"
2021,125.9,"Other household supplies"
2021,200,"Other household services"
2021,103.5,"Household furnishings and equipment"
2021,101.7,"Furniture and household textiles"
2021,97.3,"Furniture"
2021,103,"Upholstered furniture"
2021,103,"Wooden furniture"
2021,85,"Other furniture"
2021,120.1,"Household textiles"
2021,140,"Window coverings"
2021,109.7,"Bedding and other household textiles"
2021,93.3,"Household equipment"
2021,91.8,"Household appliances"
2021,91.8,"Cooking appliances"
2021,94.8,"Refrigerators and freezers"
2021,89.1,"Laundry and dishwashing appliances"
2021,93,"Other household appliances"
2021,84.6,"Non-electric kitchen utensils, tableware and cookware"
2021,96.4,"Tools and other household equipment"
2021,96.5,"Household tools (including lawn, garden and snow removal equipment)"
2021,96.4,"Other household equipment"
2021,201,"Services related to household furnishings and equipment"
2021,94.1,"Clothing and footwear"
2021,82,"Clothing"
2021,77.6,"Women's clothing"
2021,90.5,"Men's clothing"
2021,76.7,"Children's clothing"
2021,93,"Footwear"
2021,90,"Women's footwear (excluding athletic)"
2021,95.5,"Men's footwear (excluding athletic)"
2021,96.8,"Children's footwear (excluding athletic)"
2021,91.8,"Athletic footwear"
2021,147.6,"Clothing accessories, watches and jewellery"
2021,110.5,"Watches"
2021,220.3,"Jewellery"
2021,160.8,"Clothing material, notions and services"
2021,151.4,"Transportation"
2021,148.6,"Private transportation"
2021,113.2,"Purchase, leasing and rental of passenger vehicles"
2021,112.9,"Purchase and leasing of passenger vehicles"
2021,113.9,"Purchase of passenger vehicles"
2021,107.1,"Leasing of passenger vehicles"
2021,149.7,"Rental of passenger vehicles"
2021,181,"Operation of passenger vehicles"
2021,192.4,"Gasoline"
2021,153.6,"Passenger vehicle parts, maintenance and repairs"
2021,139.9,"Passenger vehicle parts, accessories and supplies"
2021,161,"Passenger vehicle maintenance and repair services"
2021,186.2,"Other passenger vehicle operating expenses"
2021,189.4,"Passenger vehicle insurance premiums"
2021,140.5,"Passenger vehicle registration fees"
2021,175.7,"Drivers' licences"
2021,206.9,"Parking fees"
2021,159.7,"All other passenger vehicle operating expenses"
2021,175.3,"Public transportation"
2021,164.9,"Local and commuter transportation"
2021,172.7,"City bus and subway transportation"
2021,147.4,"Taxi and other local and commuter transportation services"
2021,178.8,"Inter-city transportation"
2021,179.7,"Air transportation"
2021,139.9,"Rail, highway bus and other inter-city transportation"
2021,132.6,"Health and personal care"
2021,134.1,"Health care"
2021,106.3,"Health care goods"
2021,101.6,"Medicinal and pharmaceutical products"
2021,87.7,"Prescribed medicines (excluding medicinal cannabis)"
2021,129.4,"Non-prescribed medicines"
2021,119,"Eye care goods"
2021,121.9,"Other health care goods"
2021,182.3,"Health care services"
2021,177.2,"Dental care services"
2021,198,"Other health care services"
2021,131.4,"Personal care"
2021,107.7,"Personal care supplies and equipment"
2021,106.5,"Personal soap"
2021,104.8,"Toiletry items and cosmetics"
2021,133.1,"Oral-hygiene products"
2021,104,"Other personal care supplies and equipment"
2021,168.6,"Personal care services"
2021,117.9,"Recreation, education and reading"
2021,103.2,"Recreation"
2021,49.6,"Recreational equipment and services (excluding recreational vehicles)"
2021,80.8,"Sporting and exercise equipment"
2021,90.3,"Toys, games (excluding video games) and hobby supplies"
2021,16.4,"Digital computing equipment and devices"
2021,27.6,"Photographic equipment and supplies"
2021,75.5,"Other recreational equipment"
2021,130.7,"Recreational services"
2021,147,"Purchase and operation of recreational vehicles"
2021,126.3,"Purchase of recreational vehicles and outboard motors"
2021,180.9,"Operation of recreational vehicles"
2021,189,"Fuel, parts and accessories for recreational vehicles"
2021,173.4,"Insurance, licences and other services for recreational vehicles"
2021,45.1,"Home entertainment equipment, parts and services"
2021,43.8,"Audio equipment"
2021,21.2,"Video equipment"
2021,67.4,"Purchase of digital media"
2021,93.8,"Travel services"
2021,75,"Traveller accommodation"
2021,104.6,"Travel tours"
2021,189.5,"Other cultural and recreational services"
2021,154.5,"Spectator entertainment (excluding video and audio subscription services)"
2021,225.6,"Video and audio subscription services"
2021,163.3,"Use of recreational facilities and services"
2021,168.6,"Education and reading"
2021,172.1,"Education"
2021,179.9,"Tuition fees"
2021,150.1,"School textbooks and supplies"
2021,154.4,"Other lessons, courses and education services"
2021,167.1,"Reading material (excluding textbooks)"
2021,209.4,"Newspapers"
2021,157.8,"Magazines and periodicals"
2021,134.4,"Books and reading material (excluding textbooks)"
2021,175,"Alcoholic beverages, tobacco products and recreational cannabis"
2021,133.2,"Alcoholic beverages"
2021,148.6,"Alcoholic beverages served in licensed establishments"
2021,155.8,"Beer served in licensed establishments"
2021,128.7,"Wine served in licensed establishments"
2021,151.6,"Liquor served in licensed establishments"
2021,126.9,"Alcoholic beverages purchased from stores"
2021,137.3,"Beer purchased from stores"
2021,112.2,"Wine purchased from stores"
2021,125.4,"Liquor purchased from stores"
2021,264.8,"Tobacco products and smokers' supplies"
2021,264.6,"Cigarettes"
2021,269.4,"Other tobacco products and smokers' supplies"
2021,138.6,"All-items excluding food"
2021,135.1,"All-items excluding food and energy"
2021,143.5,"All-items excluding mortgage interest cost"
2021,140.5,"All-items excluding alcoholic beverages, tobacco products and smokers' supplies and recreational cannabis"
2021,137.5,"All-items excluding shelter"
2021,139,"All-items excluding energy"
2021,139.8,"All-items excluding gasoline"
2021,136.9,"Private transportation excluding gasoline"
2021,162.4,"Food and energy"
2021,150,"Fresh fruit and vegetables"
2021,175,"Energy"
2021,128.3,"Goods"
2021,96.8,"Durable goods"
2021,97.3,"Semi-durable goods"
2021,155.8,"Non-durable goods"
2021,107.3,"Goods excluding food purchased from stores and energy"
2021,154.8,"Services"
2022,151.2,"All-items"
2022,171.5,"Food"
2022,169.5,"Food purchased from stores"
2022,193,"Meat"
2022,200.7,"Fresh or frozen meat (excluding poultry)"
2022,219.6,"Fresh or frozen beef"
2022,158.9,"Fresh or frozen pork"
2022,190.4,"Other fresh or frozen meat (excluding poultry)"
2022,186.8,"Fresh or frozen poultry"
2022,193,"Fresh or frozen chicken"
2022,150.8,"Other fresh or frozen poultry"
2022,185,"Processed meat"
2022,182.8,"Ham and bacon"
2022,191.6,"Other processed meat"
2022,157.8,"Fish, seafood and other marine products"
2022,174.8,"Fish"
2022,172.7,"Fresh or frozen fish (including portions and fish sticks)"
2022,176.1,"Canned and other preserved fish"
2022,119.4,"Seafood and other marine products"
2022,158.6,"Dairy products and eggs"
2022,155,"Dairy products"
2022,164.2,"Fresh milk"
2022,184.9,"Butter"
2022,146,"Cheese"
2022,138.9,"Ice cream and related products"
2022,155.5,"Other dairy products"
2022,199.5,"Eggs"
2022,177.8,"Bakery and cereal products (excluding baby food)"
2022,187.7,"Bakery products"
2022,204.6,"Bread, rolls and buns"
2022,163.4,"Cookies and crackers"
2022,175,"Other bakery products"
2022,159.5,"Cereal products (excluding baby food)"
2022,164.9,"Rice and rice-based mixes"
2022,145.5,"Breakfast cereal and other cereal products (excluding baby food)"
2022,181.1,"Pasta products"
2022,175.4,"Flour and flour-based mixes"
2022,156,"Fruit, fruit preparations and nuts"
2022,154.3,"Fresh fruit"
2022,186.8,"Apples"
2022,180.1,"Oranges"
2022,137.5,"Bananas"
2022,142.4,"Other fresh fruit"
2022,152.5,"Preserved fruit and fruit preparations"
2022,155.6,"Fruit juices"
2022,145.1,"Other preserved fruit and fruit preparations"
2022,169,"Nuts and seeds"
2022,170.3,"Vegetables and vegetable preparations"
2022,171.3,"Fresh vegetables"
2022,139.7,"Potatoes"
2022,138,"Tomatoes"
2022,183.6,"Lettuce"
2022,192.4,"Other fresh vegetables"
2022,167.5,"Preserved vegetables and vegetable preparations"
2022,168.5,"Frozen and dried vegetables"
2022,168.9,"Canned vegetables and other vegetable preparations"
2022,158.2,"Other food products and non-alcoholic beverages"
2022,157.9,"Sugar and confectionery"
2022,129.8,"Sugar and syrup"
2022,163.9,"Confectionery"
2022,202,"Edible fats and oils"
2022,223.9,"Margarine"
2022,185.9,"Other edible fats and oils"
2022,148.2,"Coffee and tea"
2022,151.5,"Coffee"
2022,138.2,"Tea"
2022,150,"Condiments, spices and vinegars"
2022,163.1,"Other food preparations"
2022,174.3,"Soup"
2022,155.7,"Baby foods"
2022,140.3,"Frozen food preparations"
2022,175.7,"All other food preparations"
2022,151,"Non-alcoholic beverages"
2022,175.9,"Food purchased from restaurants"
2022,176.8,"Food purchased from table-service restaurants"
2022,173.9,"Food purchased from fast food and take-out restaurants"
2022,176.1,"Food purchased from cafeterias and other restaurants"
2022,163.3,"Shelter"
2022,134.9,"Rented accommodation"
2022,134.7,"Rent"
2022,126.1,"Tenants' insurance premiums"
2022,160.6,"Tenants' maintenance, repairs and other expenses"
2022,169.1,"Owned accommodation"
2022,112.2,"Mortgage interest cost"
2022,209,"Homeowners' replacement cost"
2022,174.4,"Property taxes and other special charges"
2022,295.8,"Homeowners' home and mortgage insurance"
2022,154.8,"Homeowners' maintenance and repairs"
2022,210.3,"Other owned accommodation expenses"
2022,190.5,"Water, fuel and electricity"
2022,154.8,"Electricity"
2022,273.2,"Water"
2022,172.3,"Natural gas"
2022,388.7,"Fuel oil and other fuels"
2022,130.9,"Household operations, furnishings and equipment"
2022,141.8,"Household operations"
2022,106.1,"Communications"
2022,92.3,"Telephone services"
2022,218.7,"Postal and other communications services"
2022,181.5,"Child care and housekeeping services"
2022,168,"Child care services"
2022,209.1,"Housekeeping services"
2022,129.6,"Household cleaning products"
2022,112.1,"Detergents and soaps (other than personal care)"
2022,153.3,"Other household cleaning products"
2022,153.9,"Paper, plastic and aluminum foil supplies"
2022,157.3,"Paper supplies"
2022,142.2,"Plastic and aluminum foil supplies"
2022,168.3,"Other household goods and services"
2022,175.7,"Pet food and supplies"
2022,141.3,"Seeds, plants and cut flowers"
2022,125.9,"Other horticultural goods"
2022,133.1,"Other household supplies"
2022,210.4,"Other household services"
2022,111.9,"Household furnishings and equipment"
2022,113.1,"Furniture and household textiles"
2022,108.6,"Furniture"
2022,118.5,"Upholstered furniture"
2022,115.8,"Wooden furniture"
2022,89.3,"Other furniture"
2022,130.6,"Household textiles"
2022,154.6,"Window coverings"
2022,118.9,"Bedding and other household textiles"
2022,98.6,"Household equipment"
2022,100.1,"Household appliances"
2022,99.5,"Cooking appliances"
2022,107.9,"Refrigerators and freezers"
2022,97.7,"Laundry and dishwashing appliances"
2022,99,"Other household appliances"
2022,93.1,"Non-electric kitchen utensils, tableware and cookware"
2022,97.5,"Tools and other household equipment"
2022,97.5,"Household tools (including lawn, garden and snow removal equipment)"
2022,97.5,"Other household equipment"
2022,211.5,"Services related to household furnishings and equipment"
2022,95.4,"Clothing and footwear"
2022,82.2,"Clothing"
2022,78.6,"Women's clothing"
2022,91.2,"Men's clothing"
2022,73.8,"Children's clothing"
2022,95.1,"Footwear"
2022,92.9,"Women's footwear (excluding athletic)"
2022,98.5,"Men's footwear (excluding athletic)"
2022,99.8,"Children's footwear (excluding athletic)"
2022,92.3,"Athletic footwear"
2022,152.4,"Clothing accessories, watches and jewellery"
2022,114.6,"Watches"
2022,226.8,"Jewellery"
2022,168.5,"Clothing material, notions and services"
2022,167.5,"Transportation"
2022,164.6,"Private transportation"
2022,121.4,"Purchase, leasing and rental of passenger vehicles"
2022,121,"Purchase and leasing of passenger vehicles"
2022,122.1,"Purchase of passenger vehicles"
2022,114.3,"Leasing of passenger vehicles"
2022,167.3,"Rental of passenger vehicles"
2022,205.6,"Operation of passenger vehicles"
2022,247.2,"Gasoline"
2022,163.9,"Passenger vehicle parts, maintenance and repairs"
2022,150.6,"Passenger vehicle parts, accessories and supplies"
2022,169.2,"Passenger vehicle maintenance and repair services"
2022,184.6,"Other passenger vehicle operating expenses"
2022,189.3,"Passenger vehicle insurance premiums"
2022,107.7,"Passenger vehicle registration fees"
2022,175.7,"Drivers' licences"
2022,210.9,"Parking fees"
2022,181.7,"All other passenger vehicle operating expenses"
2022,190.5,"Public transportation"
2022,164.5,"Local and commuter transportation"
2022,170.3,"City bus and subway transportation"
2022,151.1,"Taxi and other local and commuter transportation services"
2022,206.7,"Inter-city transportation"
2022,211.6,"Air transportation"
2022,148.4,"Rail, highway bus and other inter-city transportation"
2022,138,"Health and personal care"
2022,137.8,"Health care"
2022,107.8,"Health care goods"
2022,103.2,"Medicinal and pharmaceutical products"
2022,87.7,"Prescribed medicines (excluding medicinal cannabis)"
2022,134.8,"Non-prescribed medicines"
2022,122.8,"Eye care goods"
2022,119.3,"Other health care goods"
2022,190.8,"Health care services"
2022,185.9,"Dental care services"
2022,207.1,"Other health care services"
2022,138.5,"Personal care"
2022,114.4,"Personal care supplies and equipment"
2022,113.6,"Personal soap"
2022,111.4,"Toiletry items and cosmetics"
2022,142.4,"Oral-hygiene products"
2022,109.8,"Other personal care supplies and equipment"
2022,174.5,"Personal care services"
2022,123.5,"Recreation, education and reading"
2022,109,"Recreation"
2022,49.9,"Recreational equipment and services (excluding recreational vehicles)"
2022,85.2,"Sporting and exercise equipment"
2022,94.6,"Toys, games (excluding video games) and hobby supplies"
2022,15.1,"Digital computing equipment and devices"
2022,27.9,"Photographic equipment and supplies"
2022,77.9,"Other recreational equipment"
2022,129.7,"Recreational services"
2022,162.9,"Purchase and operation of recreational vehicles"
2022,138.6,"Purchase of recreational vehicles and outboard motors"
2022,205.3,"Operation of recreational vehicles"
2022,239.6,"Fuel, parts and accessories for recreational vehicles"
2022,174.3,"Insurance, licences and other services for recreational vehicles"
2022,43.9,"Home entertainment equipment, parts and services"
2022,44.5,"Audio equipment"
2022,19.9,"Video equipment"
2022,69.4,"Purchase of digital media"
2022,107.7,"Travel services"
2022,97,"Traveller accommodation"
2022,105.2,"Travel tours"
2022,199.8,"Other cultural and recreational services"
2022,154.1,"Spectator entertainment (excluding video and audio subscription services)"
2022,240.6,"Video and audio subscription services"
2022,171,"Use of recreational facilities and services"
2022,172.1,"Education and reading"
2022,175.7,"Education"
2022,183.6,"Tuition fees"
2022,153,"School textbooks and supplies"
2022,158.6,"Other lessons, courses and education services"
2022,169.6,"Reading material (excluding textbooks)"
2022,217.7,"Newspapers"
2022,163.9,"Magazines and periodicals"
2022,134.3,"Books and reading material (excluding textbooks)"
2022,181.3,"Alcoholic beverages, tobacco products and recreational cannabis"
2022,138.8,"Alcoholic beverages"
2022,154.8,"Alcoholic beverages served in licensed establishments"
2022,163.9,"Beer served in licensed establishments"
2022,132,"Wine served in licensed establishments"
2022,156.8,"Liquor served in licensed establishments"
2022,132.2,"Alcoholic beverages purchased from stores"
2022,144.3,"Beer purchased from stores"
2022,117.3,"Wine purchased from stores"
2022,128.4,"Liquor purchased from stores"
2022,279.7,"Tobacco products and smokers' supplies"
2022,279.7,"Cigarettes"
2022,283.3,"Other tobacco products and smokers' supplies"
2022,147.4,"All-items excluding food"
2022,141.8,"All-items excluding food and energy"
2022,153.5,"All-items excluding mortgage interest cost"
2022,150.3,"All-items excluding alcoholic beverages, tobacco products and smokers' supplies and recreational cannabis"
2022,146.8,"All-items excluding shelter"
2022,146.9,"All-items excluding energy"
2022,148.2,"All-items excluding gasoline"
2022,144.3,"Private transportation excluding gasoline"
2022,183.3,"Food and energy"
2022,163.8,"Fresh fruit and vegetables"
2022,214.4,"Energy"
2022,139.4,"Goods"
2022,102.8,"Durable goods"
2022,100.8,"Semi-durable goods"
2022,173.3,"Non-durable goods"
2022,112.9,"Goods excluding food purchased from stores and energy"
2022,162.6,"Services"
2023,157.1,"All-items"
2023,184.3,"Food"
2023,182.8,"Food purchased from stores"
2023,204.8,"Meat"
2023,211.7,"Fresh or frozen meat (excluding poultry)"
2023,236.2,"Fresh or frozen beef"
2023,162.4,"Fresh or frozen pork"
2023,190.7,"Other fresh or frozen meat (excluding poultry)"
2023,203.3,"Fresh or frozen poultry"
2023,210.7,"Fresh or frozen chicken"
2023,161.5,"Other fresh or frozen poultry"
2023,194.2,"Processed meat"
2023,181.9,"Ham and bacon"
2023,203.1,"Other processed meat"
2023,163.9,"Fish, seafood and other marine products"
2023,183.3,"Fish"
2023,180.7,"Fresh or frozen fish (including portions and fish sticks)"
2023,185.4,"Canned and other preserved fish"
2023,121.1,"Seafood and other marine products"
2023,169,"Dairy products and eggs"
2023,165.1,"Dairy products"
2023,173,"Fresh milk"
2023,202.2,"Butter"
2023,153.1,"Cheese"
2023,150.8,"Ice cream and related products"
2023,168.7,"Other dairy products"
2023,212.9,"Eggs"
2023,196.4,"Bakery and cereal products (excluding baby food)"
2023,207.8,"Bakery products"
2023,223.3,"Bread, rolls and buns"
2023,182.8,"Cookies and crackers"
2023,196.3,"Other bakery products"
2023,175.4,"Cereal products (excluding baby food)"
2023,180.8,"Rice and rice-based mixes"
2023,158.4,"Breakfast cereal and other cereal products (excluding baby food)"
2023,206.8,"Pasta products"
2023,190.4,"Flour and flour-based mixes"
2023,167.3,"Fruit, fruit preparations and nuts"
2023,163.6,"Fresh fruit"
2023,201.9,"Apples"
2023,195,"Oranges"
2023,137.4,"Bananas"
2023,155,"Other fresh fruit"
2023,170.1,"Preserved fruit and fruit preparations"
2023,176.1,"Fruit juices"
2023,158.4,"Other preserved fruit and fruit preparations"
2023,177.1,"Nuts and seeds"
2023,184.7,"Vegetables and vegetable preparations"
2023,185.1,"Fresh vegetables"
2023,152.1,"Potatoes"
2023,147.6,"Tomatoes"
2023,189.5,"Lettuce"
2023,216.6,"Other fresh vegetables"
2023,183.7,"Preserved vegetables and vegetable preparations"
2023,192,"Frozen and dried vegetables"
2023,182.2,"Canned vegetables and other vegetable preparations"
2023,172.4,"Other food products and non-alcoholic beverages"
2023,170.5,"Sugar and confectionery"
2023,142.3,"Sugar and syrup"
2023,176.7,"Confectionery"
2023,236.1,"Edible fats and oils"
2023,259.2,"Margarine"
2023,217.7,"Other edible fats and oils"
2023,158.7,"Coffee and tea"
2023,161.8,"Coffee"
2023,149.1,"Tea"
2023,163.1,"Condiments, spices and vinegars"
2023,178.5,"Other food preparations"
2023,192.5,"Soup"
2023,170.4,"Baby foods"
2023,157.6,"Frozen food preparations"
2023,189.3,"All other food preparations"
2023,163.8,"Non-alcoholic beverages"
2023,187.3,"Food purchased from restaurants"
2023,187.5,"Food purchased from table-service restaurants"
2023,186.3,"Food purchased from fast food and take-out restaurants"
2023,187.7,"Food purchased from cafeterias and other restaurants"
2023,172.5,"Shelter"
2023,143.4,"Rented accommodation"
2023,143.4,"Rent"
2023,127.6,"Tenants' insurance premiums"
2023,171.6,"Tenants' maintenance, repairs and other expenses"
2023,179.5,"Owned accommodation"
2023,144.2,"Mortgage interest cost"
2023,209.3,"Homeowners' replacement cost"
2023,181.2,"Property taxes and other special charges"
2023,318.3,"Homeowners' home and mortgage insurance"
2023,164.7,"Homeowners' maintenance and repairs"
2023,208.3,"Other owned accommodation expenses"
2023,193.6,"Water, fuel and electricity"
2023,164,"Electricity"
2023,283.2,"Water"
2023,165,"Natural gas"
2023,345.2,"Fuel oil and other fuels"
2023,132,"Household operations, furnishings and equipment"
2023,142.7,"Household operations"
2023,99.2,"Communications"
2023,84.1,"Telephone services"
2023,219.1,"Postal and other communications services"
2023,161.9,"Child care and housekeeping services"
2023,130,"Child care services"
2023,221.8,"Housekeeping services"
2023,139.8,"Household cleaning products"
2023,119.8,"Detergents and soaps (other than personal care)"
2023,166.2,"Other household cleaning products"
2023,167.1,"Paper, plastic and aluminum foil supplies"
2023,171.8,"Paper supplies"
2023,151.1,"Plastic and aluminum foil supplies"
2023,176.2,"Other household goods and services"
2023,191.9,"Pet food and supplies"
2023,147.5,"Seeds, plants and cut flowers"
2023,133.6,"Other horticultural goods"
2023,137.2,"Other household supplies"
2023,224,"Other household services"
2023,113.2,"Household furnishings and equipment"
2023,112.8,"Furniture and household textiles"
2023,107.4,"Furniture"
2023,115.1,"Upholstered furniture"
2023,112.6,"Wooden furniture"
2023,92.5,"Other furniture"
2023,135.7,"Household textiles"
2023,165.4,"Window coverings"
2023,122.7,"Bedding and other household textiles"
2023,100,"Household equipment"
2023,99.7,"Household appliances"
2023,98.2,"Cooking appliances"
2023,104.3,"Refrigerators and freezers"
2023,95.9,"Laundry and dishwashing appliances"
2023,101.5,"Other household appliances"
2023,92.3,"Non-electric kitchen utensils, tableware and cookware"
2023,101,"Tools and other household equipment"
2023,100.9,"Household tools (including lawn, garden and snow removal equipment)"
2023,101,"Other household equipment"
2023,229,"Services related to household furnishings and equipment"
2023,96.4,"Clothing and footwear"
2023,82.5,"Clothing"
2023,78.8,"Women's clothing"
2023,92,"Men's clothing"
2023,74.4,"Children's clothing"
2023,95.8,"Footwear"
2023,94.3,"Women's footwear (excluding athletic)"
2023,100,"Men's footwear (excluding athletic)"
2023,99,"Children's footwear (excluding athletic)"
2023,92.1,"Athletic footwear"
2023,156.9,"Clothing accessories, watches and jewellery"
2023,119.1,"Watches"
2023,230.2,"Jewellery"
2023,175,"Clothing material, notions and services"
2023,169,"Transportation"
2023,166.2,"Private transportation"
2023,125.1,"Purchase, leasing and rental of passenger vehicles"
2023,124.7,"Purchase and leasing of passenger vehicles"
2023,125.8,"Purchase of passenger vehicles"
2023,118.5,"Leasing of passenger vehicles"
2023,169.2,"Rental of passenger vehicles"
2023,204.4,"Operation of passenger vehicles"
2023,228.4,"Gasoline"
2023,174.6,"Passenger vehicle parts, maintenance and repairs"
2023,161.5,"Passenger vehicle parts, accessories and supplies"
2023,178.6,"Passenger vehicle maintenance and repair services"
2023,191.1,"Other passenger vehicle operating expenses"
2023,197.8,"Passenger vehicle insurance premiums"
2023,99.3,"Passenger vehicle registration fees"
2023,176.5,"Drivers' licences"
2023,214.6,"Parking fees"
2023,189.8,"All other passenger vehicle operating expenses"
2023,188.1,"Public transportation"
2023,172.3,"Local and commuter transportation"
2023,174.6,"City bus and subway transportation"
2023,162.7,"Taxi and other local and commuter transportation services"
2023,194.4,"Inter-city transportation"
2023,194.1,"Air transportation"
2023,154.3,"Rail, highway bus and other inter-city transportation"
2023,145.8,"Health and personal care"
2023,144.1,"Health care"
2023,112.3,"Health care goods"
2023,107.7,"Medicinal and pharmaceutical products"
2023,88.7,"Prescribed medicines (excluding medicinal cannabis)"
2023,145.1,"Non-prescribed medicines"
2023,128.9,"Eye care goods"
2023,120.3,"Other health care goods"
2023,200.6,"Health care services"
2023,196.5,"Dental care services"
2023,216.1,"Other health care services"
2023,147.9,"Personal care"
2023,123.2,"Personal care supplies and equipment"
2023,118.3,"Personal soap"
2023,120.5,"Toiletry items and cosmetics"
2023,151,"Oral-hygiene products"
2023,118.8,"Other personal care supplies and equipment"
2023,181.7,"Personal care services"
2023,126.4,"Recreation, education and reading"
2023,111.2,"Recreation"
2023,49.6,"Recreational equipment and services (excluding recreational vehicles)"
2023,86.6,"Sporting and exercise equipment"
2023,97,"Toys, games (excluding video games) and hobby supplies"
2023,14,"Digital computing equipment and devices"
2023,27,"Photographic equipment and supplies"
2023,78.6,"Other recreational equipment"
2023,130.3,"Recreational services"
2023,166.7,"Purchase and operation of recreational vehicles"
2023,144.1,"Purchase of recreational vehicles and outboard motors"
2023,202.1,"Operation of recreational vehicles"
2023,225.1,"Fuel, parts and accessories for recreational vehicles"
2023,181.1,"Insurance, licences and other services for recreational vehicles"
2023,43.1,"Home entertainment equipment, parts and services"
2023,43.9,"Audio equipment"
2023,18.5,"Video equipment"
2023,75.2,"Purchase of digital media"
2023,113.6,"Travel services"
2023,105.3,"Traveller accommodation"
2023,118.9,"Travel tours"
2023,207.7,"Other cultural and recreational services"
2023,154.9,"Spectator entertainment (excluding video and audio subscription services)"
2023,249,"Video and audio subscription services"
2023,179.9,"Use of recreational facilities and services"
2023,178,"Education and reading"
2023,180.7,"Education"
2023,188,"Tuition fees"
2023,157.5,"School textbooks and supplies"
2023,166.9,"Other lessons, courses and education services"
2023,181.7,"Reading material (excluding textbooks)"
2023,235,"Newspapers"
2023,180.5,"Magazines and periodicals"
2023,140.8,"Books and reading material (excluding textbooks)"
2023,190.5,"Alcoholic beverages, tobacco products and recreational cannabis"
2023,145.8,"Alcoholic beverages"
2023,163,"Alcoholic beverages served in licensed establishments"
2023,173.7,"Beer served in licensed establishments"
2023,137.8,"Wine served in licensed establishments"
2023,164,"Liquor served in licensed establishments"
2023,138.6,"Alcoholic beverages purchased from stores"
2023,150.2,"Beer purchased from stores"
2023,124.4,"Wine purchased from stores"
2023,133.9,"Liquor purchased from stores"
2023,303.7,"Tobacco products and smokers' supplies"
2023,303.5,"Cigarettes"
2023,308.9,"Other tobacco products and smokers' supplies"
2023,152.1,"All-items excluding food"
2023,147.3,"All-items excluding food and energy"
2023,158.2,"All-items excluding mortgage interest cost"
2023,156.1,"All-items excluding alcoholic beverages, tobacco products and smokers' supplies and recreational cannabis"
2023,151.5,"All-items excluding shelter"
2023,153.5,"All-items excluding energy"
2023,154.6,"All-items excluding gasoline"
2023,150,"Private transportation excluding gasoline"
2023,190.4,"Food and energy"
2023,175.6,"Fresh fruit and vegetables"
2023,205.5,"Energy"
2023,143.8,"Goods"
2023,104.3,"Durable goods"
2023,103.8,"Semi-durable goods"
2023,180.3,"Non-durable goods"
2023,116.4,"Goods excluding food purchased from stores and energy"
2023,170.1,"Services"
2024,160.9,"All-items"
2024,189.3,"Food"
2024,186.9,"Food purchased from stores"
2024,211,"Meat"
2024,224.3,"Fresh or frozen meat (excluding poultry)"
2024,255,"Fresh or frozen beef"
2024,167.9,"Fresh or frozen pork"
2024,189.3,"Other fresh or frozen meat (excluding poultry)"
2024,207.2,"Fresh or frozen poultry"
2024,216.2,"Fresh or frozen chicken"
2024,157.9,"Other fresh or frozen poultry"
2024,195.5,"Processed meat"
2024,183.6,"Ham and bacon"
2024,204.4,"Other processed meat"
2024,161.8,"Fish, seafood and other marine products"
2024,181.6,"Fish"
2024,178.6,"Fresh or frozen fish (including portions and fish sticks)"
2024,185,"Canned and other preserved fish"
2024,118.2,"Seafood and other marine products"
2024,172.7,"Dairy products and eggs"
2024,168.4,"Dairy products"
2024,176,"Fresh milk"
2024,199.8,"Butter"
2024,155.3,"Cheese"
2024,152.7,"Ice cream and related products"
2024,175.3,"Other dairy products"
2024,220.5,"Eggs"
2024,198.1,"Bakery and cereal products (excluding baby food)"
2024,209.6,"Bakery products"
2024,220.3,"Bread, rolls and buns"
2024,191.8,"Cookies and crackers"
2024,198.5,"Other bakery products"
2024,176.8,"Cereal products (excluding baby food)"
2024,184.7,"Rice and rice-based mixes"
2024,159.4,"Breakfast cereal and other cereal products (excluding baby food)"
2024,210.7,"Pasta products"
2024,185.9,"Flour and flour-based mixes"
2024,168.6,"Fruit, fruit preparations and nuts"
2024,160.9,"Fresh fruit"
2024,199.8,"Apples"
2024,179.6,"Oranges"
2024,136,"Bananas"
2024,160.6,"Other fresh fruit"
2024,180.9,"Preserved fruit and fruit preparations"
2024,191.3,"Fruit juices"
2024,162.9,"Other preserved fruit and fruit preparations"
2024,178.8,"Nuts and seeds"
2024,191.3,"Vegetables and vegetable preparations"
2024,191.8,"Fresh vegetables"
2024,157,"Potatoes"
2024,151.7,"Tomatoes"
2024,189.9,"Lettuce"
2024,221.9,"Other fresh vegetables"
2024,190.2,"Preserved vegetables and vegetable preparations"
2024,200.2,"Frozen and dried vegetables"
2024,187.9,"Canned vegetables and other vegetable preparations"
2024,177.6,"Other food products and non-alcoholic beverages"
2024,175.8,"Sugar and confectionery"
2024,148.6,"Sugar and syrup"
2024,181.9,"Confectionery"
2024,260.4,"Edible fats and oils"
2024,253.5,"Margarine"
2024,246.6,"Other edible fats and oils"
2024,162.5,"Coffee and tea"
2024,164.6,"Coffee"
2024,156.7,"Tea"
2024,165.2,"Condiments, spices and vinegars"
2024,182.3,"Other food preparations"
2024,190.8,"Soup"
2024,174.8,"Baby foods"
2024,160.7,"Frozen food preparations"
2024,194.9,"All other food preparations"
2024,170.3,"Non-alcoholic beverages"
2024,194.1,"Food purchased from restaurants"
2024,193.6,"Food purchased from table-service restaurants"
2024,194.6,"Food purchased from fast food and take-out restaurants"
2024,194.5,"Food purchased from cafeterias and other restaurants"
2024,182.3,"Shelter"
2024,154.8,"Rented accommodation"
2024,155.1,"Rent"
2024,126.8,"Tenants' insurance premiums"
2024,173.4,"Tenants' maintenance, repairs and other expenses"
2024,189.9,"Owned accommodation"
2024,173.2,"Mortgage interest cost"
2024,207.8,"Homeowners' replacement cost"
2024,190.6,"Property taxes and other special charges"
2024,342.9,"Homeowners' home and mortgage insurance"
2024,167.7,"Homeowners' maintenance and repairs"
2024,208.3,"Other owned accommodation expenses"
2024,194.2,"Water, fuel and electricity"
2024,169.2,"Electricity"
2024,294.9,"Water"
2024,152.8,"Natural gas"
2024,318.9,"Fuel oil and other fuels"
2024,130.7,"Household operations, furnishings and equipment"
2024,140.9,"Household operations"
2024,90,"Communications"
2024,73.6,"Telephone services"
2024,220,"Postal and other communications services"
2024,163,"Child care and housekeeping services"
2024,127.5,"Child care services"
2024,231.4,"Housekeeping services"
2024,140.1,"Household cleaning products"
2024,119.1,"Detergents and soaps (other than personal care)"
2024,167.5,"Other household cleaning products"
2024,163.1,"Paper, plastic and aluminum foil supplies"
2024,167.2,"Paper supplies"
2024,149.2,"Plastic and aluminum foil supplies"
2024,180.4,"Other household goods and services"
2024,189.7,"Pet food and supplies"
2024,147.2,"Seeds, plants and cut flowers"
2024,138.3,"Other horticultural goods"
2024,137.4,"Other household supplies"
2024,234.1,"Other household services"
2024,112.6,"Household furnishings and equipment"
2024,112,"Furniture and household textiles"
2024,106.1,"Furniture"
2024,112.1,"Upholstered furniture"
2024,111.2,"Wooden furniture"
2024,93.7,"Other furniture"
2024,136.8,"Household textiles"
2024,166.8,"Window coverings"
2024,123.6,"Bedding and other household textiles"
2024,98.8,"Household equipment"
2024,97.9,"Household appliances"
2024,95.4,"Cooking appliances"
2024,100.7,"Refrigerators and freezers"
2024,94.5,"Laundry and dishwashing appliances"
2024,101.2,"Other household appliances"
2024,83.9,"Non-electric kitchen utensils, tableware and cookware"
2024,102.1,"Tools and other household equipment"
2024,101.9,"Household tools (including lawn, garden and snow removal equipment)"
2024,102.3,"Other household equipment"
2024,239.3,"Services related to household furnishings and equipment"
2024,93.3,"Clothing and footwear"
2024,79.4,"Clothing"
2024,76.6,"Women's clothing"
2024,87.9,"Men's clothing"
2024,69.6,"Children's clothing"
2024,91.9,"Footwear"
2024,88.1,"Women's footwear (excluding athletic)"
2024,96.2,"Men's footwear (excluding athletic)"
2024,93.6,"Children's footwear (excluding athletic)"
2024,91.5,"Athletic footwear"
2024,155.1,"Clothing accessories, watches and jewellery"
2024,119.4,"Watches"
2024,231,"Jewellery"
2024,177.1,"Clothing material, notions and services"
2024,171.7,"Transportation"
2024,169,"Private transportation"
2024,125,"Purchase, leasing and rental of passenger vehicles"
2024,124.8,"Purchase and leasing of passenger vehicles"
2024,125.6,"Purchase of passenger vehicles"
2024,121,"Leasing of passenger vehicles"
2024,149.7,"Rental of passenger vehicles"
2024,210.2,"Operation of passenger vehicles"
2024,227.9,"Gasoline"
2024,179.8,"Passenger vehicle parts, maintenance and repairs"
2024,164.9,"Passenger vehicle parts, accessories and supplies"
2024,186,"Passenger vehicle maintenance and repair services"
2024,204.3,"Other passenger vehicle operating expenses"
2024,213.8,"Passenger vehicle insurance premiums"
2024,100.4,"Passenger vehicle registration fees"
2024,179.9,"Drivers' licences"
2024,222.4,"Parking fees"
2024,191,"All other passenger vehicle operating expenses"
2024,187.1,"Public transportation"
2024,176.9,"Local and commuter transportation"
2024,181.1,"City bus and subway transportation"
2024,163.1,"Taxi and other local and commuter transportation services"
2024,189.9,"Inter-city transportation"
2024,188.6,"Air transportation"
2024,155.6,"Rail, highway bus and other inter-city transportation"
2024,150.4,"Health and personal care"
2024,148.4,"Health care"
2024,114.8,"Health care goods"
2024,109.5,"Medicinal and pharmaceutical products"
2024,90.4,"Prescribed medicines (excluding medicinal cannabis)"
2024,147.2,"Non-prescribed medicines"
2024,135.3,"Eye care goods"
2024,120,"Other health care goods"
2024,208.7,"Health care services"
2024,203.5,"Dental care services"
2024,226.6,"Other health care services"
2024,152.8,"Personal care"
2024,126.4,"Personal care supplies and equipment"
2024,121.9,"Personal soap"
2024,124.7,"Toiletry items and cosmetics"
2024,152.5,"Oral-hygiene products"
2024,120.7,"Other personal care supplies and equipment"
2024,190.6,"Personal care services"
2024,127,"Recreation, education and reading"
2024,111.4,"Recreation"
2024,48.5,"Recreational equipment and services (excluding recreational vehicles)"
2024,85.8,"Sporting and exercise equipment"
2024,98.8,"Toys, games (excluding video games) and hobby supplies"
2024,12.7,"Digital computing equipment and devices"
2024,27.1,"Photographic equipment and supplies"
2024,77.1,"Other recreational equipment"
2024,135.9,"Recreational services"
2024,172.1,"Purchase and operation of recreational vehicles"
2024,150,"Purchase of recreational vehicles and outboard motors"
2024,205.9,"Operation of recreational vehicles"
2024,223.9,"Fuel, parts and accessories for recreational vehicles"
2024,192,"Insurance, licences and other services for recreational vehicles"
2024,40.9,"Home entertainment equipment, parts and services"
2024,44.2,"Audio equipment"
2024,17.5,"Video equipment"
2024,69.5,"Purchase of digital media"
2024,112.3,"Travel services"
2024,102.9,"Traveller accommodation"
2024,117.6,"Travel tours"
2024,215.3,"Other cultural and recreational services"
2024,161,"Spectator entertainment (excluding video and audio subscription services)"
2024,254.4,"Video and audio subscription services"
2024,189.2,"Use of recreational facilities and services"
2024,182,"Education and reading"
2024,185.2,"Education"
2024,192.2,"Tuition fees"
2024,163.2,"School textbooks and supplies"
2024,171.8,"Other lessons, courses and education services"
2024,183.2,"Reading material (excluding textbooks)"
2024,248.1,"Newspapers"
2024,187.6,"Magazines and periodicals"
2024,136.8,"Books and reading material (excluding textbooks)"
2024,196.2,"Alcoholic beverages, tobacco products and recreational cannabis"
2024,149,"Alcoholic beverages"
2024,167.9,"Alcoholic beverages served in licensed establishments"
2024,179.1,"Beer served in licensed establishments"
2024,140.1,"Wine served in licensed establishments"
2024,170.2,"Liquor served in licensed establishments"
2024,141.2,"Alcoholic beverages purchased from stores"
2024,154.1,"Beer purchased from stores"
2024,125.9,"Wine purchased from stores"
2024,136.1,"Liquor purchased from stores"
2024,322.5,"Tobacco products and smokers' supplies"
2024,323.7,"Cigarettes"
2024,314.2,"Other tobacco products and smokers' supplies"
2024,155.7,"All-items excluding food"
2024,151.1,"All-items excluding food and energy"
2024,160.8,"All-items excluding mortgage interest cost"
2024,159.7,"All-items excluding alcoholic beverages, tobacco products and smokers' supplies and recreational cannabis"
2024,153.1,"All-items excluding shelter"
2024,157.5,"All-items excluding energy"
2024,158.5,"All-items excluding gasoline"
2024,153.6,"Private transportation excluding gasoline"
2024,193.7,"Food and energy"
2024,177.7,"Fresh fruit and vegetables"
2024,204.3,"Energy"
2024,144.3,"Goods"
2024,103.4,"Durable goods"
2024,102.6,"Semi-durable goods"
2024,182.7,"Non-durable goods"
2024,116.2,"Goods excluding food purchased from stores and energy"
2024,177.1,"Services"
